noisy,clean
input/NOISY/AIBDV003-N01.wav,input/CLEAN/AIBDV003-N01.wav
input/NOISY/AIBDV003-N02.wav,input/CLEAN/AIBDV003-N02.wav
input/NOISY/AIBDV003-N03.wav,input/CLEAN/AIBDV003-N03.wav
input/NOISY/AIBDV003-N04.wav,input/CLEAN/AIBDV003-N04.wav
input/NOISY/AIBDV003-N05.wav,input/CLEAN/AIBDV003-N05.wav
input/NOISY/AIBDV003-N06.wav,input/CLEAN/AIBDV003-N06.wav
input/NOISY/AIBDV003-N07.wav,input/CLEAN/AIBDV003-N07.wav
input/NOISY/AIBDV003-N08.wav,input/CLEAN/AIBDV003-N08.wav
input/NOISY/AIBDV003-N09.wav,input/CLEAN/AIBDV003-N09.wav
input/NOISY/AIBDV003-N10.wav,input/CLEAN/AIBDV003-N10.wav
input/NOISY/AIBDV003-N11.wav,input/CLEAN/AIBDV003-N11.wav
input/NOISY/AIBDV003-N12.wav,input/CLEAN/AIBDV003-N12.wav
input/NOISY/AIBDV003-N13.wav,input/CLEAN/AIBDV003-N13.wav
input/NOISY/AIBDV003-N14.wav,input/CLEAN/AIBDV003-N14.wav
input/NOISY/AIBDV003-N15.wav,input/CLEAN/AIBDV003-N15.wav
input/NOISY/AIBDV003-N16.wav,input/CLEAN/AIBDV003-N16.wav
input/NOISY/AIBDV003-N17.wav,input/CLEAN/AIBDV003-N17.wav
input/NOISY/AIBDV003-N18.wav,input/CLEAN/AIBDV003-N18.wav
input/NOISY/AIBDV003-N19.wav,input/CLEAN/AIBDV003-N19.wav
input/NOISY/AIBDV003-N20.wav,input/CLEAN/AIBDV003-N20.wav
input/NOISY/AIBDV003-N21.wav,input/CLEAN/AIBDV003-N21.wav
input/NOISY/AIBDV003-N22.wav,input/CLEAN/AIBDV003-N22.wav
input/NOISY/AIBDV003-N23.wav,input/CLEAN/AIBDV003-N23.wav
input/NOISY/AIBDV003-N24.wav,input/CLEAN/AIBDV003-N24.wav
input/NOISY/AIBDV003-N25.wav,input/CLEAN/AIBDV003-N25.wav
input/NOISY/AIBDV003-N26.wav,input/CLEAN/AIBDV003-N26.wav
input/NOISY/AIBDV003-N27.wav,input/CLEAN/AIBDV003-N27.wav
input/NOISY/AIBDV003-N28.wav,input/CLEAN/AIBDV003-N28.wav
input/NOISY/AIBDV003-N29.wav,input/CLEAN/AIBDV003-N29.wav
input/NOISY/AIBDV003-N30.wav,input/CLEAN/AIBDV003-N30.wav
input/NOISY/AIBDV003-N31.wav,input/CLEAN/AIBDV003-N31.wav
input/NOISY/AIBDV003-N32.wav,input/CLEAN/AIBDV003-N32.wav
input/NOISY/AIBDV003-N33.wav,input/CLEAN/AIBDV003-N33.wav
input/NOISY/AIBDV003-N34.wav,input/CLEAN/AIBDV003-N34.wav
input/NOISY/AIBDV003-N35.wav,input/CLEAN/AIBDV003-N35.wav
input/NOISY/AIBDV003-N36.wav,input/CLEAN/AIBDV003-N36.wav
input/NOISY/AIBDV003-N37.wav,input/CLEAN/AIBDV003-N37.wav
input/NOISY/AIBDV003-N38.wav,input/CLEAN/AIBDV003-N38.wav
input/NOISY/AIBDV003-N39.wav,input/CLEAN/AIBDV003-N39.wav
input/NOISY/AIBDV003-N40.wav,input/CLEAN/AIBDV003-N40.wav
input/NOISY/AIBDV003-N41.wav,input/CLEAN/AIBDV003-N41.wav
input/NOISY/AIBDV003-N42.wav,input/CLEAN/AIBDV003-N42.wav
input/NOISY/AIBDV003-N43.wav,input/CLEAN/AIBDV003-N43.wav
input/NOISY/AIBDV003-N44.wav,input/CLEAN/AIBDV003-N44.wav
input/NOISY/AIBDV003-N45.wav,input/CLEAN/AIBDV003-N45.wav
input/NOISY/AIBDV003-N46.wav,input/CLEAN/AIBDV003-N46.wav
input/NOISY/AIBDV003-N47.wav,input/CLEAN/AIBDV003-N47.wav
input/NOISY/AIBDV004-N01.wav,input/CLEAN/AIBDV004-N01.wav
input/NOISY/AIBDV004-N02.wav,input/CLEAN/AIBDV004-N02.wav
input/NOISY/AIBDV004-N03.wav,input/CLEAN/AIBDV004-N03.wav
input/NOISY/AIBDV004-N04.wav,input/CLEAN/AIBDV004-N04.wav
input/NOISY/AIBDV004-N05.wav,input/CLEAN/AIBDV004-N05.wav
input/NOISY/AIBDV004-N06.wav,input/CLEAN/AIBDV004-N06.wav
input/NOISY/AIBDV004-N07.wav,input/CLEAN/AIBDV004-N07.wav
input/NOISY/AIBDV004-N08.wav,input/CLEAN/AIBDV004-N08.wav
input/NOISY/AIBDV004-N09.wav,input/CLEAN/AIBDV004-N09.wav
input/NOISY/AIBDV004-N10.wav,input/CLEAN/AIBDV004-N10.wav
input/NOISY/AIBDV004-N11.wav,input/CLEAN/AIBDV004-N11.wav
input/NOISY/AIBDV004-N12.wav,input/CLEAN/AIBDV004-N12.wav
input/NOISY/AIBDV004-N13.wav,input/CLEAN/AIBDV004-N13.wav
input/NOISY/AIBDV004-N14.wav,input/CLEAN/AIBDV004-N14.wav
input/NOISY/AIBDV004-N15.wav,input/CLEAN/AIBDV004-N15.wav
input/NOISY/AIBDV004-N16.wav,input/CLEAN/AIBDV004-N16.wav
input/NOISY/AIBDV004-N17.wav,input/CLEAN/AIBDV004-N17.wav
input/NOISY/AIBDV004-N18.wav,input/CLEAN/AIBDV004-N18.wav
input/NOISY/AIBDV004-N19.wav,input/CLEAN/AIBDV004-N19.wav
input/NOISY/AIBDV004-N20.wav,input/CLEAN/AIBDV004-N20.wav
input/NOISY/AIBDV004-N21.wav,input/CLEAN/AIBDV004-N21.wav
input/NOISY/AIBDV004-N22.wav,input/CLEAN/AIBDV004-N22.wav
input/NOISY/AIBDV004-N23.wav,input/CLEAN/AIBDV004-N23.wav
input/NOISY/AIBDV004-N24.wav,input/CLEAN/AIBDV004-N24.wav
input/NOISY/AIBDV004-N25.wav,input/CLEAN/AIBDV004-N25.wav
input/NOISY/AIBDV004-N26.wav,input/CLEAN/AIBDV004-N26.wav
input/NOISY/AIBDV004-N27.wav,input/CLEAN/AIBDV004-N27.wav
input/NOISY/AIBDV004-N28.wav,input/CLEAN/AIBDV004-N28.wav
input/NOISY/AIBDV004-N29.wav,input/CLEAN/AIBDV004-N29.wav
input/NOISY/AIBDV004-N30.wav,input/CLEAN/AIBDV004-N30.wav
input/NOISY/AIBDV004-N31.wav,input/CLEAN/AIBDV004-N31.wav
input/NOISY/AIBDV004-N32.wav,input/CLEAN/AIBDV004-N32.wav
input/NOISY/AIBDV004-N33.wav,input/CLEAN/AIBDV004-N33.wav
input/NOISY/AIBDV004-N34.wav,input/CLEAN/AIBDV004-N34.wav
input/NOISY/AIBDV004-N35.wav,input/CLEAN/AIBDV004-N35.wav
input/NOISY/AIBDV004-N36.wav,input/CLEAN/AIBDV004-N36.wav
input/NOISY/AIBDV004-N37.wav,input/CLEAN/AIBDV004-N37.wav
input/NOISY/AIBDV004-N38.wav,input/CLEAN/AIBDV004-N38.wav
input/NOISY/AIBDV004-N39.wav,input/CLEAN/AIBDV004-N39.wav
input/NOISY/AIBDV004-N40.wav,input/CLEAN/AIBDV004-N40.wav
input/NOISY/AIBDV004-N41.wav,input/CLEAN/AIBDV004-N41.wav
input/NOISY/AIBDV004-N42.wav,input/CLEAN/AIBDV004-N42.wav
input/NOISY/AIBDV004-N43.wav,input/CLEAN/AIBDV004-N43.wav
input/NOISY/AIBDV004-N44.wav,input/CLEAN/AIBDV004-N44.wav
input/NOISY/AIBDV004-N45.wav,input/CLEAN/AIBDV004-N45.wav
input/NOISY/AIBDV004-N46.wav,input/CLEAN/AIBDV004-N46.wav
input/NOISY/AIBDV004-N47.wav,input/CLEAN/AIBDV004-N47.wav
input/NOISY/AIBDV005-N01.wav,input/CLEAN/AIBDV005-N01.wav
input/NOISY/AIBDV005-N02.wav,input/CLEAN/AIBDV005-N02.wav
input/NOISY/AIBDV005-N03.wav,input/CLEAN/AIBDV005-N03.wav
input/NOISY/AIBDV005-N04.wav,input/CLEAN/AIBDV005-N04.wav
input/NOISY/AIBDV005-N05.wav,input/CLEAN/AIBDV005-N05.wav
input/NOISY/AIBDV005-N06.wav,input/CLEAN/AIBDV005-N06.wav
input/NOISY/AIBDV005-N07.wav,input/CLEAN/AIBDV005-N07.wav
input/NOISY/AIBDV005-N08.wav,input/CLEAN/AIBDV005-N08.wav
input/NOISY/AIBDV005-N09.wav,input/CLEAN/AIBDV005-N09.wav
input/NOISY/AIBDV005-N10.wav,input/CLEAN/AIBDV005-N10.wav
input/NOISY/AIBDV005-N11.wav,input/CLEAN/AIBDV005-N11.wav
input/NOISY/AIBDV005-N12.wav,input/CLEAN/AIBDV005-N12.wav
input/NOISY/AIBDV005-N13.wav,input/CLEAN/AIBDV005-N13.wav
input/NOISY/AIBDV005-N14.wav,input/CLEAN/AIBDV005-N14.wav
input/NOISY/AIBDV005-N15.wav,input/CLEAN/AIBDV005-N15.wav
input/NOISY/AIBDV005-N16.wav,input/CLEAN/AIBDV005-N16.wav
input/NOISY/AIBDV005-N17.wav,input/CLEAN/AIBDV005-N17.wav
input/NOISY/AIBDV005-N18.wav,input/CLEAN/AIBDV005-N18.wav
input/NOISY/AIBDV005-N19.wav,input/CLEAN/AIBDV005-N19.wav
input/NOISY/AIBDV005-N20.wav,input/CLEAN/AIBDV005-N20.wav
input/NOISY/AIBDV005-N21.wav,input/CLEAN/AIBDV005-N21.wav
input/NOISY/AIBDV005-N22.wav,input/CLEAN/AIBDV005-N22.wav
input/NOISY/AIBDV005-N23.wav,input/CLEAN/AIBDV005-N23.wav
input/NOISY/AIBDV005-N24.wav,input/CLEAN/AIBDV005-N24.wav
input/NOISY/AIBDV005-N25.wav,input/CLEAN/AIBDV005-N25.wav
input/NOISY/AIBDV005-N26.wav,input/CLEAN/AIBDV005-N26.wav
input/NOISY/AIBDV005-N27.wav,input/CLEAN/AIBDV005-N27.wav
input/NOISY/AIBDV005-N28.wav,input/CLEAN/AIBDV005-N28.wav
input/NOISY/AIBDV005-N29.wav,input/CLEAN/AIBDV005-N29.wav
input/NOISY/AIBDV005-N30.wav,input/CLEAN/AIBDV005-N30.wav
input/NOISY/AIBDV005-N31.wav,input/CLEAN/AIBDV005-N31.wav
input/NOISY/AIBDV005-N32.wav,input/CLEAN/AIBDV005-N32.wav
input/NOISY/AIBDV005-N33.wav,input/CLEAN/AIBDV005-N33.wav
input/NOISY/AIBDV005-N34.wav,input/CLEAN/AIBDV005-N34.wav
input/NOISY/AIBDV005-N35.wav,input/CLEAN/AIBDV005-N35.wav
input/NOISY/AIBDV005-N36.wav,input/CLEAN/AIBDV005-N36.wav
input/NOISY/AIBDV005-N37.wav,input/CLEAN/AIBDV005-N37.wav
input/NOISY/AIBDV005-N38.wav,input/CLEAN/AIBDV005-N38.wav
input/NOISY/AIBDV005-N39.wav,input/CLEAN/AIBDV005-N39.wav
input/NOISY/AIBDV005-N40.wav,input/CLEAN/AIBDV005-N40.wav
input/NOISY/AIBDV005-N41.wav,input/CLEAN/AIBDV005-N41.wav
input/NOISY/AIBDV005-N42.wav,input/CLEAN/AIBDV005-N42.wav
input/NOISY/AIBDV005-N43.wav,input/CLEAN/AIBDV005-N43.wav
input/NOISY/AIBDV005-N44.wav,input/CLEAN/AIBDV005-N44.wav
input/NOISY/AIBDV005-N45.wav,input/CLEAN/AIBDV005-N45.wav
input/NOISY/AIBDV005-N46.wav,input/CLEAN/AIBDV005-N46.wav
input/NOISY/AIBDV005-N47.wav,input/CLEAN/AIBDV005-N47.wav
input/NOISY/AIBDV006-N01.wav,input/CLEAN/AIBDV006-N01.wav
input/NOISY/AIBDV006-N02.wav,input/CLEAN/AIBDV006-N02.wav
input/NOISY/AIBDV006-N03.wav,input/CLEAN/AIBDV006-N03.wav
input/NOISY/AIBDV006-N04.wav,input/CLEAN/AIBDV006-N04.wav
input/NOISY/AIBDV006-N05.wav,input/CLEAN/AIBDV006-N05.wav
input/NOISY/AIBDV006-N06.wav,input/CLEAN/AIBDV006-N06.wav
input/NOISY/AIBDV006-N07.wav,input/CLEAN/AIBDV006-N07.wav
input/NOISY/AIBDV006-N08.wav,input/CLEAN/AIBDV006-N08.wav
input/NOISY/AIBDV006-N09.wav,input/CLEAN/AIBDV006-N09.wav
input/NOISY/AIBDV006-N10.wav,input/CLEAN/AIBDV006-N10.wav
input/NOISY/AIBDV006-N11.wav,input/CLEAN/AIBDV006-N11.wav
input/NOISY/AIBDV006-N12.wav,input/CLEAN/AIBDV006-N12.wav
input/NOISY/AIBDV006-N13.wav,input/CLEAN/AIBDV006-N13.wav
input/NOISY/AIBDV006-N14.wav,input/CLEAN/AIBDV006-N14.wav
input/NOISY/AIBDV006-N15.wav,input/CLEAN/AIBDV006-N15.wav
input/NOISY/AIBDV006-N16.wav,input/CLEAN/AIBDV006-N16.wav
input/NOISY/AIBDV006-N17.wav,input/CLEAN/AIBDV006-N17.wav
input/NOISY/AIBDV006-N18.wav,input/CLEAN/AIBDV006-N18.wav
input/NOISY/AIBDV006-N19.wav,input/CLEAN/AIBDV006-N19.wav
input/NOISY/AIBDV006-N20.wav,input/CLEAN/AIBDV006-N20.wav
input/NOISY/AIBDV006-N21.wav,input/CLEAN/AIBDV006-N21.wav
input/NOISY/AIBDV006-N22.wav,input/CLEAN/AIBDV006-N22.wav
input/NOISY/AIBDV006-N23.wav,input/CLEAN/AIBDV006-N23.wav
input/NOISY/AIBDV006-N24.wav,input/CLEAN/AIBDV006-N24.wav
input/NOISY/AIBDV006-N25.wav,input/CLEAN/AIBDV006-N25.wav
input/NOISY/AIBDV006-N26.wav,input/CLEAN/AIBDV006-N26.wav
input/NOISY/AIBDV006-N27.wav,input/CLEAN/AIBDV006-N27.wav
input/NOISY/AIBDV006-N28.wav,input/CLEAN/AIBDV006-N28.wav
input/NOISY/AIBDV006-N29.wav,input/CLEAN/AIBDV006-N29.wav
input/NOISY/AIBDV006-N30.wav,input/CLEAN/AIBDV006-N30.wav
input/NOISY/AIBDV006-N31.wav,input/CLEAN/AIBDV006-N31.wav
input/NOISY/AIBDV006-N32.wav,input/CLEAN/AIBDV006-N32.wav
input/NOISY/AIBDV006-N33.wav,input/CLEAN/AIBDV006-N33.wav
input/NOISY/AIBDV006-N34.wav,input/CLEAN/AIBDV006-N34.wav
input/NOISY/AIBDV006-N35.wav,input/CLEAN/AIBDV006-N35.wav
input/NOISY/AIBDV006-N36.wav,input/CLEAN/AIBDV006-N36.wav
input/NOISY/AIBDV006-N37.wav,input/CLEAN/AIBDV006-N37.wav
input/NOISY/AIBDV006-N38.wav,input/CLEAN/AIBDV006-N38.wav
input/NOISY/AIBDV006-N39.wav,input/CLEAN/AIBDV006-N39.wav
input/NOISY/AIBDV006-N40.wav,input/CLEAN/AIBDV006-N40.wav
input/NOISY/AIBDV006-N41.wav,input/CLEAN/AIBDV006-N41.wav
input/NOISY/AIBDV006-N42.wav,input/CLEAN/AIBDV006-N42.wav
input/NOISY/AIBDV006-N43.wav,input/CLEAN/AIBDV006-N43.wav
input/NOISY/AIBDV006-N44.wav,input/CLEAN/AIBDV006-N44.wav
input/NOISY/AIBDV006-N45.wav,input/CLEAN/AIBDV006-N45.wav
input/NOISY/AIBDV006-N46.wav,input/CLEAN/AIBDV006-N46.wav
input/NOISY/AIBDV006-N47.wav,input/CLEAN/AIBDV006-N47.wav
input/NOISY/AIBDV007-N01.wav,input/CLEAN/AIBDV007-N01.wav
input/NOISY/AIBDV007-N02.wav,input/CLEAN/AIBDV007-N02.wav
input/NOISY/AIBDV007-N03.wav,input/CLEAN/AIBDV007-N03.wav
input/NOISY/AIBDV007-N04.wav,input/CLEAN/AIBDV007-N04.wav
input/NOISY/AIBDV007-N05.wav,input/CLEAN/AIBDV007-N05.wav
input/NOISY/AIBDV007-N06.wav,input/CLEAN/AIBDV007-N06.wav
input/NOISY/AIBDV007-N07.wav,input/CLEAN/AIBDV007-N07.wav
input/NOISY/AIBDV007-N08.wav,input/CLEAN/AIBDV007-N08.wav
input/NOISY/AIBDV007-N09.wav,input/CLEAN/AIBDV007-N09.wav
input/NOISY/AIBDV007-N10.wav,input/CLEAN/AIBDV007-N10.wav
input/NOISY/AIBDV007-N11.wav,input/CLEAN/AIBDV007-N11.wav
input/NOISY/AIBDV007-N12.wav,input/CLEAN/AIBDV007-N12.wav
input/NOISY/AIBDV007-N13.wav,input/CLEAN/AIBDV007-N13.wav
input/NOISY/AIBDV007-N14.wav,input/CLEAN/AIBDV007-N14.wav
input/NOISY/AIBDV007-N15.wav,input/CLEAN/AIBDV007-N15.wav
input/NOISY/AIBDV007-N16.wav,input/CLEAN/AIBDV007-N16.wav
input/NOISY/AIBDV007-N17.wav,input/CLEAN/AIBDV007-N17.wav
input/NOISY/AIBDV007-N18.wav,input/CLEAN/AIBDV007-N18.wav
input/NOISY/AIBDV007-N19.wav,input/CLEAN/AIBDV007-N19.wav
input/NOISY/AIBDV007-N20.wav,input/CLEAN/AIBDV007-N20.wav
input/NOISY/AIBDV007-N21.wav,input/CLEAN/AIBDV007-N21.wav
input/NOISY/AIBDV007-N22.wav,input/CLEAN/AIBDV007-N22.wav
input/NOISY/AIBDV007-N23.wav,input/CLEAN/AIBDV007-N23.wav
input/NOISY/AIBDV007-N24.wav,input/CLEAN/AIBDV007-N24.wav
input/NOISY/AIBDV007-N25.wav,input/CLEAN/AIBDV007-N25.wav
input/NOISY/AIBDV007-N26.wav,input/CLEAN/AIBDV007-N26.wav
input/NOISY/AIBDV007-N27.wav,input/CLEAN/AIBDV007-N27.wav
input/NOISY/AIBDV007-N28.wav,input/CLEAN/AIBDV007-N28.wav
input/NOISY/AIBDV007-N29.wav,input/CLEAN/AIBDV007-N29.wav
input/NOISY/AIBDV007-N30.wav,input/CLEAN/AIBDV007-N30.wav
input/NOISY/AIBDV007-N31.wav,input/CLEAN/AIBDV007-N31.wav
input/NOISY/AIBDV007-N32.wav,input/CLEAN/AIBDV007-N32.wav
input/NOISY/AIBDV007-N33.wav,input/CLEAN/AIBDV007-N33.wav
input/NOISY/AIBDV007-N34.wav,input/CLEAN/AIBDV007-N34.wav
input/NOISY/AIBDV007-N35.wav,input/CLEAN/AIBDV007-N35.wav
input/NOISY/AIBDV007-N36.wav,input/CLEAN/AIBDV007-N36.wav
input/NOISY/AIBDV007-N37.wav,input/CLEAN/AIBDV007-N37.wav
input/NOISY/AIBDV007-N38.wav,input/CLEAN/AIBDV007-N38.wav
input/NOISY/AIBDV007-N39.wav,input/CLEAN/AIBDV007-N39.wav
input/NOISY/AIBDV007-N40.wav,input/CLEAN/AIBDV007-N40.wav
input/NOISY/AIBDV007-N41.wav,input/CLEAN/AIBDV007-N41.wav
input/NOISY/AIBDV007-N42.wav,input/CLEAN/AIBDV007-N42.wav
input/NOISY/AIBDV007-N43.wav,input/CLEAN/AIBDV007-N43.wav
input/NOISY/AIBDV007-N44.wav,input/CLEAN/AIBDV007-N44.wav
input/NOISY/AIBDV007-N45.wav,input/CLEAN/AIBDV007-N45.wav
input/NOISY/AIBDV007-N46.wav,input/CLEAN/AIBDV007-N46.wav
input/NOISY/AIBDV007-N47.wav,input/CLEAN/AIBDV007-N47.wav
input/NOISY/AIBDV008-N01.wav,input/CLEAN/AIBDV008-N01.wav
input/NOISY/AIBDV008-N02.wav,input/CLEAN/AIBDV008-N02.wav
input/NOISY/AIBDV008-N03.wav,input/CLEAN/AIBDV008-N03.wav
input/NOISY/AIBDV008-N04.wav,input/CLEAN/AIBDV008-N04.wav
input/NOISY/AIBDV008-N05.wav,input/CLEAN/AIBDV008-N05.wav
input/NOISY/AIBDV008-N06.wav,input/CLEAN/AIBDV008-N06.wav
input/NOISY/AIBDV008-N07.wav,input/CLEAN/AIBDV008-N07.wav
input/NOISY/AIBDV008-N08.wav,input/CLEAN/AIBDV008-N08.wav
input/NOISY/AIBDV008-N09.wav,input/CLEAN/AIBDV008-N09.wav
input/NOISY/AIBDV008-N10.wav,input/CLEAN/AIBDV008-N10.wav
input/NOISY/AIBDV008-N11.wav,input/CLEAN/AIBDV008-N11.wav
input/NOISY/AIBDV008-N12.wav,input/CLEAN/AIBDV008-N12.wav
input/NOISY/AIBDV008-N13.wav,input/CLEAN/AIBDV008-N13.wav
input/NOISY/AIBDV008-N14.wav,input/CLEAN/AIBDV008-N14.wav
input/NOISY/AIBDV008-N15.wav,input/CLEAN/AIBDV008-N15.wav
input/NOISY/AIBDV008-N16.wav,input/CLEAN/AIBDV008-N16.wav
input/NOISY/AIBDV008-N17.wav,input/CLEAN/AIBDV008-N17.wav
input/NOISY/AIBDV008-N18.wav,input/CLEAN/AIBDV008-N18.wav
input/NOISY/AIBDV008-N19.wav,input/CLEAN/AIBDV008-N19.wav
input/NOISY/AIBDV008-N20.wav,input/CLEAN/AIBDV008-N20.wav
input/NOISY/AIBDV008-N21.wav,input/CLEAN/AIBDV008-N21.wav
input/NOISY/AIBDV008-N22.wav,input/CLEAN/AIBDV008-N22.wav
input/NOISY/AIBDV008-N23.wav,input/CLEAN/AIBDV008-N23.wav
input/NOISY/AIBDV008-N24.wav,input/CLEAN/AIBDV008-N24.wav
input/NOISY/AIBDV008-N25.wav,input/CLEAN/AIBDV008-N25.wav
input/NOISY/AIBDV008-N26.wav,input/CLEAN/AIBDV008-N26.wav
input/NOISY/AIBDV008-N27.wav,input/CLEAN/AIBDV008-N27.wav
input/NOISY/AIBDV008-N28.wav,input/CLEAN/AIBDV008-N28.wav
input/NOISY/AIBDV008-N29.wav,input/CLEAN/AIBDV008-N29.wav
input/NOISY/AIBDV008-N30.wav,input/CLEAN/AIBDV008-N30.wav
input/NOISY/AIBDV008-N31.wav,input/CLEAN/AIBDV008-N31.wav
input/NOISY/AIBDV008-N32.wav,input/CLEAN/AIBDV008-N32.wav
input/NOISY/AIBDV008-N33.wav,input/CLEAN/AIBDV008-N33.wav
input/NOISY/AIBDV008-N34.wav,input/CLEAN/AIBDV008-N34.wav
input/NOISY/AIBDV008-N35.wav,input/CLEAN/AIBDV008-N35.wav
input/NOISY/AIBDV008-N36.wav,input/CLEAN/AIBDV008-N36.wav
input/NOISY/AIBDV008-N37.wav,input/CLEAN/AIBDV008-N37.wav
input/NOISY/AIBDV008-N38.wav,input/CLEAN/AIBDV008-N38.wav
input/NOISY/AIBDV008-N39.wav,input/CLEAN/AIBDV008-N39.wav
input/NOISY/AIBDV008-N40.wav,input/CLEAN/AIBDV008-N40.wav
input/NOISY/AIBDV008-N41.wav,input/CLEAN/AIBDV008-N41.wav
input/NOISY/AIBDV008-N42.wav,input/CLEAN/AIBDV008-N42.wav
input/NOISY/AIBDV008-N43.wav,input/CLEAN/AIBDV008-N43.wav
input/NOISY/AIBDV008-N44.wav,input/CLEAN/AIBDV008-N44.wav
input/NOISY/AIBDV008-N45.wav,input/CLEAN/AIBDV008-N45.wav
input/NOISY/AIBDV008-N46.wav,input/CLEAN/AIBDV008-N46.wav
input/NOISY/AIBDV008-N47.wav,input/CLEAN/AIBDV008-N47.wav
input/NOISY/AIBDV009-N01.wav,input/CLEAN/AIBDV009-N01.wav
input/NOISY/AIBDV009-N02.wav,input/CLEAN/AIBDV009-N02.wav
input/NOISY/AIBDV009-N03.wav,input/CLEAN/AIBDV009-N03.wav
input/NOISY/AIBDV009-N04.wav,input/CLEAN/AIBDV009-N04.wav
input/NOISY/AIBDV009-N05.wav,input/CLEAN/AIBDV009-N05.wav
input/NOISY/AIBDV009-N06.wav,input/CLEAN/AIBDV009-N06.wav
input/NOISY/AIBDV009-N07.wav,input/CLEAN/AIBDV009-N07.wav
input/NOISY/AIBDV009-N08.wav,input/CLEAN/AIBDV009-N08.wav
input/NOISY/AIBDV009-N09.wav,input/CLEAN/AIBDV009-N09.wav
input/NOISY/AIBDV009-N10.wav,input/CLEAN/AIBDV009-N10.wav
input/NOISY/AIBDV009-N11.wav,input/CLEAN/AIBDV009-N11.wav
input/NOISY/AIBDV009-N12.wav,input/CLEAN/AIBDV009-N12.wav
input/NOISY/AIBDV009-N13.wav,input/CLEAN/AIBDV009-N13.wav
input/NOISY/AIBDV009-N14.wav,input/CLEAN/AIBDV009-N14.wav
input/NOISY/AIBDV009-N15.wav,input/CLEAN/AIBDV009-N15.wav
input/NOISY/AIBDV009-N16.wav,input/CLEAN/AIBDV009-N16.wav
input/NOISY/AIBDV009-N17.wav,input/CLEAN/AIBDV009-N17.wav
input/NOISY/AIBDV009-N18.wav,input/CLEAN/AIBDV009-N18.wav
input/NOISY/AIBDV009-N19.wav,input/CLEAN/AIBDV009-N19.wav
input/NOISY/AIBDV009-N20.wav,input/CLEAN/AIBDV009-N20.wav
input/NOISY/AIBDV009-N21.wav,input/CLEAN/AIBDV009-N21.wav
input/NOISY/AIBDV009-N22.wav,input/CLEAN/AIBDV009-N22.wav
input/NOISY/AIBDV009-N23.wav,input/CLEAN/AIBDV009-N23.wav
input/NOISY/AIBDV009-N24.wav,input/CLEAN/AIBDV009-N24.wav
input/NOISY/AIBDV009-N25.wav,input/CLEAN/AIBDV009-N25.wav
input/NOISY/AIBDV009-N26.wav,input/CLEAN/AIBDV009-N26.wav
input/NOISY/AIBDV009-N27.wav,input/CLEAN/AIBDV009-N27.wav
input/NOISY/AIBDV009-N28.wav,input/CLEAN/AIBDV009-N28.wav
input/NOISY/AIBDV009-N29.wav,input/CLEAN/AIBDV009-N29.wav
input/NOISY/AIBDV009-N30.wav,input/CLEAN/AIBDV009-N30.wav
input/NOISY/AIBDV009-N31.wav,input/CLEAN/AIBDV009-N31.wav
input/NOISY/AIBDV009-N32.wav,input/CLEAN/AIBDV009-N32.wav
input/NOISY/AIBDV009-N33.wav,input/CLEAN/AIBDV009-N33.wav
input/NOISY/AIBDV009-N34.wav,input/CLEAN/AIBDV009-N34.wav
input/NOISY/AIBDV009-N35.wav,input/CLEAN/AIBDV009-N35.wav
input/NOISY/AIBDV009-N36.wav,input/CLEAN/AIBDV009-N36.wav
input/NOISY/AIBDV009-N37.wav,input/CLEAN/AIBDV009-N37.wav
input/NOISY/AIBDV009-N38.wav,input/CLEAN/AIBDV009-N38.wav
input/NOISY/AIBDV009-N39.wav,input/CLEAN/AIBDV009-N39.wav
input/NOISY/AIBDV009-N40.wav,input/CLEAN/AIBDV009-N40.wav
input/NOISY/AIBDV009-N41.wav,input/CLEAN/AIBDV009-N41.wav
input/NOISY/AIBDV009-N42.wav,input/CLEAN/AIBDV009-N42.wav
input/NOISY/AIBDV009-N43.wav,input/CLEAN/AIBDV009-N43.wav
input/NOISY/AIBDV009-N44.wav,input/CLEAN/AIBDV009-N44.wav
input/NOISY/AIBDV009-N45.wav,input/CLEAN/AIBDV009-N45.wav
input/NOISY/AIBDV009-N46.wav,input/CLEAN/AIBDV009-N46.wav
input/NOISY/AIBDV009-N47.wav,input/CLEAN/AIBDV009-N47.wav
input/NOISY/AIBDV010-N01.wav,input/CLEAN/AIBDV010-N01.wav
input/NOISY/AIBDV010-N02.wav,input/CLEAN/AIBDV010-N02.wav
input/NOISY/AIBDV010-N03.wav,input/CLEAN/AIBDV010-N03.wav
input/NOISY/AIBDV010-N04.wav,input/CLEAN/AIBDV010-N04.wav
input/NOISY/AIBDV010-N05.wav,input/CLEAN/AIBDV010-N05.wav
input/NOISY/AIBDV010-N06.wav,input/CLEAN/AIBDV010-N06.wav
input/NOISY/AIBDV010-N07.wav,input/CLEAN/AIBDV010-N07.wav
input/NOISY/AIBDV010-N08.wav,input/CLEAN/AIBDV010-N08.wav
input/NOISY/AIBDV010-N09.wav,input/CLEAN/AIBDV010-N09.wav
input/NOISY/AIBDV010-N10.wav,input/CLEAN/AIBDV010-N10.wav
input/NOISY/AIBDV010-N11.wav,input/CLEAN/AIBDV010-N11.wav
input/NOISY/AIBDV010-N12.wav,input/CLEAN/AIBDV010-N12.wav
input/NOISY/AIBDV010-N13.wav,input/CLEAN/AIBDV010-N13.wav
input/NOISY/AIBDV010-N14.wav,input/CLEAN/AIBDV010-N14.wav
input/NOISY/AIBDV010-N15.wav,input/CLEAN/AIBDV010-N15.wav
input/NOISY/AIBDV010-N16.wav,input/CLEAN/AIBDV010-N16.wav
input/NOISY/AIBDV010-N17.wav,input/CLEAN/AIBDV010-N17.wav
input/NOISY/AIBDV010-N18.wav,input/CLEAN/AIBDV010-N18.wav
input/NOISY/AIBDV010-N19.wav,input/CLEAN/AIBDV010-N19.wav
input/NOISY/AIBDV010-N20.wav,input/CLEAN/AIBDV010-N20.wav
input/NOISY/AIBDV010-N21.wav,input/CLEAN/AIBDV010-N21.wav
input/NOISY/AIBDV010-N22.wav,input/CLEAN/AIBDV010-N22.wav
input/NOISY/AIBDV010-N23.wav,input/CLEAN/AIBDV010-N23.wav
input/NOISY/AIBDV010-N24.wav,input/CLEAN/AIBDV010-N24.wav
input/NOISY/AIBDV010-N25.wav,input/CLEAN/AIBDV010-N25.wav
input/NOISY/AIBDV010-N26.wav,input/CLEAN/AIBDV010-N26.wav
input/NOISY/AIBDV010-N27.wav,input/CLEAN/AIBDV010-N27.wav
input/NOISY/AIBDV010-N28.wav,input/CLEAN/AIBDV010-N28.wav
input/NOISY/AIBDV010-N29.wav,input/CLEAN/AIBDV010-N29.wav
input/NOISY/AIBDV010-N30.wav,input/CLEAN/AIBDV010-N30.wav
input/NOISY/AIBDV010-N31.wav,input/CLEAN/AIBDV010-N31.wav
input/NOISY/AIBDV010-N32.wav,input/CLEAN/AIBDV010-N32.wav
input/NOISY/AIBDV010-N33.wav,input/CLEAN/AIBDV010-N33.wav
input/NOISY/AIBDV010-N34.wav,input/CLEAN/AIBDV010-N34.wav
input/NOISY/AIBDV010-N35.wav,input/CLEAN/AIBDV010-N35.wav
input/NOISY/AIBDV010-N36.wav,input/CLEAN/AIBDV010-N36.wav
input/NOISY/AIBDV010-N37.wav,input/CLEAN/AIBDV010-N37.wav
input/NOISY/AIBDV010-N38.wav,input/CLEAN/AIBDV010-N38.wav
input/NOISY/AIBDV010-N39.wav,input/CLEAN/AIBDV010-N39.wav
input/NOISY/AIBDV010-N40.wav,input/CLEAN/AIBDV010-N40.wav
input/NOISY/AIBDV010-N41.wav,input/CLEAN/AIBDV010-N41.wav
input/NOISY/AIBDV010-N42.wav,input/CLEAN/AIBDV010-N42.wav
input/NOISY/AIBDV010-N43.wav,input/CLEAN/AIBDV010-N43.wav
input/NOISY/AIBDV010-N44.wav,input/CLEAN/AIBDV010-N44.wav
input/NOISY/AIBDV010-N45.wav,input/CLEAN/AIBDV010-N45.wav
input/NOISY/AIBDV010-N46.wav,input/CLEAN/AIBDV010-N46.wav
input/NOISY/AIBDV010-N47.wav,input/CLEAN/AIBDV010-N47.wav
input/NOISY/AIBDV011-N01.wav,input/CLEAN/AIBDV011-N01.wav
input/NOISY/AIBDV011-N02.wav,input/CLEAN/AIBDV011-N02.wav
input/NOISY/AIBDV011-N03.wav,input/CLEAN/AIBDV011-N03.wav
input/NOISY/AIBDV011-N04.wav,input/CLEAN/AIBDV011-N04.wav
input/NOISY/AIBDV011-N05.wav,input/CLEAN/AIBDV011-N05.wav
input/NOISY/AIBDV011-N06.wav,input/CLEAN/AIBDV011-N06.wav
input/NOISY/AIBDV011-N07.wav,input/CLEAN/AIBDV011-N07.wav
input/NOISY/AIBDV011-N08.wav,input/CLEAN/AIBDV011-N08.wav
input/NOISY/AIBDV011-N09.wav,input/CLEAN/AIBDV011-N09.wav
input/NOISY/AIBDV011-N10.wav,input/CLEAN/AIBDV011-N10.wav
input/NOISY/AIBDV011-N11.wav,input/CLEAN/AIBDV011-N11.wav
input/NOISY/AIBDV011-N12.wav,input/CLEAN/AIBDV011-N12.wav
input/NOISY/AIBDV011-N13.wav,input/CLEAN/AIBDV011-N13.wav
input/NOISY/AIBDV011-N14.wav,input/CLEAN/AIBDV011-N14.wav
input/NOISY/AIBDV011-N15.wav,input/CLEAN/AIBDV011-N15.wav
input/NOISY/AIBDV011-N16.wav,input/CLEAN/AIBDV011-N16.wav
input/NOISY/AIBDV011-N17.wav,input/CLEAN/AIBDV011-N17.wav
input/NOISY/AIBDV011-N18.wav,input/CLEAN/AIBDV011-N18.wav
input/NOISY/AIBDV011-N19.wav,input/CLEAN/AIBDV011-N19.wav
input/NOISY/AIBDV011-N20.wav,input/CLEAN/AIBDV011-N20.wav
input/NOISY/AIBDV011-N21.wav,input/CLEAN/AIBDV011-N21.wav
input/NOISY/AIBDV011-N22.wav,input/CLEAN/AIBDV011-N22.wav
input/NOISY/AIBDV011-N23.wav,input/CLEAN/AIBDV011-N23.wav
input/NOISY/AIBDV011-N24.wav,input/CLEAN/AIBDV011-N24.wav
input/NOISY/AIBDV011-N25.wav,input/CLEAN/AIBDV011-N25.wav
input/NOISY/AIBDV011-N26.wav,input/CLEAN/AIBDV011-N26.wav
input/NOISY/AIBDV011-N27.wav,input/CLEAN/AIBDV011-N27.wav
input/NOISY/AIBDV011-N28.wav,input/CLEAN/AIBDV011-N28.wav
input/NOISY/AIBDV011-N29.wav,input/CLEAN/AIBDV011-N29.wav
input/NOISY/AIBDV011-N30.wav,input/CLEAN/AIBDV011-N30.wav
input/NOISY/AIBDV011-N31.wav,input/CLEAN/AIBDV011-N31.wav
input/NOISY/AIBDV011-N32.wav,input/CLEAN/AIBDV011-N32.wav
input/NOISY/AIBDV011-N33.wav,input/CLEAN/AIBDV011-N33.wav
input/NOISY/AIBDV011-N34.wav,input/CLEAN/AIBDV011-N34.wav
input/NOISY/AIBDV011-N35.wav,input/CLEAN/AIBDV011-N35.wav
input/NOISY/AIBDV011-N36.wav,input/CLEAN/AIBDV011-N36.wav
input/NOISY/AIBDV011-N37.wav,input/CLEAN/AIBDV011-N37.wav
input/NOISY/AIBDV011-N38.wav,input/CLEAN/AIBDV011-N38.wav
input/NOISY/AIBDV011-N39.wav,input/CLEAN/AIBDV011-N39.wav
input/NOISY/AIBDV011-N40.wav,input/CLEAN/AIBDV011-N40.wav
input/NOISY/AIBDV011-N41.wav,input/CLEAN/AIBDV011-N41.wav
input/NOISY/AIBDV011-N42.wav,input/CLEAN/AIBDV011-N42.wav
input/NOISY/AIBDV011-N43.wav,input/CLEAN/AIBDV011-N43.wav
input/NOISY/AIBDV011-N44.wav,input/CLEAN/AIBDV011-N44.wav
input/NOISY/AIBDV011-N45.wav,input/CLEAN/AIBDV011-N45.wav
input/NOISY/AIBDV011-N46.wav,input/CLEAN/AIBDV011-N46.wav
input/NOISY/AIBDV011-N47.wav,input/CLEAN/AIBDV011-N47.wav
input/NOISY/AIBDV012-N01.wav,input/CLEAN/AIBDV012-N01.wav
input/NOISY/AIBDV012-N02.wav,input/CLEAN/AIBDV012-N02.wav
input/NOISY/AIBDV012-N03.wav,input/CLEAN/AIBDV012-N03.wav
input/NOISY/AIBDV012-N04.wav,input/CLEAN/AIBDV012-N04.wav
input/NOISY/AIBDV012-N05.wav,input/CLEAN/AIBDV012-N05.wav
input/NOISY/AIBDV012-N06.wav,input/CLEAN/AIBDV012-N06.wav
input/NOISY/AIBDV012-N07.wav,input/CLEAN/AIBDV012-N07.wav
input/NOISY/AIBDV012-N08.wav,input/CLEAN/AIBDV012-N08.wav
input/NOISY/AIBDV012-N09.wav,input/CLEAN/AIBDV012-N09.wav
input/NOISY/AIBDV012-N10.wav,input/CLEAN/AIBDV012-N10.wav
input/NOISY/AIBDV012-N11.wav,input/CLEAN/AIBDV012-N11.wav
input/NOISY/AIBDV012-N12.wav,input/CLEAN/AIBDV012-N12.wav
input/NOISY/AIBDV012-N13.wav,input/CLEAN/AIBDV012-N13.wav
input/NOISY/AIBDV012-N14.wav,input/CLEAN/AIBDV012-N14.wav
input/NOISY/AIBDV012-N15.wav,input/CLEAN/AIBDV012-N15.wav
input/NOISY/AIBDV012-N16.wav,input/CLEAN/AIBDV012-N16.wav
input/NOISY/AIBDV012-N17.wav,input/CLEAN/AIBDV012-N17.wav
input/NOISY/AIBDV012-N18.wav,input/CLEAN/AIBDV012-N18.wav
input/NOISY/AIBDV012-N19.wav,input/CLEAN/AIBDV012-N19.wav
input/NOISY/AIBDV012-N20.wav,input/CLEAN/AIBDV012-N20.wav
input/NOISY/AIBDV012-N21.wav,input/CLEAN/AIBDV012-N21.wav
input/NOISY/AIBDV012-N22.wav,input/CLEAN/AIBDV012-N22.wav
input/NOISY/AIBDV012-N23.wav,input/CLEAN/AIBDV012-N23.wav
input/NOISY/AIBDV012-N24.wav,input/CLEAN/AIBDV012-N24.wav
input/NOISY/AIBDV012-N25.wav,input/CLEAN/AIBDV012-N25.wav
input/NOISY/AIBDV012-N26.wav,input/CLEAN/AIBDV012-N26.wav
input/NOISY/AIBDV012-N27.wav,input/CLEAN/AIBDV012-N27.wav
input/NOISY/AIBDV012-N28.wav,input/CLEAN/AIBDV012-N28.wav
input/NOISY/AIBDV012-N29.wav,input/CLEAN/AIBDV012-N29.wav
input/NOISY/AIBDV012-N30.wav,input/CLEAN/AIBDV012-N30.wav
input/NOISY/AIBDV012-N31.wav,input/CLEAN/AIBDV012-N31.wav
input/NOISY/AIBDV012-N32.wav,input/CLEAN/AIBDV012-N32.wav
input/NOISY/AIBDV012-N33.wav,input/CLEAN/AIBDV012-N33.wav
input/NOISY/AIBDV012-N34.wav,input/CLEAN/AIBDV012-N34.wav
input/NOISY/AIBDV012-N35.wav,input/CLEAN/AIBDV012-N35.wav
input/NOISY/AIBDV012-N36.wav,input/CLEAN/AIBDV012-N36.wav
input/NOISY/AIBDV012-N37.wav,input/CLEAN/AIBDV012-N37.wav
input/NOISY/AIBDV012-N38.wav,input/CLEAN/AIBDV012-N38.wav
input/NOISY/AIBDV012-N39.wav,input/CLEAN/AIBDV012-N39.wav
input/NOISY/AIBDV012-N40.wav,input/CLEAN/AIBDV012-N40.wav
input/NOISY/AIBDV012-N41.wav,input/CLEAN/AIBDV012-N41.wav
input/NOISY/AIBDV012-N42.wav,input/CLEAN/AIBDV012-N42.wav
input/NOISY/AIBDV012-N43.wav,input/CLEAN/AIBDV012-N43.wav
input/NOISY/AIBDV012-N44.wav,input/CLEAN/AIBDV012-N44.wav
input/NOISY/AIBDV012-N45.wav,input/CLEAN/AIBDV012-N45.wav
input/NOISY/AIBDV012-N46.wav,input/CLEAN/AIBDV012-N46.wav
input/NOISY/AIBDV012-N47.wav,input/CLEAN/AIBDV012-N47.wav
input/NOISY/AIBDV013-N01.wav,input/CLEAN/AIBDV013-N01.wav
input/NOISY/AIBDV013-N02.wav,input/CLEAN/AIBDV013-N02.wav
input/NOISY/AIBDV013-N03.wav,input/CLEAN/AIBDV013-N03.wav
input/NOISY/AIBDV013-N04.wav,input/CLEAN/AIBDV013-N04.wav
input/NOISY/AIBDV013-N05.wav,input/CLEAN/AIBDV013-N05.wav
input/NOISY/AIBDV013-N06.wav,input/CLEAN/AIBDV013-N06.wav
input/NOISY/AIBDV013-N07.wav,input/CLEAN/AIBDV013-N07.wav
input/NOISY/AIBDV013-N08.wav,input/CLEAN/AIBDV013-N08.wav
input/NOISY/AIBDV013-N09.wav,input/CLEAN/AIBDV013-N09.wav
input/NOISY/AIBDV013-N10.wav,input/CLEAN/AIBDV013-N10.wav
input/NOISY/AIBDV013-N11.wav,input/CLEAN/AIBDV013-N11.wav
input/NOISY/AIBDV013-N12.wav,input/CLEAN/AIBDV013-N12.wav
input/NOISY/AIBDV013-N13.wav,input/CLEAN/AIBDV013-N13.wav
input/NOISY/AIBDV013-N14.wav,input/CLEAN/AIBDV013-N14.wav
input/NOISY/AIBDV013-N15.wav,input/CLEAN/AIBDV013-N15.wav
input/NOISY/AIBDV013-N16.wav,input/CLEAN/AIBDV013-N16.wav
input/NOISY/AIBDV013-N17.wav,input/CLEAN/AIBDV013-N17.wav
input/NOISY/AIBDV013-N18.wav,input/CLEAN/AIBDV013-N18.wav
input/NOISY/AIBDV013-N19.wav,input/CLEAN/AIBDV013-N19.wav
input/NOISY/AIBDV013-N20.wav,input/CLEAN/AIBDV013-N20.wav
input/NOISY/AIBDV013-N21.wav,input/CLEAN/AIBDV013-N21.wav
input/NOISY/AIBDV013-N22.wav,input/CLEAN/AIBDV013-N22.wav
input/NOISY/AIBDV013-N23.wav,input/CLEAN/AIBDV013-N23.wav
input/NOISY/AIBDV013-N24.wav,input/CLEAN/AIBDV013-N24.wav
input/NOISY/AIBDV013-N25.wav,input/CLEAN/AIBDV013-N25.wav
input/NOISY/AIBDV013-N26.wav,input/CLEAN/AIBDV013-N26.wav
input/NOISY/AIBDV013-N27.wav,input/CLEAN/AIBDV013-N27.wav
input/NOISY/AIBDV013-N28.wav,input/CLEAN/AIBDV013-N28.wav
input/NOISY/AIBDV013-N29.wav,input/CLEAN/AIBDV013-N29.wav
input/NOISY/AIBDV013-N30.wav,input/CLEAN/AIBDV013-N30.wav
input/NOISY/AIBDV013-N31.wav,input/CLEAN/AIBDV013-N31.wav
input/NOISY/AIBDV013-N32.wav,input/CLEAN/AIBDV013-N32.wav
input/NOISY/AIBDV013-N33.wav,input/CLEAN/AIBDV013-N33.wav
input/NOISY/AIBDV013-N34.wav,input/CLEAN/AIBDV013-N34.wav
input/NOISY/AIBDV013-N35.wav,input/CLEAN/AIBDV013-N35.wav
input/NOISY/AIBDV013-N36.wav,input/CLEAN/AIBDV013-N36.wav
input/NOISY/AIBDV013-N37.wav,input/CLEAN/AIBDV013-N37.wav
input/NOISY/AIBDV013-N38.wav,input/CLEAN/AIBDV013-N38.wav
input/NOISY/AIBDV013-N39.wav,input/CLEAN/AIBDV013-N39.wav
input/NOISY/AIBDV013-N40.wav,input/CLEAN/AIBDV013-N40.wav
input/NOISY/AIBDV013-N41.wav,input/CLEAN/AIBDV013-N41.wav
input/NOISY/AIBDV013-N42.wav,input/CLEAN/AIBDV013-N42.wav
input/NOISY/AIBDV013-N43.wav,input/CLEAN/AIBDV013-N43.wav
input/NOISY/AIBDV013-N44.wav,input/CLEAN/AIBDV013-N44.wav
input/NOISY/AIBDV013-N45.wav,input/CLEAN/AIBDV013-N45.wav
input/NOISY/AIBDV013-N46.wav,input/CLEAN/AIBDV013-N46.wav
input/NOISY/AIBDV013-N47.wav,input/CLEAN/AIBDV013-N47.wav
input/NOISY/AIBDV014-N01.wav,input/CLEAN/AIBDV014-N01.wav
input/NOISY/AIBDV014-N02.wav,input/CLEAN/AIBDV014-N02.wav
input/NOISY/AIBDV014-N03.wav,input/CLEAN/AIBDV014-N03.wav
input/NOISY/AIBDV014-N04.wav,input/CLEAN/AIBDV014-N04.wav
input/NOISY/AIBDV014-N05.wav,input/CLEAN/AIBDV014-N05.wav
input/NOISY/AIBDV014-N06.wav,input/CLEAN/AIBDV014-N06.wav
input/NOISY/AIBDV014-N07.wav,input/CLEAN/AIBDV014-N07.wav
input/NOISY/AIBDV014-N08.wav,input/CLEAN/AIBDV014-N08.wav
input/NOISY/AIBDV014-N09.wav,input/CLEAN/AIBDV014-N09.wav
input/NOISY/AIBDV014-N10.wav,input/CLEAN/AIBDV014-N10.wav
input/NOISY/AIBDV014-N11.wav,input/CLEAN/AIBDV014-N11.wav
input/NOISY/AIBDV014-N12.wav,input/CLEAN/AIBDV014-N12.wav
input/NOISY/AIBDV014-N13.wav,input/CLEAN/AIBDV014-N13.wav
input/NOISY/AIBDV014-N14.wav,input/CLEAN/AIBDV014-N14.wav
input/NOISY/AIBDV014-N15.wav,input/CLEAN/AIBDV014-N15.wav
input/NOISY/AIBDV014-N16.wav,input/CLEAN/AIBDV014-N16.wav
input/NOISY/AIBDV014-N17.wav,input/CLEAN/AIBDV014-N17.wav
input/NOISY/AIBDV014-N18.wav,input/CLEAN/AIBDV014-N18.wav
input/NOISY/AIBDV014-N19.wav,input/CLEAN/AIBDV014-N19.wav
input/NOISY/AIBDV014-N20.wav,input/CLEAN/AIBDV014-N20.wav
input/NOISY/AIBDV014-N21.wav,input/CLEAN/AIBDV014-N21.wav
input/NOISY/AIBDV014-N22.wav,input/CLEAN/AIBDV014-N22.wav
input/NOISY/AIBDV014-N23.wav,input/CLEAN/AIBDV014-N23.wav
input/NOISY/AIBDV014-N24.wav,input/CLEAN/AIBDV014-N24.wav
input/NOISY/AIBDV014-N25.wav,input/CLEAN/AIBDV014-N25.wav
input/NOISY/AIBDV014-N26.wav,input/CLEAN/AIBDV014-N26.wav
input/NOISY/AIBDV014-N27.wav,input/CLEAN/AIBDV014-N27.wav
input/NOISY/AIBDV014-N28.wav,input/CLEAN/AIBDV014-N28.wav
input/NOISY/AIBDV014-N29.wav,input/CLEAN/AIBDV014-N29.wav
input/NOISY/AIBDV014-N30.wav,input/CLEAN/AIBDV014-N30.wav
input/NOISY/AIBDV014-N31.wav,input/CLEAN/AIBDV014-N31.wav
input/NOISY/AIBDV014-N32.wav,input/CLEAN/AIBDV014-N32.wav
input/NOISY/AIBDV014-N33.wav,input/CLEAN/AIBDV014-N33.wav
input/NOISY/AIBDV014-N34.wav,input/CLEAN/AIBDV014-N34.wav
input/NOISY/AIBDV014-N35.wav,input/CLEAN/AIBDV014-N35.wav
input/NOISY/AIBDV014-N36.wav,input/CLEAN/AIBDV014-N36.wav
input/NOISY/AIBDV014-N37.wav,input/CLEAN/AIBDV014-N37.wav
input/NOISY/AIBDV014-N38.wav,input/CLEAN/AIBDV014-N38.wav
input/NOISY/AIBDV014-N39.wav,input/CLEAN/AIBDV014-N39.wav
input/NOISY/AIBDV014-N40.wav,input/CLEAN/AIBDV014-N40.wav
input/NOISY/AIBDV014-N41.wav,input/CLEAN/AIBDV014-N41.wav
input/NOISY/AIBDV014-N42.wav,input/CLEAN/AIBDV014-N42.wav
input/NOISY/AIBDV014-N43.wav,input/CLEAN/AIBDV014-N43.wav
input/NOISY/AIBDV014-N44.wav,input/CLEAN/AIBDV014-N44.wav
input/NOISY/AIBDV014-N45.wav,input/CLEAN/AIBDV014-N45.wav
input/NOISY/AIBDV014-N46.wav,input/CLEAN/AIBDV014-N46.wav
input/NOISY/AIBDV014-N47.wav,input/CLEAN/AIBDV014-N47.wav
input/NOISY/AIBDV015-N01.wav,input/CLEAN/AIBDV015-N01.wav
input/NOISY/AIBDV015-N02.wav,input/CLEAN/AIBDV015-N02.wav
input/NOISY/AIBDV015-N03.wav,input/CLEAN/AIBDV015-N03.wav
input/NOISY/AIBDV015-N04.wav,input/CLEAN/AIBDV015-N04.wav
input/NOISY/AIBDV015-N05.wav,input/CLEAN/AIBDV015-N05.wav
input/NOISY/AIBDV015-N06.wav,input/CLEAN/AIBDV015-N06.wav
input/NOISY/AIBDV015-N07.wav,input/CLEAN/AIBDV015-N07.wav
input/NOISY/AIBDV015-N08.wav,input/CLEAN/AIBDV015-N08.wav
input/NOISY/AIBDV015-N09.wav,input/CLEAN/AIBDV015-N09.wav
input/NOISY/AIBDV015-N10.wav,input/CLEAN/AIBDV015-N10.wav
input/NOISY/AIBDV015-N11.wav,input/CLEAN/AIBDV015-N11.wav
input/NOISY/AIBDV015-N12.wav,input/CLEAN/AIBDV015-N12.wav
input/NOISY/AIBDV015-N13.wav,input/CLEAN/AIBDV015-N13.wav
input/NOISY/AIBDV015-N14.wav,input/CLEAN/AIBDV015-N14.wav
input/NOISY/AIBDV015-N15.wav,input/CLEAN/AIBDV015-N15.wav
input/NOISY/AIBDV015-N16.wav,input/CLEAN/AIBDV015-N16.wav
input/NOISY/AIBDV015-N17.wav,input/CLEAN/AIBDV015-N17.wav
input/NOISY/AIBDV015-N18.wav,input/CLEAN/AIBDV015-N18.wav
input/NOISY/AIBDV015-N19.wav,input/CLEAN/AIBDV015-N19.wav
input/NOISY/AIBDV015-N20.wav,input/CLEAN/AIBDV015-N20.wav
input/NOISY/AIBDV015-N21.wav,input/CLEAN/AIBDV015-N21.wav
input/NOISY/AIBDV015-N22.wav,input/CLEAN/AIBDV015-N22.wav
input/NOISY/AIBDV015-N23.wav,input/CLEAN/AIBDV015-N23.wav
input/NOISY/AIBDV015-N24.wav,input/CLEAN/AIBDV015-N24.wav
input/NOISY/AIBDV015-N25.wav,input/CLEAN/AIBDV015-N25.wav
input/NOISY/AIBDV015-N26.wav,input/CLEAN/AIBDV015-N26.wav
input/NOISY/AIBDV015-N27.wav,input/CLEAN/AIBDV015-N27.wav
input/NOISY/AIBDV015-N28.wav,input/CLEAN/AIBDV015-N28.wav
input/NOISY/AIBDV015-N29.wav,input/CLEAN/AIBDV015-N29.wav
input/NOISY/AIBDV015-N30.wav,input/CLEAN/AIBDV015-N30.wav
input/NOISY/AIBDV015-N31.wav,input/CLEAN/AIBDV015-N31.wav
input/NOISY/AIBDV015-N32.wav,input/CLEAN/AIBDV015-N32.wav
input/NOISY/AIBDV015-N33.wav,input/CLEAN/AIBDV015-N33.wav
input/NOISY/AIBDV015-N34.wav,input/CLEAN/AIBDV015-N34.wav
input/NOISY/AIBDV015-N35.wav,input/CLEAN/AIBDV015-N35.wav
input/NOISY/AIBDV015-N36.wav,input/CLEAN/AIBDV015-N36.wav
input/NOISY/AIBDV015-N37.wav,input/CLEAN/AIBDV015-N37.wav
input/NOISY/AIBDV015-N38.wav,input/CLEAN/AIBDV015-N38.wav
input/NOISY/AIBDV015-N39.wav,input/CLEAN/AIBDV015-N39.wav
input/NOISY/AIBDV015-N40.wav,input/CLEAN/AIBDV015-N40.wav
input/NOISY/AIBDV015-N41.wav,input/CLEAN/AIBDV015-N41.wav
input/NOISY/AIBDV015-N42.wav,input/CLEAN/AIBDV015-N42.wav
input/NOISY/AIBDV015-N43.wav,input/CLEAN/AIBDV015-N43.wav
input/NOISY/AIBDV015-N44.wav,input/CLEAN/AIBDV015-N44.wav
input/NOISY/AIBDV015-N45.wav,input/CLEAN/AIBDV015-N45.wav
input/NOISY/AIBDV015-N46.wav,input/CLEAN/AIBDV015-N46.wav
input/NOISY/AIBDV015-N47.wav,input/CLEAN/AIBDV015-N47.wav
input/NOISY/AIBDV016-N01.wav,input/CLEAN/AIBDV016-N01.wav
input/NOISY/AIBDV016-N02.wav,input/CLEAN/AIBDV016-N02.wav
input/NOISY/AIBDV016-N03.wav,input/CLEAN/AIBDV016-N03.wav
input/NOISY/AIBDV016-N04.wav,input/CLEAN/AIBDV016-N04.wav
input/NOISY/AIBDV016-N05.wav,input/CLEAN/AIBDV016-N05.wav
input/NOISY/AIBDV016-N06.wav,input/CLEAN/AIBDV016-N06.wav
input/NOISY/AIBDV016-N07.wav,input/CLEAN/AIBDV016-N07.wav
input/NOISY/AIBDV016-N08.wav,input/CLEAN/AIBDV016-N08.wav
input/NOISY/AIBDV016-N09.wav,input/CLEAN/AIBDV016-N09.wav
input/NOISY/AIBDV016-N10.wav,input/CLEAN/AIBDV016-N10.wav
input/NOISY/AIBDV016-N11.wav,input/CLEAN/AIBDV016-N11.wav
input/NOISY/AIBDV016-N12.wav,input/CLEAN/AIBDV016-N12.wav
input/NOISY/AIBDV016-N13.wav,input/CLEAN/AIBDV016-N13.wav
input/NOISY/AIBDV016-N14.wav,input/CLEAN/AIBDV016-N14.wav
input/NOISY/AIBDV016-N15.wav,input/CLEAN/AIBDV016-N15.wav
input/NOISY/AIBDV016-N16.wav,input/CLEAN/AIBDV016-N16.wav
input/NOISY/AIBDV016-N17.wav,input/CLEAN/AIBDV016-N17.wav
input/NOISY/AIBDV016-N18.wav,input/CLEAN/AIBDV016-N18.wav
input/NOISY/AIBDV016-N19.wav,input/CLEAN/AIBDV016-N19.wav
input/NOISY/AIBDV016-N20.wav,input/CLEAN/AIBDV016-N20.wav
input/NOISY/AIBDV016-N21.wav,input/CLEAN/AIBDV016-N21.wav
input/NOISY/AIBDV016-N22.wav,input/CLEAN/AIBDV016-N22.wav
input/NOISY/AIBDV016-N23.wav,input/CLEAN/AIBDV016-N23.wav
input/NOISY/AIBDV016-N24.wav,input/CLEAN/AIBDV016-N24.wav
input/NOISY/AIBDV016-N25.wav,input/CLEAN/AIBDV016-N25.wav
input/NOISY/AIBDV016-N26.wav,input/CLEAN/AIBDV016-N26.wav
input/NOISY/AIBDV016-N27.wav,input/CLEAN/AIBDV016-N27.wav
input/NOISY/AIBDV016-N28.wav,input/CLEAN/AIBDV016-N28.wav
input/NOISY/AIBDV016-N29.wav,input/CLEAN/AIBDV016-N29.wav
input/NOISY/AIBDV016-N30.wav,input/CLEAN/AIBDV016-N30.wav
input/NOISY/AIBDV016-N31.wav,input/CLEAN/AIBDV016-N31.wav
input/NOISY/AIBDV016-N32.wav,input/CLEAN/AIBDV016-N32.wav
input/NOISY/AIBDV016-N33.wav,input/CLEAN/AIBDV016-N33.wav
input/NOISY/AIBDV016-N34.wav,input/CLEAN/AIBDV016-N34.wav
input/NOISY/AIBDV016-N35.wav,input/CLEAN/AIBDV016-N35.wav
input/NOISY/AIBDV016-N36.wav,input/CLEAN/AIBDV016-N36.wav
input/NOISY/AIBDV016-N37.wav,input/CLEAN/AIBDV016-N37.wav
input/NOISY/AIBDV016-N38.wav,input/CLEAN/AIBDV016-N38.wav
input/NOISY/AIBDV016-N39.wav,input/CLEAN/AIBDV016-N39.wav
input/NOISY/AIBDV016-N40.wav,input/CLEAN/AIBDV016-N40.wav
input/NOISY/AIBDV016-N41.wav,input/CLEAN/AIBDV016-N41.wav
input/NOISY/AIBDV016-N42.wav,input/CLEAN/AIBDV016-N42.wav
input/NOISY/AIBDV016-N43.wav,input/CLEAN/AIBDV016-N43.wav
input/NOISY/AIBDV016-N44.wav,input/CLEAN/AIBDV016-N44.wav
input/NOISY/AIBDV016-N45.wav,input/CLEAN/AIBDV016-N45.wav
input/NOISY/AIBDV016-N46.wav,input/CLEAN/AIBDV016-N46.wav
input/NOISY/AIBDV016-N47.wav,input/CLEAN/AIBDV016-N47.wav
input/NOISY/AIBDV017-N01.wav,input/CLEAN/AIBDV017-N01.wav
input/NOISY/AIBDV017-N02.wav,input/CLEAN/AIBDV017-N02.wav
input/NOISY/AIBDV017-N03.wav,input/CLEAN/AIBDV017-N03.wav
input/NOISY/AIBDV017-N04.wav,input/CLEAN/AIBDV017-N04.wav
input/NOISY/AIBDV017-N05.wav,input/CLEAN/AIBDV017-N05.wav
input/NOISY/AIBDV017-N06.wav,input/CLEAN/AIBDV017-N06.wav
input/NOISY/AIBDV017-N07.wav,input/CLEAN/AIBDV017-N07.wav
input/NOISY/AIBDV017-N08.wav,input/CLEAN/AIBDV017-N08.wav
input/NOISY/AIBDV017-N09.wav,input/CLEAN/AIBDV017-N09.wav
input/NOISY/AIBDV017-N10.wav,input/CLEAN/AIBDV017-N10.wav
input/NOISY/AIBDV017-N11.wav,input/CLEAN/AIBDV017-N11.wav
input/NOISY/AIBDV017-N12.wav,input/CLEAN/AIBDV017-N12.wav
input/NOISY/AIBDV017-N13.wav,input/CLEAN/AIBDV017-N13.wav
input/NOISY/AIBDV017-N14.wav,input/CLEAN/AIBDV017-N14.wav
input/NOISY/AIBDV017-N15.wav,input/CLEAN/AIBDV017-N15.wav
input/NOISY/AIBDV017-N16.wav,input/CLEAN/AIBDV017-N16.wav
input/NOISY/AIBDV017-N17.wav,input/CLEAN/AIBDV017-N17.wav
input/NOISY/AIBDV017-N18.wav,input/CLEAN/AIBDV017-N18.wav
input/NOISY/AIBDV017-N19.wav,input/CLEAN/AIBDV017-N19.wav
input/NOISY/AIBDV017-N20.wav,input/CLEAN/AIBDV017-N20.wav
input/NOISY/AIBDV017-N21.wav,input/CLEAN/AIBDV017-N21.wav
input/NOISY/AIBDV017-N22.wav,input/CLEAN/AIBDV017-N22.wav
input/NOISY/AIBDV017-N23.wav,input/CLEAN/AIBDV017-N23.wav
input/NOISY/AIBDV017-N24.wav,input/CLEAN/AIBDV017-N24.wav
input/NOISY/AIBDV017-N25.wav,input/CLEAN/AIBDV017-N25.wav
input/NOISY/AIBDV017-N26.wav,input/CLEAN/AIBDV017-N26.wav
input/NOISY/AIBDV017-N27.wav,input/CLEAN/AIBDV017-N27.wav
input/NOISY/AIBDV017-N28.wav,input/CLEAN/AIBDV017-N28.wav
input/NOISY/AIBDV017-N29.wav,input/CLEAN/AIBDV017-N29.wav
input/NOISY/AIBDV017-N30.wav,input/CLEAN/AIBDV017-N30.wav
input/NOISY/AIBDV017-N31.wav,input/CLEAN/AIBDV017-N31.wav
input/NOISY/AIBDV017-N32.wav,input/CLEAN/AIBDV017-N32.wav
input/NOISY/AIBDV017-N33.wav,input/CLEAN/AIBDV017-N33.wav
input/NOISY/AIBDV017-N34.wav,input/CLEAN/AIBDV017-N34.wav
input/NOISY/AIBDV017-N35.wav,input/CLEAN/AIBDV017-N35.wav
input/NOISY/AIBDV017-N36.wav,input/CLEAN/AIBDV017-N36.wav
input/NOISY/AIBDV017-N37.wav,input/CLEAN/AIBDV017-N37.wav
input/NOISY/AIBDV017-N38.wav,input/CLEAN/AIBDV017-N38.wav
input/NOISY/AIBDV017-N39.wav,input/CLEAN/AIBDV017-N39.wav
input/NOISY/AIBDV017-N40.wav,input/CLEAN/AIBDV017-N40.wav
input/NOISY/AIBDV017-N41.wav,input/CLEAN/AIBDV017-N41.wav
input/NOISY/AIBDV017-N42.wav,input/CLEAN/AIBDV017-N42.wav
input/NOISY/AIBDV017-N43.wav,input/CLEAN/AIBDV017-N43.wav
input/NOISY/AIBDV017-N44.wav,input/CLEAN/AIBDV017-N44.wav
input/NOISY/AIBDV017-N45.wav,input/CLEAN/AIBDV017-N45.wav
input/NOISY/AIBDV017-N46.wav,input/CLEAN/AIBDV017-N46.wav
input/NOISY/AIBDV017-N47.wav,input/CLEAN/AIBDV017-N47.wav
input/NOISY/AIBDV018-N01.wav,input/CLEAN/AIBDV018-N01.wav
input/NOISY/AIBDV018-N02.wav,input/CLEAN/AIBDV018-N02.wav
input/NOISY/AIBDV018-N03.wav,input/CLEAN/AIBDV018-N03.wav
input/NOISY/AIBDV018-N04.wav,input/CLEAN/AIBDV018-N04.wav
input/NOISY/AIBDV018-N05.wav,input/CLEAN/AIBDV018-N05.wav
input/NOISY/AIBDV018-N06.wav,input/CLEAN/AIBDV018-N06.wav
input/NOISY/AIBDV018-N07.wav,input/CLEAN/AIBDV018-N07.wav
input/NOISY/AIBDV018-N08.wav,input/CLEAN/AIBDV018-N08.wav
input/NOISY/AIBDV018-N09.wav,input/CLEAN/AIBDV018-N09.wav
input/NOISY/AIBDV018-N10.wav,input/CLEAN/AIBDV018-N10.wav
input/NOISY/AIBDV018-N11.wav,input/CLEAN/AIBDV018-N11.wav
input/NOISY/AIBDV018-N12.wav,input/CLEAN/AIBDV018-N12.wav
input/NOISY/AIBDV018-N13.wav,input/CLEAN/AIBDV018-N13.wav
input/NOISY/AIBDV018-N14.wav,input/CLEAN/AIBDV018-N14.wav
input/NOISY/AIBDV018-N15.wav,input/CLEAN/AIBDV018-N15.wav
input/NOISY/AIBDV018-N16.wav,input/CLEAN/AIBDV018-N16.wav
input/NOISY/AIBDV018-N17.wav,input/CLEAN/AIBDV018-N17.wav
input/NOISY/AIBDV018-N18.wav,input/CLEAN/AIBDV018-N18.wav
input/NOISY/AIBDV018-N19.wav,input/CLEAN/AIBDV018-N19.wav
input/NOISY/AIBDV018-N20.wav,input/CLEAN/AIBDV018-N20.wav
input/NOISY/AIBDV018-N21.wav,input/CLEAN/AIBDV018-N21.wav
input/NOISY/AIBDV018-N22.wav,input/CLEAN/AIBDV018-N22.wav
input/NOISY/AIBDV018-N23.wav,input/CLEAN/AIBDV018-N23.wav
input/NOISY/AIBDV018-N24.wav,input/CLEAN/AIBDV018-N24.wav
input/NOISY/AIBDV018-N25.wav,input/CLEAN/AIBDV018-N25.wav
input/NOISY/AIBDV018-N26.wav,input/CLEAN/AIBDV018-N26.wav
input/NOISY/AIBDV018-N27.wav,input/CLEAN/AIBDV018-N27.wav
input/NOISY/AIBDV018-N28.wav,input/CLEAN/AIBDV018-N28.wav
input/NOISY/AIBDV018-N29.wav,input/CLEAN/AIBDV018-N29.wav
input/NOISY/AIBDV018-N30.wav,input/CLEAN/AIBDV018-N30.wav
input/NOISY/AIBDV018-N31.wav,input/CLEAN/AIBDV018-N31.wav
input/NOISY/AIBDV018-N32.wav,input/CLEAN/AIBDV018-N32.wav
input/NOISY/AIBDV018-N33.wav,input/CLEAN/AIBDV018-N33.wav
input/NOISY/AIBDV018-N34.wav,input/CLEAN/AIBDV018-N34.wav
input/NOISY/AIBDV018-N35.wav,input/CLEAN/AIBDV018-N35.wav
input/NOISY/AIBDV018-N36.wav,input/CLEAN/AIBDV018-N36.wav
input/NOISY/AIBDV018-N37.wav,input/CLEAN/AIBDV018-N37.wav
input/NOISY/AIBDV018-N38.wav,input/CLEAN/AIBDV018-N38.wav
input/NOISY/AIBDV018-N39.wav,input/CLEAN/AIBDV018-N39.wav
input/NOISY/AIBDV018-N40.wav,input/CLEAN/AIBDV018-N40.wav
input/NOISY/AIBDV018-N41.wav,input/CLEAN/AIBDV018-N41.wav
input/NOISY/AIBDV018-N42.wav,input/CLEAN/AIBDV018-N42.wav
input/NOISY/AIBDV018-N43.wav,input/CLEAN/AIBDV018-N43.wav
input/NOISY/AIBDV018-N44.wav,input/CLEAN/AIBDV018-N44.wav
input/NOISY/AIBDV018-N45.wav,input/CLEAN/AIBDV018-N45.wav
input/NOISY/AIBDV018-N46.wav,input/CLEAN/AIBDV018-N46.wav
input/NOISY/AIBDV018-N47.wav,input/CLEAN/AIBDV018-N47.wav
input/NOISY/AIBDV019-N01.wav,input/CLEAN/AIBDV019-N01.wav
input/NOISY/AIBDV019-N02.wav,input/CLEAN/AIBDV019-N02.wav
input/NOISY/AIBDV019-N03.wav,input/CLEAN/AIBDV019-N03.wav
input/NOISY/AIBDV019-N04.wav,input/CLEAN/AIBDV019-N04.wav
input/NOISY/AIBDV019-N05.wav,input/CLEAN/AIBDV019-N05.wav
input/NOISY/AIBDV019-N06.wav,input/CLEAN/AIBDV019-N06.wav
input/NOISY/AIBDV019-N07.wav,input/CLEAN/AIBDV019-N07.wav
input/NOISY/AIBDV019-N08.wav,input/CLEAN/AIBDV019-N08.wav
input/NOISY/AIBDV019-N09.wav,input/CLEAN/AIBDV019-N09.wav
input/NOISY/AIBDV019-N10.wav,input/CLEAN/AIBDV019-N10.wav
input/NOISY/AIBDV019-N11.wav,input/CLEAN/AIBDV019-N11.wav
input/NOISY/AIBDV019-N12.wav,input/CLEAN/AIBDV019-N12.wav
input/NOISY/AIBDV019-N13.wav,input/CLEAN/AIBDV019-N13.wav
input/NOISY/AIBDV019-N14.wav,input/CLEAN/AIBDV019-N14.wav
input/NOISY/AIBDV019-N15.wav,input/CLEAN/AIBDV019-N15.wav
input/NOISY/AIBDV019-N16.wav,input/CLEAN/AIBDV019-N16.wav
input/NOISY/AIBDV019-N17.wav,input/CLEAN/AIBDV019-N17.wav
input/NOISY/AIBDV019-N18.wav,input/CLEAN/AIBDV019-N18.wav
input/NOISY/AIBDV019-N19.wav,input/CLEAN/AIBDV019-N19.wav
input/NOISY/AIBDV019-N20.wav,input/CLEAN/AIBDV019-N20.wav
input/NOISY/AIBDV019-N21.wav,input/CLEAN/AIBDV019-N21.wav
input/NOISY/AIBDV019-N22.wav,input/CLEAN/AIBDV019-N22.wav
input/NOISY/AIBDV019-N23.wav,input/CLEAN/AIBDV019-N23.wav
input/NOISY/AIBDV019-N24.wav,input/CLEAN/AIBDV019-N24.wav
input/NOISY/AIBDV019-N25.wav,input/CLEAN/AIBDV019-N25.wav
input/NOISY/AIBDV019-N26.wav,input/CLEAN/AIBDV019-N26.wav
input/NOISY/AIBDV019-N27.wav,input/CLEAN/AIBDV019-N27.wav
input/NOISY/AIBDV019-N28.wav,input/CLEAN/AIBDV019-N28.wav
input/NOISY/AIBDV019-N29.wav,input/CLEAN/AIBDV019-N29.wav
input/NOISY/AIBDV019-N30.wav,input/CLEAN/AIBDV019-N30.wav
input/NOISY/AIBDV019-N31.wav,input/CLEAN/AIBDV019-N31.wav
input/NOISY/AIBDV019-N32.wav,input/CLEAN/AIBDV019-N32.wav
input/NOISY/AIBDV019-N33.wav,input/CLEAN/AIBDV019-N33.wav
input/NOISY/AIBDV019-N34.wav,input/CLEAN/AIBDV019-N34.wav
input/NOISY/AIBDV019-N35.wav,input/CLEAN/AIBDV019-N35.wav
input/NOISY/AIBDV019-N36.wav,input/CLEAN/AIBDV019-N36.wav
input/NOISY/AIBDV019-N37.wav,input/CLEAN/AIBDV019-N37.wav
input/NOISY/AIBDV019-N38.wav,input/CLEAN/AIBDV019-N38.wav
input/NOISY/AIBDV019-N39.wav,input/CLEAN/AIBDV019-N39.wav
input/NOISY/AIBDV019-N40.wav,input/CLEAN/AIBDV019-N40.wav
input/NOISY/AIBDV019-N41.wav,input/CLEAN/AIBDV019-N41.wav
input/NOISY/AIBDV019-N42.wav,input/CLEAN/AIBDV019-N42.wav
input/NOISY/AIBDV019-N43.wav,input/CLEAN/AIBDV019-N43.wav
input/NOISY/AIBDV019-N44.wav,input/CLEAN/AIBDV019-N44.wav
input/NOISY/AIBDV019-N45.wav,input/CLEAN/AIBDV019-N45.wav
input/NOISY/AIBDV019-N46.wav,input/CLEAN/AIBDV019-N46.wav
input/NOISY/AIBDV019-N47.wav,input/CLEAN/AIBDV019-N47.wav
input/NOISY/AIBDV020-N01.wav,input/CLEAN/AIBDV020-N01.wav
input/NOISY/AIBDV020-N02.wav,input/CLEAN/AIBDV020-N02.wav
input/NOISY/AIBDV020-N03.wav,input/CLEAN/AIBDV020-N03.wav
input/NOISY/AIBDV020-N04.wav,input/CLEAN/AIBDV020-N04.wav
input/NOISY/AIBDV020-N05.wav,input/CLEAN/AIBDV020-N05.wav
input/NOISY/AIBDV020-N06.wav,input/CLEAN/AIBDV020-N06.wav
input/NOISY/AIBDV020-N07.wav,input/CLEAN/AIBDV020-N07.wav
input/NOISY/AIBDV020-N08.wav,input/CLEAN/AIBDV020-N08.wav
input/NOISY/AIBDV020-N09.wav,input/CLEAN/AIBDV020-N09.wav
input/NOISY/AIBDV020-N10.wav,input/CLEAN/AIBDV020-N10.wav
input/NOISY/AIBDV020-N11.wav,input/CLEAN/AIBDV020-N11.wav
input/NOISY/AIBDV020-N12.wav,input/CLEAN/AIBDV020-N12.wav
input/NOISY/AIBDV020-N13.wav,input/CLEAN/AIBDV020-N13.wav
input/NOISY/AIBDV020-N14.wav,input/CLEAN/AIBDV020-N14.wav
input/NOISY/AIBDV020-N15.wav,input/CLEAN/AIBDV020-N15.wav
input/NOISY/AIBDV020-N16.wav,input/CLEAN/AIBDV020-N16.wav
input/NOISY/AIBDV020-N17.wav,input/CLEAN/AIBDV020-N17.wav
input/NOISY/AIBDV020-N18.wav,input/CLEAN/AIBDV020-N18.wav
input/NOISY/AIBDV020-N19.wav,input/CLEAN/AIBDV020-N19.wav
input/NOISY/AIBDV020-N20.wav,input/CLEAN/AIBDV020-N20.wav
input/NOISY/AIBDV020-N21.wav,input/CLEAN/AIBDV020-N21.wav
input/NOISY/AIBDV020-N22.wav,input/CLEAN/AIBDV020-N22.wav
input/NOISY/AIBDV020-N23.wav,input/CLEAN/AIBDV020-N23.wav
input/NOISY/AIBDV020-N24.wav,input/CLEAN/AIBDV020-N24.wav
input/NOISY/AIBDV020-N25.wav,input/CLEAN/AIBDV020-N25.wav
input/NOISY/AIBDV020-N26.wav,input/CLEAN/AIBDV020-N26.wav
input/NOISY/AIBDV020-N27.wav,input/CLEAN/AIBDV020-N27.wav
input/NOISY/AIBDV020-N28.wav,input/CLEAN/AIBDV020-N28.wav
input/NOISY/AIBDV020-N29.wav,input/CLEAN/AIBDV020-N29.wav
input/NOISY/AIBDV020-N30.wav,input/CLEAN/AIBDV020-N30.wav
input/NOISY/AIBDV020-N31.wav,input/CLEAN/AIBDV020-N31.wav
input/NOISY/AIBDV020-N32.wav,input/CLEAN/AIBDV020-N32.wav
input/NOISY/AIBDV020-N33.wav,input/CLEAN/AIBDV020-N33.wav
input/NOISY/AIBDV020-N34.wav,input/CLEAN/AIBDV020-N34.wav
input/NOISY/AIBDV020-N35.wav,input/CLEAN/AIBDV020-N35.wav
input/NOISY/AIBDV020-N36.wav,input/CLEAN/AIBDV020-N36.wav
input/NOISY/AIBDV020-N37.wav,input/CLEAN/AIBDV020-N37.wav
input/NOISY/AIBDV020-N38.wav,input/CLEAN/AIBDV020-N38.wav
input/NOISY/AIBDV020-N39.wav,input/CLEAN/AIBDV020-N39.wav
input/NOISY/AIBDV020-N40.wav,input/CLEAN/AIBDV020-N40.wav
input/NOISY/AIBDV020-N41.wav,input/CLEAN/AIBDV020-N41.wav
input/NOISY/AIBDV020-N42.wav,input/CLEAN/AIBDV020-N42.wav
input/NOISY/AIBDV020-N43.wav,input/CLEAN/AIBDV020-N43.wav
input/NOISY/AIBDV020-N44.wav,input/CLEAN/AIBDV020-N44.wav
input/NOISY/AIBDV020-N45.wav,input/CLEAN/AIBDV020-N45.wav
input/NOISY/AIBDV020-N46.wav,input/CLEAN/AIBDV020-N46.wav
input/NOISY/AIBDV020-N47.wav,input/CLEAN/AIBDV020-N47.wav
input/NOISY/AIHUV003-N01.wav,input/CLEAN/AIHUV003-N01.wav
input/NOISY/AIHUV003-N02.wav,input/CLEAN/AIHUV003-N02.wav
input/NOISY/AIHUV003-N03.wav,input/CLEAN/AIHUV003-N03.wav
input/NOISY/AIHUV003-N04.wav,input/CLEAN/AIHUV003-N04.wav
input/NOISY/AIHUV003-N05.wav,input/CLEAN/AIHUV003-N05.wav
input/NOISY/AIHUV003-N06.wav,input/CLEAN/AIHUV003-N06.wav
input/NOISY/AIHUV003-N07.wav,input/CLEAN/AIHUV003-N07.wav
input/NOISY/AIHUV003-N08.wav,input/CLEAN/AIHUV003-N08.wav
input/NOISY/AIHUV003-N09.wav,input/CLEAN/AIHUV003-N09.wav
input/NOISY/AIHUV003-N10.wav,input/CLEAN/AIHUV003-N10.wav
input/NOISY/AIHUV003-N11.wav,input/CLEAN/AIHUV003-N11.wav
input/NOISY/AIHUV003-N12.wav,input/CLEAN/AIHUV003-N12.wav
input/NOISY/AIHUV003-N13.wav,input/CLEAN/AIHUV003-N13.wav
input/NOISY/AIHUV003-N14.wav,input/CLEAN/AIHUV003-N14.wav
input/NOISY/AIHUV003-N15.wav,input/CLEAN/AIHUV003-N15.wav
input/NOISY/AIHUV003-N16.wav,input/CLEAN/AIHUV003-N16.wav
input/NOISY/AIHUV003-N17.wav,input/CLEAN/AIHUV003-N17.wav
input/NOISY/AIHUV003-N18.wav,input/CLEAN/AIHUV003-N18.wav
input/NOISY/AIHUV003-N19.wav,input/CLEAN/AIHUV003-N19.wav
input/NOISY/AIHUV003-N20.wav,input/CLEAN/AIHUV003-N20.wav
input/NOISY/AIHUV003-N21.wav,input/CLEAN/AIHUV003-N21.wav
input/NOISY/AIHUV003-N22.wav,input/CLEAN/AIHUV003-N22.wav
input/NOISY/AIHUV003-N23.wav,input/CLEAN/AIHUV003-N23.wav
input/NOISY/AIHUV003-N24.wav,input/CLEAN/AIHUV003-N24.wav
input/NOISY/AIHUV003-N25.wav,input/CLEAN/AIHUV003-N25.wav
input/NOISY/AIHUV003-N26.wav,input/CLEAN/AIHUV003-N26.wav
input/NOISY/AIHUV003-N27.wav,input/CLEAN/AIHUV003-N27.wav
input/NOISY/AIHUV003-N28.wav,input/CLEAN/AIHUV003-N28.wav
input/NOISY/AIHUV003-N29.wav,input/CLEAN/AIHUV003-N29.wav
input/NOISY/AIHUV003-N30.wav,input/CLEAN/AIHUV003-N30.wav
input/NOISY/AIHUV003-N31.wav,input/CLEAN/AIHUV003-N31.wav
input/NOISY/AIHUV003-N32.wav,input/CLEAN/AIHUV003-N32.wav
input/NOISY/AIHUV003-N33.wav,input/CLEAN/AIHUV003-N33.wav
input/NOISY/AIHUV003-N34.wav,input/CLEAN/AIHUV003-N34.wav
input/NOISY/AIHUV003-N35.wav,input/CLEAN/AIHUV003-N35.wav
input/NOISY/AIHUV003-N36.wav,input/CLEAN/AIHUV003-N36.wav
input/NOISY/AIHUV003-N37.wav,input/CLEAN/AIHUV003-N37.wav
input/NOISY/AIHUV003-N38.wav,input/CLEAN/AIHUV003-N38.wav
input/NOISY/AIHUV003-N39.wav,input/CLEAN/AIHUV003-N39.wav
input/NOISY/AIHUV003-N40.wav,input/CLEAN/AIHUV003-N40.wav
input/NOISY/AIHUV003-N41.wav,input/CLEAN/AIHUV003-N41.wav
input/NOISY/AIHUV003-N42.wav,input/CLEAN/AIHUV003-N42.wav
input/NOISY/AIHUV003-N43.wav,input/CLEAN/AIHUV003-N43.wav
input/NOISY/AIHUV003-N44.wav,input/CLEAN/AIHUV003-N44.wav
input/NOISY/AIHUV003-N45.wav,input/CLEAN/AIHUV003-N45.wav
input/NOISY/AIHUV003-N46.wav,input/CLEAN/AIHUV003-N46.wav
input/NOISY/AIHUV003-N47.wav,input/CLEAN/AIHUV003-N47.wav
input/NOISY/AIHUV004-N01.wav,input/CLEAN/AIHUV004-N01.wav
input/NOISY/AIHUV004-N02.wav,input/CLEAN/AIHUV004-N02.wav
input/NOISY/AIHUV004-N03.wav,input/CLEAN/AIHUV004-N03.wav
input/NOISY/AIHUV004-N04.wav,input/CLEAN/AIHUV004-N04.wav
input/NOISY/AIHUV004-N05.wav,input/CLEAN/AIHUV004-N05.wav
input/NOISY/AIHUV004-N06.wav,input/CLEAN/AIHUV004-N06.wav
input/NOISY/AIHUV004-N07.wav,input/CLEAN/AIHUV004-N07.wav
input/NOISY/AIHUV004-N08.wav,input/CLEAN/AIHUV004-N08.wav
input/NOISY/AIHUV004-N09.wav,input/CLEAN/AIHUV004-N09.wav
input/NOISY/AIHUV004-N10.wav,input/CLEAN/AIHUV004-N10.wav
input/NOISY/AIHUV004-N11.wav,input/CLEAN/AIHUV004-N11.wav
input/NOISY/AIHUV004-N12.wav,input/CLEAN/AIHUV004-N12.wav
input/NOISY/AIHUV004-N13.wav,input/CLEAN/AIHUV004-N13.wav
input/NOISY/AIHUV004-N14.wav,input/CLEAN/AIHUV004-N14.wav
input/NOISY/AIHUV004-N15.wav,input/CLEAN/AIHUV004-N15.wav
input/NOISY/AIHUV004-N16.wav,input/CLEAN/AIHUV004-N16.wav
input/NOISY/AIHUV004-N17.wav,input/CLEAN/AIHUV004-N17.wav
input/NOISY/AIHUV004-N18.wav,input/CLEAN/AIHUV004-N18.wav
input/NOISY/AIHUV004-N19.wav,input/CLEAN/AIHUV004-N19.wav
input/NOISY/AIHUV004-N20.wav,input/CLEAN/AIHUV004-N20.wav
input/NOISY/AIHUV004-N21.wav,input/CLEAN/AIHUV004-N21.wav
input/NOISY/AIHUV004-N22.wav,input/CLEAN/AIHUV004-N22.wav
input/NOISY/AIHUV004-N23.wav,input/CLEAN/AIHUV004-N23.wav
input/NOISY/AIHUV004-N24.wav,input/CLEAN/AIHUV004-N24.wav
input/NOISY/AIHUV004-N25.wav,input/CLEAN/AIHUV004-N25.wav
input/NOISY/AIHUV004-N26.wav,input/CLEAN/AIHUV004-N26.wav
input/NOISY/AIHUV004-N27.wav,input/CLEAN/AIHUV004-N27.wav
input/NOISY/AIHUV004-N28.wav,input/CLEAN/AIHUV004-N28.wav
input/NOISY/AIHUV004-N29.wav,input/CLEAN/AIHUV004-N29.wav
input/NOISY/AIHUV004-N30.wav,input/CLEAN/AIHUV004-N30.wav
input/NOISY/AIHUV004-N31.wav,input/CLEAN/AIHUV004-N31.wav
input/NOISY/AIHUV004-N32.wav,input/CLEAN/AIHUV004-N32.wav
input/NOISY/AIHUV004-N33.wav,input/CLEAN/AIHUV004-N33.wav
input/NOISY/AIHUV004-N34.wav,input/CLEAN/AIHUV004-N34.wav
input/NOISY/AIHUV004-N35.wav,input/CLEAN/AIHUV004-N35.wav
input/NOISY/AIHUV004-N36.wav,input/CLEAN/AIHUV004-N36.wav
input/NOISY/AIHUV004-N37.wav,input/CLEAN/AIHUV004-N37.wav
input/NOISY/AIHUV004-N38.wav,input/CLEAN/AIHUV004-N38.wav
input/NOISY/AIHUV004-N39.wav,input/CLEAN/AIHUV004-N39.wav
input/NOISY/AIHUV004-N40.wav,input/CLEAN/AIHUV004-N40.wav
input/NOISY/AIHUV004-N41.wav,input/CLEAN/AIHUV004-N41.wav
input/NOISY/AIHUV004-N42.wav,input/CLEAN/AIHUV004-N42.wav
input/NOISY/AIHUV004-N43.wav,input/CLEAN/AIHUV004-N43.wav
input/NOISY/AIHUV004-N44.wav,input/CLEAN/AIHUV004-N44.wav
input/NOISY/AIHUV004-N45.wav,input/CLEAN/AIHUV004-N45.wav
input/NOISY/AIHUV004-N46.wav,input/CLEAN/AIHUV004-N46.wav
input/NOISY/AIHUV004-N47.wav,input/CLEAN/AIHUV004-N47.wav
input/NOISY/AIHUV005-N01.wav,input/CLEAN/AIHUV005-N01.wav
input/NOISY/AIHUV005-N02.wav,input/CLEAN/AIHUV005-N02.wav
input/NOISY/AIHUV005-N03.wav,input/CLEAN/AIHUV005-N03.wav
input/NOISY/AIHUV005-N04.wav,input/CLEAN/AIHUV005-N04.wav
input/NOISY/AIHUV005-N05.wav,input/CLEAN/AIHUV005-N05.wav
input/NOISY/AIHUV005-N06.wav,input/CLEAN/AIHUV005-N06.wav
input/NOISY/AIHUV005-N07.wav,input/CLEAN/AIHUV005-N07.wav
input/NOISY/AIHUV005-N08.wav,input/CLEAN/AIHUV005-N08.wav
input/NOISY/AIHUV005-N09.wav,input/CLEAN/AIHUV005-N09.wav
input/NOISY/AIHUV005-N10.wav,input/CLEAN/AIHUV005-N10.wav
input/NOISY/AIHUV005-N11.wav,input/CLEAN/AIHUV005-N11.wav
input/NOISY/AIHUV005-N12.wav,input/CLEAN/AIHUV005-N12.wav
input/NOISY/AIHUV005-N13.wav,input/CLEAN/AIHUV005-N13.wav
input/NOISY/AIHUV005-N14.wav,input/CLEAN/AIHUV005-N14.wav
input/NOISY/AIHUV005-N15.wav,input/CLEAN/AIHUV005-N15.wav
input/NOISY/AIHUV005-N16.wav,input/CLEAN/AIHUV005-N16.wav
input/NOISY/AIHUV005-N17.wav,input/CLEAN/AIHUV005-N17.wav
input/NOISY/AIHUV005-N18.wav,input/CLEAN/AIHUV005-N18.wav
input/NOISY/AIHUV005-N19.wav,input/CLEAN/AIHUV005-N19.wav
input/NOISY/AIHUV005-N20.wav,input/CLEAN/AIHUV005-N20.wav
input/NOISY/AIHUV005-N21.wav,input/CLEAN/AIHUV005-N21.wav
input/NOISY/AIHUV005-N22.wav,input/CLEAN/AIHUV005-N22.wav
input/NOISY/AIHUV005-N23.wav,input/CLEAN/AIHUV005-N23.wav
input/NOISY/AIHUV005-N24.wav,input/CLEAN/AIHUV005-N24.wav
input/NOISY/AIHUV005-N25.wav,input/CLEAN/AIHUV005-N25.wav
input/NOISY/AIHUV005-N26.wav,input/CLEAN/AIHUV005-N26.wav
input/NOISY/AIHUV005-N27.wav,input/CLEAN/AIHUV005-N27.wav
input/NOISY/AIHUV005-N28.wav,input/CLEAN/AIHUV005-N28.wav
input/NOISY/AIHUV005-N29.wav,input/CLEAN/AIHUV005-N29.wav
input/NOISY/AIHUV005-N30.wav,input/CLEAN/AIHUV005-N30.wav
input/NOISY/AIHUV005-N31.wav,input/CLEAN/AIHUV005-N31.wav
input/NOISY/AIHUV005-N32.wav,input/CLEAN/AIHUV005-N32.wav
input/NOISY/AIHUV005-N33.wav,input/CLEAN/AIHUV005-N33.wav
input/NOISY/AIHUV005-N34.wav,input/CLEAN/AIHUV005-N34.wav
input/NOISY/AIHUV005-N35.wav,input/CLEAN/AIHUV005-N35.wav
input/NOISY/AIHUV005-N36.wav,input/CLEAN/AIHUV005-N36.wav
input/NOISY/AIHUV005-N37.wav,input/CLEAN/AIHUV005-N37.wav
input/NOISY/AIHUV005-N38.wav,input/CLEAN/AIHUV005-N38.wav
input/NOISY/AIHUV005-N39.wav,input/CLEAN/AIHUV005-N39.wav
input/NOISY/AIHUV005-N40.wav,input/CLEAN/AIHUV005-N40.wav
input/NOISY/AIHUV005-N41.wav,input/CLEAN/AIHUV005-N41.wav
input/NOISY/AIHUV005-N42.wav,input/CLEAN/AIHUV005-N42.wav
input/NOISY/AIHUV005-N43.wav,input/CLEAN/AIHUV005-N43.wav
input/NOISY/AIHUV005-N44.wav,input/CLEAN/AIHUV005-N44.wav
input/NOISY/AIHUV005-N45.wav,input/CLEAN/AIHUV005-N45.wav
input/NOISY/AIHUV005-N46.wav,input/CLEAN/AIHUV005-N46.wav
input/NOISY/AIHUV005-N47.wav,input/CLEAN/AIHUV005-N47.wav
input/NOISY/AIHUV006-N01.wav,input/CLEAN/AIHUV006-N01.wav
input/NOISY/AIHUV006-N02.wav,input/CLEAN/AIHUV006-N02.wav
input/NOISY/AIHUV006-N03.wav,input/CLEAN/AIHUV006-N03.wav
input/NOISY/AIHUV006-N04.wav,input/CLEAN/AIHUV006-N04.wav
input/NOISY/AIHUV006-N05.wav,input/CLEAN/AIHUV006-N05.wav
input/NOISY/AIHUV006-N06.wav,input/CLEAN/AIHUV006-N06.wav
input/NOISY/AIHUV006-N07.wav,input/CLEAN/AIHUV006-N07.wav
input/NOISY/AIHUV006-N08.wav,input/CLEAN/AIHUV006-N08.wav
input/NOISY/AIHUV006-N09.wav,input/CLEAN/AIHUV006-N09.wav
input/NOISY/AIHUV006-N10.wav,input/CLEAN/AIHUV006-N10.wav
input/NOISY/AIHUV006-N11.wav,input/CLEAN/AIHUV006-N11.wav
input/NOISY/AIHUV006-N12.wav,input/CLEAN/AIHUV006-N12.wav
input/NOISY/AIHUV006-N13.wav,input/CLEAN/AIHUV006-N13.wav
input/NOISY/AIHUV006-N14.wav,input/CLEAN/AIHUV006-N14.wav
input/NOISY/AIHUV006-N15.wav,input/CLEAN/AIHUV006-N15.wav
input/NOISY/AIHUV006-N16.wav,input/CLEAN/AIHUV006-N16.wav
input/NOISY/AIHUV006-N17.wav,input/CLEAN/AIHUV006-N17.wav
input/NOISY/AIHUV006-N18.wav,input/CLEAN/AIHUV006-N18.wav
input/NOISY/AIHUV006-N19.wav,input/CLEAN/AIHUV006-N19.wav
input/NOISY/AIHUV006-N20.wav,input/CLEAN/AIHUV006-N20.wav
input/NOISY/AIHUV006-N21.wav,input/CLEAN/AIHUV006-N21.wav
input/NOISY/AIHUV006-N22.wav,input/CLEAN/AIHUV006-N22.wav
input/NOISY/AIHUV006-N23.wav,input/CLEAN/AIHUV006-N23.wav
input/NOISY/AIHUV006-N24.wav,input/CLEAN/AIHUV006-N24.wav
input/NOISY/AIHUV006-N25.wav,input/CLEAN/AIHUV006-N25.wav
input/NOISY/AIHUV006-N26.wav,input/CLEAN/AIHUV006-N26.wav
input/NOISY/AIHUV006-N27.wav,input/CLEAN/AIHUV006-N27.wav
input/NOISY/AIHUV006-N28.wav,input/CLEAN/AIHUV006-N28.wav
input/NOISY/AIHUV006-N29.wav,input/CLEAN/AIHUV006-N29.wav
input/NOISY/AIHUV006-N30.wav,input/CLEAN/AIHUV006-N30.wav
input/NOISY/AIHUV006-N31.wav,input/CLEAN/AIHUV006-N31.wav
input/NOISY/AIHUV006-N32.wav,input/CLEAN/AIHUV006-N32.wav
input/NOISY/AIHUV006-N33.wav,input/CLEAN/AIHUV006-N33.wav
input/NOISY/AIHUV006-N34.wav,input/CLEAN/AIHUV006-N34.wav
input/NOISY/AIHUV006-N35.wav,input/CLEAN/AIHUV006-N35.wav
input/NOISY/AIHUV006-N36.wav,input/CLEAN/AIHUV006-N36.wav
input/NOISY/AIHUV006-N37.wav,input/CLEAN/AIHUV006-N37.wav
input/NOISY/AIHUV006-N38.wav,input/CLEAN/AIHUV006-N38.wav
input/NOISY/AIHUV006-N39.wav,input/CLEAN/AIHUV006-N39.wav
input/NOISY/AIHUV006-N40.wav,input/CLEAN/AIHUV006-N40.wav
input/NOISY/AIHUV006-N41.wav,input/CLEAN/AIHUV006-N41.wav
input/NOISY/AIHUV006-N42.wav,input/CLEAN/AIHUV006-N42.wav
input/NOISY/AIHUV006-N43.wav,input/CLEAN/AIHUV006-N43.wav
input/NOISY/AIHUV006-N44.wav,input/CLEAN/AIHUV006-N44.wav
input/NOISY/AIHUV006-N45.wav,input/CLEAN/AIHUV006-N45.wav
input/NOISY/AIHUV006-N46.wav,input/CLEAN/AIHUV006-N46.wav
input/NOISY/AIHUV006-N47.wav,input/CLEAN/AIHUV006-N47.wav
input/NOISY/AIHUV007-N01.wav,input/CLEAN/AIHUV007-N01.wav
input/NOISY/AIHUV007-N02.wav,input/CLEAN/AIHUV007-N02.wav
input/NOISY/AIHUV007-N03.wav,input/CLEAN/AIHUV007-N03.wav
input/NOISY/AIHUV007-N04.wav,input/CLEAN/AIHUV007-N04.wav
input/NOISY/AIHUV007-N05.wav,input/CLEAN/AIHUV007-N05.wav
input/NOISY/AIHUV007-N06.wav,input/CLEAN/AIHUV007-N06.wav
input/NOISY/AIHUV007-N07.wav,input/CLEAN/AIHUV007-N07.wav
input/NOISY/AIHUV007-N08.wav,input/CLEAN/AIHUV007-N08.wav
input/NOISY/AIHUV007-N09.wav,input/CLEAN/AIHUV007-N09.wav
input/NOISY/AIHUV007-N10.wav,input/CLEAN/AIHUV007-N10.wav
input/NOISY/AIHUV007-N11.wav,input/CLEAN/AIHUV007-N11.wav
input/NOISY/AIHUV007-N12.wav,input/CLEAN/AIHUV007-N12.wav
input/NOISY/AIHUV007-N13.wav,input/CLEAN/AIHUV007-N13.wav
input/NOISY/AIHUV007-N14.wav,input/CLEAN/AIHUV007-N14.wav
input/NOISY/AIHUV007-N15.wav,input/CLEAN/AIHUV007-N15.wav
input/NOISY/AIHUV007-N16.wav,input/CLEAN/AIHUV007-N16.wav
input/NOISY/AIHUV007-N17.wav,input/CLEAN/AIHUV007-N17.wav
input/NOISY/AIHUV007-N18.wav,input/CLEAN/AIHUV007-N18.wav
input/NOISY/AIHUV007-N19.wav,input/CLEAN/AIHUV007-N19.wav
input/NOISY/AIHUV007-N20.wav,input/CLEAN/AIHUV007-N20.wav
input/NOISY/AIHUV007-N21.wav,input/CLEAN/AIHUV007-N21.wav
input/NOISY/AIHUV007-N22.wav,input/CLEAN/AIHUV007-N22.wav
input/NOISY/AIHUV007-N23.wav,input/CLEAN/AIHUV007-N23.wav
input/NOISY/AIHUV007-N24.wav,input/CLEAN/AIHUV007-N24.wav
input/NOISY/AIHUV007-N25.wav,input/CLEAN/AIHUV007-N25.wav
input/NOISY/AIHUV007-N26.wav,input/CLEAN/AIHUV007-N26.wav
input/NOISY/AIHUV007-N27.wav,input/CLEAN/AIHUV007-N27.wav
input/NOISY/AIHUV007-N28.wav,input/CLEAN/AIHUV007-N28.wav
input/NOISY/AIHUV007-N29.wav,input/CLEAN/AIHUV007-N29.wav
input/NOISY/AIHUV007-N30.wav,input/CLEAN/AIHUV007-N30.wav
input/NOISY/AIHUV007-N31.wav,input/CLEAN/AIHUV007-N31.wav
input/NOISY/AIHUV007-N32.wav,input/CLEAN/AIHUV007-N32.wav
input/NOISY/AIHUV007-N33.wav,input/CLEAN/AIHUV007-N33.wav
input/NOISY/AIHUV007-N34.wav,input/CLEAN/AIHUV007-N34.wav
input/NOISY/AIHUV007-N35.wav,input/CLEAN/AIHUV007-N35.wav
input/NOISY/AIHUV007-N36.wav,input/CLEAN/AIHUV007-N36.wav
input/NOISY/AIHUV007-N37.wav,input/CLEAN/AIHUV007-N37.wav
input/NOISY/AIHUV007-N38.wav,input/CLEAN/AIHUV007-N38.wav
input/NOISY/AIHUV007-N39.wav,input/CLEAN/AIHUV007-N39.wav
input/NOISY/AIHUV007-N40.wav,input/CLEAN/AIHUV007-N40.wav
input/NOISY/AIHUV007-N41.wav,input/CLEAN/AIHUV007-N41.wav
input/NOISY/AIHUV007-N42.wav,input/CLEAN/AIHUV007-N42.wav
input/NOISY/AIHUV007-N43.wav,input/CLEAN/AIHUV007-N43.wav
input/NOISY/AIHUV007-N44.wav,input/CLEAN/AIHUV007-N44.wav
input/NOISY/AIHUV007-N45.wav,input/CLEAN/AIHUV007-N45.wav
input/NOISY/AIHUV007-N46.wav,input/CLEAN/AIHUV007-N46.wav
input/NOISY/AIHUV007-N47.wav,input/CLEAN/AIHUV007-N47.wav
input/NOISY/AIHUV008-N01.wav,input/CLEAN/AIHUV008-N01.wav
input/NOISY/AIHUV008-N02.wav,input/CLEAN/AIHUV008-N02.wav
input/NOISY/AIHUV008-N03.wav,input/CLEAN/AIHUV008-N03.wav
input/NOISY/AIHUV008-N04.wav,input/CLEAN/AIHUV008-N04.wav
input/NOISY/AIHUV008-N05.wav,input/CLEAN/AIHUV008-N05.wav
input/NOISY/AIHUV008-N06.wav,input/CLEAN/AIHUV008-N06.wav
input/NOISY/AIHUV008-N07.wav,input/CLEAN/AIHUV008-N07.wav
input/NOISY/AIHUV008-N08.wav,input/CLEAN/AIHUV008-N08.wav
input/NOISY/AIHUV008-N09.wav,input/CLEAN/AIHUV008-N09.wav
input/NOISY/AIHUV008-N10.wav,input/CLEAN/AIHUV008-N10.wav
input/NOISY/AIHUV008-N11.wav,input/CLEAN/AIHUV008-N11.wav
input/NOISY/AIHUV008-N12.wav,input/CLEAN/AIHUV008-N12.wav
input/NOISY/AIHUV008-N13.wav,input/CLEAN/AIHUV008-N13.wav
input/NOISY/AIHUV008-N14.wav,input/CLEAN/AIHUV008-N14.wav
input/NOISY/AIHUV008-N15.wav,input/CLEAN/AIHUV008-N15.wav
input/NOISY/AIHUV008-N16.wav,input/CLEAN/AIHUV008-N16.wav
input/NOISY/AIHUV008-N17.wav,input/CLEAN/AIHUV008-N17.wav
input/NOISY/AIHUV008-N18.wav,input/CLEAN/AIHUV008-N18.wav
input/NOISY/AIHUV008-N19.wav,input/CLEAN/AIHUV008-N19.wav
input/NOISY/AIHUV008-N20.wav,input/CLEAN/AIHUV008-N20.wav
input/NOISY/AIHUV008-N21.wav,input/CLEAN/AIHUV008-N21.wav
input/NOISY/AIHUV008-N22.wav,input/CLEAN/AIHUV008-N22.wav
input/NOISY/AIHUV008-N23.wav,input/CLEAN/AIHUV008-N23.wav
input/NOISY/AIHUV008-N24.wav,input/CLEAN/AIHUV008-N24.wav
input/NOISY/AIHUV008-N25.wav,input/CLEAN/AIHUV008-N25.wav
input/NOISY/AIHUV008-N26.wav,input/CLEAN/AIHUV008-N26.wav
input/NOISY/AIHUV008-N27.wav,input/CLEAN/AIHUV008-N27.wav
input/NOISY/AIHUV008-N28.wav,input/CLEAN/AIHUV008-N28.wav
input/NOISY/AIHUV008-N29.wav,input/CLEAN/AIHUV008-N29.wav
input/NOISY/AIHUV008-N30.wav,input/CLEAN/AIHUV008-N30.wav
input/NOISY/AIHUV008-N31.wav,input/CLEAN/AIHUV008-N31.wav
input/NOISY/AIHUV008-N32.wav,input/CLEAN/AIHUV008-N32.wav
input/NOISY/AIHUV008-N33.wav,input/CLEAN/AIHUV008-N33.wav
input/NOISY/AIHUV008-N34.wav,input/CLEAN/AIHUV008-N34.wav
input/NOISY/AIHUV008-N35.wav,input/CLEAN/AIHUV008-N35.wav
input/NOISY/AIHUV008-N36.wav,input/CLEAN/AIHUV008-N36.wav
input/NOISY/AIHUV008-N37.wav,input/CLEAN/AIHUV008-N37.wav
input/NOISY/AIHUV008-N38.wav,input/CLEAN/AIHUV008-N38.wav
input/NOISY/AIHUV008-N39.wav,input/CLEAN/AIHUV008-N39.wav
input/NOISY/AIHUV008-N40.wav,input/CLEAN/AIHUV008-N40.wav
input/NOISY/AIHUV008-N41.wav,input/CLEAN/AIHUV008-N41.wav
input/NOISY/AIHUV008-N42.wav,input/CLEAN/AIHUV008-N42.wav
input/NOISY/AIHUV008-N43.wav,input/CLEAN/AIHUV008-N43.wav
input/NOISY/AIHUV008-N44.wav,input/CLEAN/AIHUV008-N44.wav
input/NOISY/AIHUV008-N45.wav,input/CLEAN/AIHUV008-N45.wav
input/NOISY/AIHUV008-N46.wav,input/CLEAN/AIHUV008-N46.wav
input/NOISY/AIHUV008-N47.wav,input/CLEAN/AIHUV008-N47.wav
input/NOISY/AIHUV009-N01.wav,input/CLEAN/AIHUV009-N01.wav
input/NOISY/AIHUV009-N02.wav,input/CLEAN/AIHUV009-N02.wav
input/NOISY/AIHUV009-N03.wav,input/CLEAN/AIHUV009-N03.wav
input/NOISY/AIHUV009-N04.wav,input/CLEAN/AIHUV009-N04.wav
input/NOISY/AIHUV009-N05.wav,input/CLEAN/AIHUV009-N05.wav
input/NOISY/AIHUV009-N06.wav,input/CLEAN/AIHUV009-N06.wav
input/NOISY/AIHUV009-N07.wav,input/CLEAN/AIHUV009-N07.wav
input/NOISY/AIHUV009-N08.wav,input/CLEAN/AIHUV009-N08.wav
input/NOISY/AIHUV009-N09.wav,input/CLEAN/AIHUV009-N09.wav
input/NOISY/AIHUV009-N10.wav,input/CLEAN/AIHUV009-N10.wav
input/NOISY/AIHUV009-N11.wav,input/CLEAN/AIHUV009-N11.wav
input/NOISY/AIHUV009-N12.wav,input/CLEAN/AIHUV009-N12.wav
input/NOISY/AIHUV009-N13.wav,input/CLEAN/AIHUV009-N13.wav
input/NOISY/AIHUV009-N14.wav,input/CLEAN/AIHUV009-N14.wav
input/NOISY/AIHUV009-N15.wav,input/CLEAN/AIHUV009-N15.wav
input/NOISY/AIHUV009-N16.wav,input/CLEAN/AIHUV009-N16.wav
input/NOISY/AIHUV009-N17.wav,input/CLEAN/AIHUV009-N17.wav
input/NOISY/AIHUV009-N18.wav,input/CLEAN/AIHUV009-N18.wav
input/NOISY/AIHUV009-N19.wav,input/CLEAN/AIHUV009-N19.wav
input/NOISY/AIHUV009-N20.wav,input/CLEAN/AIHUV009-N20.wav
input/NOISY/AIHUV009-N21.wav,input/CLEAN/AIHUV009-N21.wav
input/NOISY/AIHUV009-N22.wav,input/CLEAN/AIHUV009-N22.wav
input/NOISY/AIHUV009-N23.wav,input/CLEAN/AIHUV009-N23.wav
input/NOISY/AIHUV009-N24.wav,input/CLEAN/AIHUV009-N24.wav
input/NOISY/AIHUV009-N25.wav,input/CLEAN/AIHUV009-N25.wav
input/NOISY/AIHUV009-N26.wav,input/CLEAN/AIHUV009-N26.wav
input/NOISY/AIHUV009-N27.wav,input/CLEAN/AIHUV009-N27.wav
input/NOISY/AIHUV009-N28.wav,input/CLEAN/AIHUV009-N28.wav
input/NOISY/AIHUV009-N29.wav,input/CLEAN/AIHUV009-N29.wav
input/NOISY/AIHUV009-N30.wav,input/CLEAN/AIHUV009-N30.wav
input/NOISY/AIHUV009-N31.wav,input/CLEAN/AIHUV009-N31.wav
input/NOISY/AIHUV009-N32.wav,input/CLEAN/AIHUV009-N32.wav
input/NOISY/AIHUV009-N33.wav,input/CLEAN/AIHUV009-N33.wav
input/NOISY/AIHUV009-N34.wav,input/CLEAN/AIHUV009-N34.wav
input/NOISY/AIHUV009-N35.wav,input/CLEAN/AIHUV009-N35.wav
input/NOISY/AIHUV009-N36.wav,input/CLEAN/AIHUV009-N36.wav
input/NOISY/AIHUV009-N37.wav,input/CLEAN/AIHUV009-N37.wav
input/NOISY/AIHUV009-N38.wav,input/CLEAN/AIHUV009-N38.wav
input/NOISY/AIHUV009-N39.wav,input/CLEAN/AIHUV009-N39.wav
input/NOISY/AIHUV009-N40.wav,input/CLEAN/AIHUV009-N40.wav
input/NOISY/AIHUV009-N41.wav,input/CLEAN/AIHUV009-N41.wav
input/NOISY/AIHUV009-N42.wav,input/CLEAN/AIHUV009-N42.wav
input/NOISY/AIHUV009-N43.wav,input/CLEAN/AIHUV009-N43.wav
input/NOISY/AIHUV009-N44.wav,input/CLEAN/AIHUV009-N44.wav
input/NOISY/AIHUV009-N45.wav,input/CLEAN/AIHUV009-N45.wav
input/NOISY/AIHUV009-N46.wav,input/CLEAN/AIHUV009-N46.wav
input/NOISY/AIHUV009-N47.wav,input/CLEAN/AIHUV009-N47.wav
input/NOISY/AIHUV010-N01.wav,input/CLEAN/AIHUV010-N01.wav
input/NOISY/AIHUV010-N02.wav,input/CLEAN/AIHUV010-N02.wav
input/NOISY/AIHUV010-N03.wav,input/CLEAN/AIHUV010-N03.wav
input/NOISY/AIHUV010-N04.wav,input/CLEAN/AIHUV010-N04.wav
input/NOISY/AIHUV010-N05.wav,input/CLEAN/AIHUV010-N05.wav
input/NOISY/AIHUV010-N06.wav,input/CLEAN/AIHUV010-N06.wav
input/NOISY/AIHUV010-N07.wav,input/CLEAN/AIHUV010-N07.wav
input/NOISY/AIHUV010-N08.wav,input/CLEAN/AIHUV010-N08.wav
input/NOISY/AIHUV010-N09.wav,input/CLEAN/AIHUV010-N09.wav
input/NOISY/AIHUV010-N10.wav,input/CLEAN/AIHUV010-N10.wav
input/NOISY/AIHUV010-N11.wav,input/CLEAN/AIHUV010-N11.wav
input/NOISY/AIHUV010-N12.wav,input/CLEAN/AIHUV010-N12.wav
input/NOISY/AIHUV010-N13.wav,input/CLEAN/AIHUV010-N13.wav
input/NOISY/AIHUV010-N14.wav,input/CLEAN/AIHUV010-N14.wav
input/NOISY/AIHUV010-N15.wav,input/CLEAN/AIHUV010-N15.wav
input/NOISY/AIHUV010-N16.wav,input/CLEAN/AIHUV010-N16.wav
input/NOISY/AIHUV010-N17.wav,input/CLEAN/AIHUV010-N17.wav
input/NOISY/AIHUV010-N18.wav,input/CLEAN/AIHUV010-N18.wav
input/NOISY/AIHUV010-N19.wav,input/CLEAN/AIHUV010-N19.wav
input/NOISY/AIHUV010-N20.wav,input/CLEAN/AIHUV010-N20.wav
input/NOISY/AIHUV010-N21.wav,input/CLEAN/AIHUV010-N21.wav
input/NOISY/AIHUV010-N22.wav,input/CLEAN/AIHUV010-N22.wav
input/NOISY/AIHUV010-N23.wav,input/CLEAN/AIHUV010-N23.wav
input/NOISY/AIHUV010-N24.wav,input/CLEAN/AIHUV010-N24.wav
input/NOISY/AIHUV010-N25.wav,input/CLEAN/AIHUV010-N25.wav
input/NOISY/AIHUV010-N26.wav,input/CLEAN/AIHUV010-N26.wav
input/NOISY/AIHUV010-N27.wav,input/CLEAN/AIHUV010-N27.wav
input/NOISY/AIHUV010-N28.wav,input/CLEAN/AIHUV010-N28.wav
input/NOISY/AIHUV010-N29.wav,input/CLEAN/AIHUV010-N29.wav
input/NOISY/AIHUV010-N30.wav,input/CLEAN/AIHUV010-N30.wav
input/NOISY/AIHUV010-N31.wav,input/CLEAN/AIHUV010-N31.wav
input/NOISY/AIHUV010-N32.wav,input/CLEAN/AIHUV010-N32.wav
input/NOISY/AIHUV010-N33.wav,input/CLEAN/AIHUV010-N33.wav
input/NOISY/AIHUV010-N34.wav,input/CLEAN/AIHUV010-N34.wav
input/NOISY/AIHUV010-N35.wav,input/CLEAN/AIHUV010-N35.wav
input/NOISY/AIHUV010-N36.wav,input/CLEAN/AIHUV010-N36.wav
input/NOISY/AIHUV010-N37.wav,input/CLEAN/AIHUV010-N37.wav
input/NOISY/AIHUV010-N38.wav,input/CLEAN/AIHUV010-N38.wav
input/NOISY/AIHUV010-N39.wav,input/CLEAN/AIHUV010-N39.wav
input/NOISY/AIHUV010-N40.wav,input/CLEAN/AIHUV010-N40.wav
input/NOISY/AIHUV010-N41.wav,input/CLEAN/AIHUV010-N41.wav
input/NOISY/AIHUV010-N42.wav,input/CLEAN/AIHUV010-N42.wav
input/NOISY/AIHUV010-N43.wav,input/CLEAN/AIHUV010-N43.wav
input/NOISY/AIHUV010-N44.wav,input/CLEAN/AIHUV010-N44.wav
input/NOISY/AIHUV010-N45.wav,input/CLEAN/AIHUV010-N45.wav
input/NOISY/AIHUV010-N46.wav,input/CLEAN/AIHUV010-N46.wav
input/NOISY/AIHUV010-N47.wav,input/CLEAN/AIHUV010-N47.wav
input/NOISY/AIHUV011-N01.wav,input/CLEAN/AIHUV011-N01.wav
input/NOISY/AIHUV011-N02.wav,input/CLEAN/AIHUV011-N02.wav
input/NOISY/AIHUV011-N03.wav,input/CLEAN/AIHUV011-N03.wav
input/NOISY/AIHUV011-N04.wav,input/CLEAN/AIHUV011-N04.wav
input/NOISY/AIHUV011-N05.wav,input/CLEAN/AIHUV011-N05.wav
input/NOISY/AIHUV011-N06.wav,input/CLEAN/AIHUV011-N06.wav
input/NOISY/AIHUV011-N07.wav,input/CLEAN/AIHUV011-N07.wav
input/NOISY/AIHUV011-N08.wav,input/CLEAN/AIHUV011-N08.wav
input/NOISY/AIHUV011-N09.wav,input/CLEAN/AIHUV011-N09.wav
input/NOISY/AIHUV011-N10.wav,input/CLEAN/AIHUV011-N10.wav
input/NOISY/AIHUV011-N11.wav,input/CLEAN/AIHUV011-N11.wav
input/NOISY/AIHUV011-N12.wav,input/CLEAN/AIHUV011-N12.wav
input/NOISY/AIHUV011-N13.wav,input/CLEAN/AIHUV011-N13.wav
input/NOISY/AIHUV011-N14.wav,input/CLEAN/AIHUV011-N14.wav
input/NOISY/AIHUV011-N15.wav,input/CLEAN/AIHUV011-N15.wav
input/NOISY/AIHUV011-N16.wav,input/CLEAN/AIHUV011-N16.wav
input/NOISY/AIHUV011-N17.wav,input/CLEAN/AIHUV011-N17.wav
input/NOISY/AIHUV011-N18.wav,input/CLEAN/AIHUV011-N18.wav
input/NOISY/AIHUV011-N19.wav,input/CLEAN/AIHUV011-N19.wav
input/NOISY/AIHUV011-N20.wav,input/CLEAN/AIHUV011-N20.wav
input/NOISY/AIHUV011-N21.wav,input/CLEAN/AIHUV011-N21.wav
input/NOISY/AIHUV011-N22.wav,input/CLEAN/AIHUV011-N22.wav
input/NOISY/AIHUV011-N23.wav,input/CLEAN/AIHUV011-N23.wav
input/NOISY/AIHUV011-N24.wav,input/CLEAN/AIHUV011-N24.wav
input/NOISY/AIHUV011-N25.wav,input/CLEAN/AIHUV011-N25.wav
input/NOISY/AIHUV011-N26.wav,input/CLEAN/AIHUV011-N26.wav
input/NOISY/AIHUV011-N27.wav,input/CLEAN/AIHUV011-N27.wav
input/NOISY/AIHUV011-N28.wav,input/CLEAN/AIHUV011-N28.wav
input/NOISY/AIHUV011-N29.wav,input/CLEAN/AIHUV011-N29.wav
input/NOISY/AIHUV011-N30.wav,input/CLEAN/AIHUV011-N30.wav
input/NOISY/AIHUV011-N31.wav,input/CLEAN/AIHUV011-N31.wav
input/NOISY/AIHUV011-N32.wav,input/CLEAN/AIHUV011-N32.wav
input/NOISY/AIHUV011-N33.wav,input/CLEAN/AIHUV011-N33.wav
input/NOISY/AIHUV011-N34.wav,input/CLEAN/AIHUV011-N34.wav
input/NOISY/AIHUV011-N35.wav,input/CLEAN/AIHUV011-N35.wav
input/NOISY/AIHUV011-N36.wav,input/CLEAN/AIHUV011-N36.wav
input/NOISY/AIHUV011-N37.wav,input/CLEAN/AIHUV011-N37.wav
input/NOISY/AIHUV011-N38.wav,input/CLEAN/AIHUV011-N38.wav
input/NOISY/AIHUV011-N39.wav,input/CLEAN/AIHUV011-N39.wav
input/NOISY/AIHUV011-N40.wav,input/CLEAN/AIHUV011-N40.wav
input/NOISY/AIHUV011-N41.wav,input/CLEAN/AIHUV011-N41.wav
input/NOISY/AIHUV011-N42.wav,input/CLEAN/AIHUV011-N42.wav
input/NOISY/AIHUV011-N43.wav,input/CLEAN/AIHUV011-N43.wav
input/NOISY/AIHUV011-N44.wav,input/CLEAN/AIHUV011-N44.wav
input/NOISY/AIHUV011-N45.wav,input/CLEAN/AIHUV011-N45.wav
input/NOISY/AIHUV011-N46.wav,input/CLEAN/AIHUV011-N46.wav
input/NOISY/AIHUV011-N47.wav,input/CLEAN/AIHUV011-N47.wav
input/NOISY/AIHUV012-N01.wav,input/CLEAN/AIHUV012-N01.wav
input/NOISY/AIHUV012-N02.wav,input/CLEAN/AIHUV012-N02.wav
input/NOISY/AIHUV012-N03.wav,input/CLEAN/AIHUV012-N03.wav
input/NOISY/AIHUV012-N04.wav,input/CLEAN/AIHUV012-N04.wav
input/NOISY/AIHUV012-N05.wav,input/CLEAN/AIHUV012-N05.wav
input/NOISY/AIHUV012-N06.wav,input/CLEAN/AIHUV012-N06.wav
input/NOISY/AIHUV012-N07.wav,input/CLEAN/AIHUV012-N07.wav
input/NOISY/AIHUV012-N08.wav,input/CLEAN/AIHUV012-N08.wav
input/NOISY/AIHUV012-N09.wav,input/CLEAN/AIHUV012-N09.wav
input/NOISY/AIHUV012-N10.wav,input/CLEAN/AIHUV012-N10.wav
input/NOISY/AIHUV012-N11.wav,input/CLEAN/AIHUV012-N11.wav
input/NOISY/AIHUV012-N12.wav,input/CLEAN/AIHUV012-N12.wav
input/NOISY/AIHUV012-N13.wav,input/CLEAN/AIHUV012-N13.wav
input/NOISY/AIHUV012-N14.wav,input/CLEAN/AIHUV012-N14.wav
input/NOISY/AIHUV012-N15.wav,input/CLEAN/AIHUV012-N15.wav
input/NOISY/AIHUV012-N16.wav,input/CLEAN/AIHUV012-N16.wav
input/NOISY/AIHUV012-N17.wav,input/CLEAN/AIHUV012-N17.wav
input/NOISY/AIHUV012-N18.wav,input/CLEAN/AIHUV012-N18.wav
input/NOISY/AIHUV012-N19.wav,input/CLEAN/AIHUV012-N19.wav
input/NOISY/AIHUV012-N20.wav,input/CLEAN/AIHUV012-N20.wav
input/NOISY/AIHUV012-N21.wav,input/CLEAN/AIHUV012-N21.wav
input/NOISY/AIHUV012-N22.wav,input/CLEAN/AIHUV012-N22.wav
input/NOISY/AIHUV012-N23.wav,input/CLEAN/AIHUV012-N23.wav
input/NOISY/AIHUV012-N24.wav,input/CLEAN/AIHUV012-N24.wav
input/NOISY/AIHUV012-N25.wav,input/CLEAN/AIHUV012-N25.wav
input/NOISY/AIHUV012-N26.wav,input/CLEAN/AIHUV012-N26.wav
input/NOISY/AIHUV012-N27.wav,input/CLEAN/AIHUV012-N27.wav
input/NOISY/AIHUV012-N28.wav,input/CLEAN/AIHUV012-N28.wav
input/NOISY/AIHUV012-N29.wav,input/CLEAN/AIHUV012-N29.wav
input/NOISY/AIHUV012-N30.wav,input/CLEAN/AIHUV012-N30.wav
input/NOISY/AIHUV012-N31.wav,input/CLEAN/AIHUV012-N31.wav
input/NOISY/AIHUV012-N32.wav,input/CLEAN/AIHUV012-N32.wav
input/NOISY/AIHUV012-N33.wav,input/CLEAN/AIHUV012-N33.wav
input/NOISY/AIHUV012-N34.wav,input/CLEAN/AIHUV012-N34.wav
input/NOISY/AIHUV012-N35.wav,input/CLEAN/AIHUV012-N35.wav
input/NOISY/AIHUV012-N36.wav,input/CLEAN/AIHUV012-N36.wav
input/NOISY/AIHUV012-N37.wav,input/CLEAN/AIHUV012-N37.wav
input/NOISY/AIHUV012-N38.wav,input/CLEAN/AIHUV012-N38.wav
input/NOISY/AIHUV012-N39.wav,input/CLEAN/AIHUV012-N39.wav
input/NOISY/AIHUV012-N40.wav,input/CLEAN/AIHUV012-N40.wav
input/NOISY/AIHUV012-N41.wav,input/CLEAN/AIHUV012-N41.wav
input/NOISY/AIHUV012-N42.wav,input/CLEAN/AIHUV012-N42.wav
input/NOISY/AIHUV012-N43.wav,input/CLEAN/AIHUV012-N43.wav
input/NOISY/AIHUV012-N44.wav,input/CLEAN/AIHUV012-N44.wav
input/NOISY/AIHUV012-N45.wav,input/CLEAN/AIHUV012-N45.wav
input/NOISY/AIHUV012-N46.wav,input/CLEAN/AIHUV012-N46.wav
input/NOISY/AIHUV012-N47.wav,input/CLEAN/AIHUV012-N47.wav
input/NOISY/AIHUV013-N01.wav,input/CLEAN/AIHUV013-N01.wav
input/NOISY/AIHUV013-N02.wav,input/CLEAN/AIHUV013-N02.wav
input/NOISY/AIHUV013-N03.wav,input/CLEAN/AIHUV013-N03.wav
input/NOISY/AIHUV013-N04.wav,input/CLEAN/AIHUV013-N04.wav
input/NOISY/AIHUV013-N05.wav,input/CLEAN/AIHUV013-N05.wav
input/NOISY/AIHUV013-N06.wav,input/CLEAN/AIHUV013-N06.wav
input/NOISY/AIHUV013-N07.wav,input/CLEAN/AIHUV013-N07.wav
input/NOISY/AIHUV013-N08.wav,input/CLEAN/AIHUV013-N08.wav
input/NOISY/AIHUV013-N09.wav,input/CLEAN/AIHUV013-N09.wav
input/NOISY/AIHUV013-N10.wav,input/CLEAN/AIHUV013-N10.wav
input/NOISY/AIHUV013-N11.wav,input/CLEAN/AIHUV013-N11.wav
input/NOISY/AIHUV013-N12.wav,input/CLEAN/AIHUV013-N12.wav
input/NOISY/AIHUV013-N13.wav,input/CLEAN/AIHUV013-N13.wav
input/NOISY/AIHUV013-N14.wav,input/CLEAN/AIHUV013-N14.wav
input/NOISY/AIHUV013-N15.wav,input/CLEAN/AIHUV013-N15.wav
input/NOISY/AIHUV013-N16.wav,input/CLEAN/AIHUV013-N16.wav
input/NOISY/AIHUV013-N17.wav,input/CLEAN/AIHUV013-N17.wav
input/NOISY/AIHUV013-N18.wav,input/CLEAN/AIHUV013-N18.wav
input/NOISY/AIHUV013-N19.wav,input/CLEAN/AIHUV013-N19.wav
input/NOISY/AIHUV013-N20.wav,input/CLEAN/AIHUV013-N20.wav
input/NOISY/AIHUV013-N21.wav,input/CLEAN/AIHUV013-N21.wav
input/NOISY/AIHUV013-N22.wav,input/CLEAN/AIHUV013-N22.wav
input/NOISY/AIHUV013-N23.wav,input/CLEAN/AIHUV013-N23.wav
input/NOISY/AIHUV013-N24.wav,input/CLEAN/AIHUV013-N24.wav
input/NOISY/AIHUV013-N25.wav,input/CLEAN/AIHUV013-N25.wav
input/NOISY/AIHUV013-N26.wav,input/CLEAN/AIHUV013-N26.wav
input/NOISY/AIHUV013-N27.wav,input/CLEAN/AIHUV013-N27.wav
input/NOISY/AIHUV013-N28.wav,input/CLEAN/AIHUV013-N28.wav
input/NOISY/AIHUV013-N29.wav,input/CLEAN/AIHUV013-N29.wav
input/NOISY/AIHUV013-N30.wav,input/CLEAN/AIHUV013-N30.wav
input/NOISY/AIHUV013-N31.wav,input/CLEAN/AIHUV013-N31.wav
input/NOISY/AIHUV013-N32.wav,input/CLEAN/AIHUV013-N32.wav
input/NOISY/AIHUV013-N33.wav,input/CLEAN/AIHUV013-N33.wav
input/NOISY/AIHUV013-N34.wav,input/CLEAN/AIHUV013-N34.wav
input/NOISY/AIHUV013-N35.wav,input/CLEAN/AIHUV013-N35.wav
input/NOISY/AIHUV013-N36.wav,input/CLEAN/AIHUV013-N36.wav
input/NOISY/AIHUV013-N37.wav,input/CLEAN/AIHUV013-N37.wav
input/NOISY/AIHUV013-N38.wav,input/CLEAN/AIHUV013-N38.wav
input/NOISY/AIHUV013-N39.wav,input/CLEAN/AIHUV013-N39.wav
input/NOISY/AIHUV013-N40.wav,input/CLEAN/AIHUV013-N40.wav
input/NOISY/AIHUV013-N41.wav,input/CLEAN/AIHUV013-N41.wav
input/NOISY/AIHUV013-N42.wav,input/CLEAN/AIHUV013-N42.wav
input/NOISY/AIHUV013-N43.wav,input/CLEAN/AIHUV013-N43.wav
input/NOISY/AIHUV013-N44.wav,input/CLEAN/AIHUV013-N44.wav
input/NOISY/AIHUV013-N45.wav,input/CLEAN/AIHUV013-N45.wav
input/NOISY/AIHUV013-N46.wav,input/CLEAN/AIHUV013-N46.wav
input/NOISY/AIHUV013-N47.wav,input/CLEAN/AIHUV013-N47.wav
input/NOISY/AIHUV014-N01.wav,input/CLEAN/AIHUV014-N01.wav
input/NOISY/AIHUV014-N02.wav,input/CLEAN/AIHUV014-N02.wav
input/NOISY/AIHUV014-N03.wav,input/CLEAN/AIHUV014-N03.wav
input/NOISY/AIHUV014-N04.wav,input/CLEAN/AIHUV014-N04.wav
input/NOISY/AIHUV014-N05.wav,input/CLEAN/AIHUV014-N05.wav
input/NOISY/AIHUV014-N06.wav,input/CLEAN/AIHUV014-N06.wav
input/NOISY/AIHUV014-N07.wav,input/CLEAN/AIHUV014-N07.wav
input/NOISY/AIHUV014-N08.wav,input/CLEAN/AIHUV014-N08.wav
input/NOISY/AIHUV014-N09.wav,input/CLEAN/AIHUV014-N09.wav
input/NOISY/AIHUV014-N10.wav,input/CLEAN/AIHUV014-N10.wav
input/NOISY/AIHUV014-N11.wav,input/CLEAN/AIHUV014-N11.wav
input/NOISY/AIHUV014-N12.wav,input/CLEAN/AIHUV014-N12.wav
input/NOISY/AIHUV014-N13.wav,input/CLEAN/AIHUV014-N13.wav
input/NOISY/AIHUV014-N14.wav,input/CLEAN/AIHUV014-N14.wav
input/NOISY/AIHUV014-N15.wav,input/CLEAN/AIHUV014-N15.wav
input/NOISY/AIHUV014-N16.wav,input/CLEAN/AIHUV014-N16.wav
input/NOISY/AIHUV014-N17.wav,input/CLEAN/AIHUV014-N17.wav
input/NOISY/AIHUV014-N18.wav,input/CLEAN/AIHUV014-N18.wav
input/NOISY/AIHUV014-N19.wav,input/CLEAN/AIHUV014-N19.wav
input/NOISY/AIHUV014-N20.wav,input/CLEAN/AIHUV014-N20.wav
input/NOISY/AIHUV014-N21.wav,input/CLEAN/AIHUV014-N21.wav
input/NOISY/AIHUV014-N22.wav,input/CLEAN/AIHUV014-N22.wav
input/NOISY/AIHUV014-N23.wav,input/CLEAN/AIHUV014-N23.wav
input/NOISY/AIHUV014-N24.wav,input/CLEAN/AIHUV014-N24.wav
input/NOISY/AIHUV014-N25.wav,input/CLEAN/AIHUV014-N25.wav
input/NOISY/AIHUV014-N26.wav,input/CLEAN/AIHUV014-N26.wav
input/NOISY/AIHUV014-N27.wav,input/CLEAN/AIHUV014-N27.wav
input/NOISY/AIHUV014-N28.wav,input/CLEAN/AIHUV014-N28.wav
input/NOISY/AIHUV014-N29.wav,input/CLEAN/AIHUV014-N29.wav
input/NOISY/AIHUV014-N30.wav,input/CLEAN/AIHUV014-N30.wav
input/NOISY/AIHUV014-N31.wav,input/CLEAN/AIHUV014-N31.wav
input/NOISY/AIHUV014-N32.wav,input/CLEAN/AIHUV014-N32.wav
input/NOISY/AIHUV014-N33.wav,input/CLEAN/AIHUV014-N33.wav
input/NOISY/AIHUV014-N34.wav,input/CLEAN/AIHUV014-N34.wav
input/NOISY/AIHUV014-N35.wav,input/CLEAN/AIHUV014-N35.wav
input/NOISY/AIHUV014-N36.wav,input/CLEAN/AIHUV014-N36.wav
input/NOISY/AIHUV014-N37.wav,input/CLEAN/AIHUV014-N37.wav
input/NOISY/AIHUV014-N38.wav,input/CLEAN/AIHUV014-N38.wav
input/NOISY/AIHUV014-N39.wav,input/CLEAN/AIHUV014-N39.wav
input/NOISY/AIHUV014-N40.wav,input/CLEAN/AIHUV014-N40.wav
input/NOISY/AIHUV014-N41.wav,input/CLEAN/AIHUV014-N41.wav
input/NOISY/AIHUV014-N42.wav,input/CLEAN/AIHUV014-N42.wav
input/NOISY/AIHUV014-N43.wav,input/CLEAN/AIHUV014-N43.wav
input/NOISY/AIHUV014-N44.wav,input/CLEAN/AIHUV014-N44.wav
input/NOISY/AIHUV014-N45.wav,input/CLEAN/AIHUV014-N45.wav
input/NOISY/AIHUV014-N46.wav,input/CLEAN/AIHUV014-N46.wav
input/NOISY/AIHUV014-N47.wav,input/CLEAN/AIHUV014-N47.wav
input/NOISY/AIHUV015-N01.wav,input/CLEAN/AIHUV015-N01.wav
input/NOISY/AIHUV015-N02.wav,input/CLEAN/AIHUV015-N02.wav
input/NOISY/AIHUV015-N03.wav,input/CLEAN/AIHUV015-N03.wav
input/NOISY/AIHUV015-N04.wav,input/CLEAN/AIHUV015-N04.wav
input/NOISY/AIHUV015-N05.wav,input/CLEAN/AIHUV015-N05.wav
input/NOISY/AIHUV015-N06.wav,input/CLEAN/AIHUV015-N06.wav
input/NOISY/AIHUV015-N07.wav,input/CLEAN/AIHUV015-N07.wav
input/NOISY/AIHUV015-N08.wav,input/CLEAN/AIHUV015-N08.wav
input/NOISY/AIHUV015-N09.wav,input/CLEAN/AIHUV015-N09.wav
input/NOISY/AIHUV015-N10.wav,input/CLEAN/AIHUV015-N10.wav
input/NOISY/AIHUV015-N11.wav,input/CLEAN/AIHUV015-N11.wav
input/NOISY/AIHUV015-N12.wav,input/CLEAN/AIHUV015-N12.wav
input/NOISY/AIHUV015-N13.wav,input/CLEAN/AIHUV015-N13.wav
input/NOISY/AIHUV015-N14.wav,input/CLEAN/AIHUV015-N14.wav
input/NOISY/AIHUV015-N15.wav,input/CLEAN/AIHUV015-N15.wav
input/NOISY/AIHUV015-N16.wav,input/CLEAN/AIHUV015-N16.wav
input/NOISY/AIHUV015-N17.wav,input/CLEAN/AIHUV015-N17.wav
input/NOISY/AIHUV015-N18.wav,input/CLEAN/AIHUV015-N18.wav
input/NOISY/AIHUV015-N19.wav,input/CLEAN/AIHUV015-N19.wav
input/NOISY/AIHUV015-N20.wav,input/CLEAN/AIHUV015-N20.wav
input/NOISY/AIHUV015-N21.wav,input/CLEAN/AIHUV015-N21.wav
input/NOISY/AIHUV015-N22.wav,input/CLEAN/AIHUV015-N22.wav
input/NOISY/AIHUV015-N23.wav,input/CLEAN/AIHUV015-N23.wav
input/NOISY/AIHUV015-N24.wav,input/CLEAN/AIHUV015-N24.wav
input/NOISY/AIHUV015-N25.wav,input/CLEAN/AIHUV015-N25.wav
input/NOISY/AIHUV015-N26.wav,input/CLEAN/AIHUV015-N26.wav
input/NOISY/AIHUV015-N27.wav,input/CLEAN/AIHUV015-N27.wav
input/NOISY/AIHUV015-N28.wav,input/CLEAN/AIHUV015-N28.wav
input/NOISY/AIHUV015-N29.wav,input/CLEAN/AIHUV015-N29.wav
input/NOISY/AIHUV015-N30.wav,input/CLEAN/AIHUV015-N30.wav
input/NOISY/AIHUV015-N31.wav,input/CLEAN/AIHUV015-N31.wav
input/NOISY/AIHUV015-N32.wav,input/CLEAN/AIHUV015-N32.wav
input/NOISY/AIHUV015-N33.wav,input/CLEAN/AIHUV015-N33.wav
input/NOISY/AIHUV015-N34.wav,input/CLEAN/AIHUV015-N34.wav
input/NOISY/AIHUV015-N35.wav,input/CLEAN/AIHUV015-N35.wav
input/NOISY/AIHUV015-N36.wav,input/CLEAN/AIHUV015-N36.wav
input/NOISY/AIHUV015-N37.wav,input/CLEAN/AIHUV015-N37.wav
input/NOISY/AIHUV015-N38.wav,input/CLEAN/AIHUV015-N38.wav
input/NOISY/AIHUV015-N39.wav,input/CLEAN/AIHUV015-N39.wav
input/NOISY/AIHUV015-N40.wav,input/CLEAN/AIHUV015-N40.wav
input/NOISY/AIHUV015-N41.wav,input/CLEAN/AIHUV015-N41.wav
input/NOISY/AIHUV015-N42.wav,input/CLEAN/AIHUV015-N42.wav
input/NOISY/AIHUV015-N43.wav,input/CLEAN/AIHUV015-N43.wav
input/NOISY/AIHUV015-N44.wav,input/CLEAN/AIHUV015-N44.wav
input/NOISY/AIHUV015-N45.wav,input/CLEAN/AIHUV015-N45.wav
input/NOISY/AIHUV015-N46.wav,input/CLEAN/AIHUV015-N46.wav
input/NOISY/AIHUV015-N47.wav,input/CLEAN/AIHUV015-N47.wav
input/NOISY/AIHUV016-N01.wav,input/CLEAN/AIHUV016-N01.wav
input/NOISY/AIHUV016-N02.wav,input/CLEAN/AIHUV016-N02.wav
input/NOISY/AIHUV016-N03.wav,input/CLEAN/AIHUV016-N03.wav
input/NOISY/AIHUV016-N04.wav,input/CLEAN/AIHUV016-N04.wav
input/NOISY/AIHUV016-N05.wav,input/CLEAN/AIHUV016-N05.wav
input/NOISY/AIHUV016-N06.wav,input/CLEAN/AIHUV016-N06.wav
input/NOISY/AIHUV016-N07.wav,input/CLEAN/AIHUV016-N07.wav
input/NOISY/AIHUV016-N08.wav,input/CLEAN/AIHUV016-N08.wav
input/NOISY/AIHUV016-N09.wav,input/CLEAN/AIHUV016-N09.wav
input/NOISY/AIHUV016-N10.wav,input/CLEAN/AIHUV016-N10.wav
input/NOISY/AIHUV016-N11.wav,input/CLEAN/AIHUV016-N11.wav
input/NOISY/AIHUV016-N12.wav,input/CLEAN/AIHUV016-N12.wav
input/NOISY/AIHUV016-N13.wav,input/CLEAN/AIHUV016-N13.wav
input/NOISY/AIHUV016-N14.wav,input/CLEAN/AIHUV016-N14.wav
input/NOISY/AIHUV016-N15.wav,input/CLEAN/AIHUV016-N15.wav
input/NOISY/AIHUV016-N16.wav,input/CLEAN/AIHUV016-N16.wav
input/NOISY/AIHUV016-N17.wav,input/CLEAN/AIHUV016-N17.wav
input/NOISY/AIHUV016-N18.wav,input/CLEAN/AIHUV016-N18.wav
input/NOISY/AIHUV016-N19.wav,input/CLEAN/AIHUV016-N19.wav
input/NOISY/AIHUV016-N20.wav,input/CLEAN/AIHUV016-N20.wav
input/NOISY/AIHUV016-N21.wav,input/CLEAN/AIHUV016-N21.wav
input/NOISY/AIHUV016-N22.wav,input/CLEAN/AIHUV016-N22.wav
input/NOISY/AIHUV016-N23.wav,input/CLEAN/AIHUV016-N23.wav
input/NOISY/AIHUV016-N24.wav,input/CLEAN/AIHUV016-N24.wav
input/NOISY/AIHUV016-N25.wav,input/CLEAN/AIHUV016-N25.wav
input/NOISY/AIHUV016-N26.wav,input/CLEAN/AIHUV016-N26.wav
input/NOISY/AIHUV016-N27.wav,input/CLEAN/AIHUV016-N27.wav
input/NOISY/AIHUV016-N28.wav,input/CLEAN/AIHUV016-N28.wav
input/NOISY/AIHUV016-N29.wav,input/CLEAN/AIHUV016-N29.wav
input/NOISY/AIHUV016-N30.wav,input/CLEAN/AIHUV016-N30.wav
input/NOISY/AIHUV016-N31.wav,input/CLEAN/AIHUV016-N31.wav
input/NOISY/AIHUV016-N32.wav,input/CLEAN/AIHUV016-N32.wav
input/NOISY/AIHUV016-N33.wav,input/CLEAN/AIHUV016-N33.wav
input/NOISY/AIHUV016-N34.wav,input/CLEAN/AIHUV016-N34.wav
input/NOISY/AIHUV016-N35.wav,input/CLEAN/AIHUV016-N35.wav
input/NOISY/AIHUV016-N36.wav,input/CLEAN/AIHUV016-N36.wav
input/NOISY/AIHUV016-N37.wav,input/CLEAN/AIHUV016-N37.wav
input/NOISY/AIHUV016-N38.wav,input/CLEAN/AIHUV016-N38.wav
input/NOISY/AIHUV016-N39.wav,input/CLEAN/AIHUV016-N39.wav
input/NOISY/AIHUV016-N40.wav,input/CLEAN/AIHUV016-N40.wav
input/NOISY/AIHUV016-N41.wav,input/CLEAN/AIHUV016-N41.wav
input/NOISY/AIHUV016-N42.wav,input/CLEAN/AIHUV016-N42.wav
input/NOISY/AIHUV016-N43.wav,input/CLEAN/AIHUV016-N43.wav
input/NOISY/AIHUV016-N44.wav,input/CLEAN/AIHUV016-N44.wav
input/NOISY/AIHUV016-N45.wav,input/CLEAN/AIHUV016-N45.wav
input/NOISY/AIHUV016-N46.wav,input/CLEAN/AIHUV016-N46.wav
input/NOISY/AIHUV016-N47.wav,input/CLEAN/AIHUV016-N47.wav
input/NOISY/AIHUV017-N01.wav,input/CLEAN/AIHUV017-N01.wav
input/NOISY/AIHUV017-N02.wav,input/CLEAN/AIHUV017-N02.wav
input/NOISY/AIHUV017-N03.wav,input/CLEAN/AIHUV017-N03.wav
input/NOISY/AIHUV017-N04.wav,input/CLEAN/AIHUV017-N04.wav
input/NOISY/AIHUV017-N05.wav,input/CLEAN/AIHUV017-N05.wav
input/NOISY/AIHUV017-N06.wav,input/CLEAN/AIHUV017-N06.wav
input/NOISY/AIHUV017-N07.wav,input/CLEAN/AIHUV017-N07.wav
input/NOISY/AIHUV017-N08.wav,input/CLEAN/AIHUV017-N08.wav
input/NOISY/AIHUV017-N09.wav,input/CLEAN/AIHUV017-N09.wav
input/NOISY/AIHUV017-N10.wav,input/CLEAN/AIHUV017-N10.wav
input/NOISY/AIHUV017-N11.wav,input/CLEAN/AIHUV017-N11.wav
input/NOISY/AIHUV017-N12.wav,input/CLEAN/AIHUV017-N12.wav
input/NOISY/AIHUV017-N13.wav,input/CLEAN/AIHUV017-N13.wav
input/NOISY/AIHUV017-N14.wav,input/CLEAN/AIHUV017-N14.wav
input/NOISY/AIHUV017-N15.wav,input/CLEAN/AIHUV017-N15.wav
input/NOISY/AIHUV017-N16.wav,input/CLEAN/AIHUV017-N16.wav
input/NOISY/AIHUV017-N17.wav,input/CLEAN/AIHUV017-N17.wav
input/NOISY/AIHUV017-N18.wav,input/CLEAN/AIHUV017-N18.wav
input/NOISY/AIHUV017-N19.wav,input/CLEAN/AIHUV017-N19.wav
input/NOISY/AIHUV017-N20.wav,input/CLEAN/AIHUV017-N20.wav
input/NOISY/AIHUV017-N21.wav,input/CLEAN/AIHUV017-N21.wav
input/NOISY/AIHUV017-N22.wav,input/CLEAN/AIHUV017-N22.wav
input/NOISY/AIHUV017-N23.wav,input/CLEAN/AIHUV017-N23.wav
input/NOISY/AIHUV017-N24.wav,input/CLEAN/AIHUV017-N24.wav
input/NOISY/AIHUV017-N25.wav,input/CLEAN/AIHUV017-N25.wav
input/NOISY/AIHUV017-N26.wav,input/CLEAN/AIHUV017-N26.wav
input/NOISY/AIHUV017-N27.wav,input/CLEAN/AIHUV017-N27.wav
input/NOISY/AIHUV017-N28.wav,input/CLEAN/AIHUV017-N28.wav
input/NOISY/AIHUV017-N29.wav,input/CLEAN/AIHUV017-N29.wav
input/NOISY/AIHUV017-N30.wav,input/CLEAN/AIHUV017-N30.wav
input/NOISY/AIHUV017-N31.wav,input/CLEAN/AIHUV017-N31.wav
input/NOISY/AIHUV017-N32.wav,input/CLEAN/AIHUV017-N32.wav
input/NOISY/AIHUV017-N33.wav,input/CLEAN/AIHUV017-N33.wav
input/NOISY/AIHUV017-N34.wav,input/CLEAN/AIHUV017-N34.wav
input/NOISY/AIHUV017-N35.wav,input/CLEAN/AIHUV017-N35.wav
input/NOISY/AIHUV017-N36.wav,input/CLEAN/AIHUV017-N36.wav
input/NOISY/AIHUV017-N37.wav,input/CLEAN/AIHUV017-N37.wav
input/NOISY/AIHUV017-N38.wav,input/CLEAN/AIHUV017-N38.wav
input/NOISY/AIHUV017-N39.wav,input/CLEAN/AIHUV017-N39.wav
input/NOISY/AIHUV017-N40.wav,input/CLEAN/AIHUV017-N40.wav
input/NOISY/AIHUV017-N41.wav,input/CLEAN/AIHUV017-N41.wav
input/NOISY/AIHUV017-N42.wav,input/CLEAN/AIHUV017-N42.wav
input/NOISY/AIHUV017-N43.wav,input/CLEAN/AIHUV017-N43.wav
input/NOISY/AIHUV017-N44.wav,input/CLEAN/AIHUV017-N44.wav
input/NOISY/AIHUV017-N45.wav,input/CLEAN/AIHUV017-N45.wav
input/NOISY/AIHUV017-N46.wav,input/CLEAN/AIHUV017-N46.wav
input/NOISY/AIHUV017-N47.wav,input/CLEAN/AIHUV017-N47.wav
input/NOISY/AIHUV018-N01.wav,input/CLEAN/AIHUV018-N01.wav
input/NOISY/AIHUV018-N02.wav,input/CLEAN/AIHUV018-N02.wav
input/NOISY/AIHUV018-N03.wav,input/CLEAN/AIHUV018-N03.wav
input/NOISY/AIHUV018-N04.wav,input/CLEAN/AIHUV018-N04.wav
input/NOISY/AIHUV018-N05.wav,input/CLEAN/AIHUV018-N05.wav
input/NOISY/AIHUV018-N06.wav,input/CLEAN/AIHUV018-N06.wav
input/NOISY/AIHUV018-N07.wav,input/CLEAN/AIHUV018-N07.wav
input/NOISY/AIHUV018-N08.wav,input/CLEAN/AIHUV018-N08.wav
input/NOISY/AIHUV018-N09.wav,input/CLEAN/AIHUV018-N09.wav
input/NOISY/AIHUV018-N10.wav,input/CLEAN/AIHUV018-N10.wav
input/NOISY/AIHUV018-N11.wav,input/CLEAN/AIHUV018-N11.wav
input/NOISY/AIHUV018-N12.wav,input/CLEAN/AIHUV018-N12.wav
input/NOISY/AIHUV018-N13.wav,input/CLEAN/AIHUV018-N13.wav
input/NOISY/AIHUV018-N14.wav,input/CLEAN/AIHUV018-N14.wav
input/NOISY/AIHUV018-N15.wav,input/CLEAN/AIHUV018-N15.wav
input/NOISY/AIHUV018-N16.wav,input/CLEAN/AIHUV018-N16.wav
input/NOISY/AIHUV018-N17.wav,input/CLEAN/AIHUV018-N17.wav
input/NOISY/AIHUV018-N18.wav,input/CLEAN/AIHUV018-N18.wav
input/NOISY/AIHUV018-N19.wav,input/CLEAN/AIHUV018-N19.wav
input/NOISY/AIHUV018-N20.wav,input/CLEAN/AIHUV018-N20.wav
input/NOISY/AIHUV018-N21.wav,input/CLEAN/AIHUV018-N21.wav
input/NOISY/AIHUV018-N22.wav,input/CLEAN/AIHUV018-N22.wav
input/NOISY/AIHUV018-N23.wav,input/CLEAN/AIHUV018-N23.wav
input/NOISY/AIHUV018-N24.wav,input/CLEAN/AIHUV018-N24.wav
input/NOISY/AIHUV018-N25.wav,input/CLEAN/AIHUV018-N25.wav
input/NOISY/AIHUV018-N26.wav,input/CLEAN/AIHUV018-N26.wav
input/NOISY/AIHUV018-N27.wav,input/CLEAN/AIHUV018-N27.wav
input/NOISY/AIHUV018-N28.wav,input/CLEAN/AIHUV018-N28.wav
input/NOISY/AIHUV018-N29.wav,input/CLEAN/AIHUV018-N29.wav
input/NOISY/AIHUV018-N30.wav,input/CLEAN/AIHUV018-N30.wav
input/NOISY/AIHUV018-N31.wav,input/CLEAN/AIHUV018-N31.wav
input/NOISY/AIHUV018-N32.wav,input/CLEAN/AIHUV018-N32.wav
input/NOISY/AIHUV018-N33.wav,input/CLEAN/AIHUV018-N33.wav
input/NOISY/AIHUV018-N34.wav,input/CLEAN/AIHUV018-N34.wav
input/NOISY/AIHUV018-N35.wav,input/CLEAN/AIHUV018-N35.wav
input/NOISY/AIHUV018-N36.wav,input/CLEAN/AIHUV018-N36.wav
input/NOISY/AIHUV018-N37.wav,input/CLEAN/AIHUV018-N37.wav
input/NOISY/AIHUV018-N38.wav,input/CLEAN/AIHUV018-N38.wav
input/NOISY/AIHUV018-N39.wav,input/CLEAN/AIHUV018-N39.wav
input/NOISY/AIHUV018-N40.wav,input/CLEAN/AIHUV018-N40.wav
input/NOISY/AIHUV018-N41.wav,input/CLEAN/AIHUV018-N41.wav
input/NOISY/AIHUV018-N42.wav,input/CLEAN/AIHUV018-N42.wav
input/NOISY/AIHUV018-N43.wav,input/CLEAN/AIHUV018-N43.wav
input/NOISY/AIHUV018-N44.wav,input/CLEAN/AIHUV018-N44.wav
input/NOISY/AIHUV018-N45.wav,input/CLEAN/AIHUV018-N45.wav
input/NOISY/AIHUV018-N46.wav,input/CLEAN/AIHUV018-N46.wav
input/NOISY/AIHUV018-N47.wav,input/CLEAN/AIHUV018-N47.wav
input/NOISY/AIHUV019-N01.wav,input/CLEAN/AIHUV019-N01.wav
input/NOISY/AIHUV019-N02.wav,input/CLEAN/AIHUV019-N02.wav
input/NOISY/AIHUV019-N03.wav,input/CLEAN/AIHUV019-N03.wav
input/NOISY/AIHUV019-N04.wav,input/CLEAN/AIHUV019-N04.wav
input/NOISY/AIHUV019-N05.wav,input/CLEAN/AIHUV019-N05.wav
input/NOISY/AIHUV019-N06.wav,input/CLEAN/AIHUV019-N06.wav
input/NOISY/AIHUV019-N07.wav,input/CLEAN/AIHUV019-N07.wav
input/NOISY/AIHUV019-N08.wav,input/CLEAN/AIHUV019-N08.wav
input/NOISY/AIHUV019-N09.wav,input/CLEAN/AIHUV019-N09.wav
input/NOISY/AIHUV019-N10.wav,input/CLEAN/AIHUV019-N10.wav
input/NOISY/AIHUV019-N11.wav,input/CLEAN/AIHUV019-N11.wav
input/NOISY/AIHUV019-N12.wav,input/CLEAN/AIHUV019-N12.wav
input/NOISY/AIHUV019-N13.wav,input/CLEAN/AIHUV019-N13.wav
input/NOISY/AIHUV019-N14.wav,input/CLEAN/AIHUV019-N14.wav
input/NOISY/AIHUV019-N15.wav,input/CLEAN/AIHUV019-N15.wav
input/NOISY/AIHUV019-N16.wav,input/CLEAN/AIHUV019-N16.wav
input/NOISY/AIHUV019-N17.wav,input/CLEAN/AIHUV019-N17.wav
input/NOISY/AIHUV019-N18.wav,input/CLEAN/AIHUV019-N18.wav
input/NOISY/AIHUV019-N19.wav,input/CLEAN/AIHUV019-N19.wav
input/NOISY/AIHUV019-N20.wav,input/CLEAN/AIHUV019-N20.wav
input/NOISY/AIHUV019-N21.wav,input/CLEAN/AIHUV019-N21.wav
input/NOISY/AIHUV019-N22.wav,input/CLEAN/AIHUV019-N22.wav
input/NOISY/AIHUV019-N23.wav,input/CLEAN/AIHUV019-N23.wav
input/NOISY/AIHUV019-N24.wav,input/CLEAN/AIHUV019-N24.wav
input/NOISY/AIHUV019-N25.wav,input/CLEAN/AIHUV019-N25.wav
input/NOISY/AIHUV019-N26.wav,input/CLEAN/AIHUV019-N26.wav
input/NOISY/AIHUV019-N27.wav,input/CLEAN/AIHUV019-N27.wav
input/NOISY/AIHUV019-N28.wav,input/CLEAN/AIHUV019-N28.wav
input/NOISY/AIHUV019-N29.wav,input/CLEAN/AIHUV019-N29.wav
input/NOISY/AIHUV019-N30.wav,input/CLEAN/AIHUV019-N30.wav
input/NOISY/AIHUV019-N31.wav,input/CLEAN/AIHUV019-N31.wav
input/NOISY/AIHUV019-N32.wav,input/CLEAN/AIHUV019-N32.wav
input/NOISY/AIHUV019-N33.wav,input/CLEAN/AIHUV019-N33.wav
input/NOISY/AIHUV019-N34.wav,input/CLEAN/AIHUV019-N34.wav
input/NOISY/AIHUV019-N35.wav,input/CLEAN/AIHUV019-N35.wav
input/NOISY/AIHUV019-N36.wav,input/CLEAN/AIHUV019-N36.wav
input/NOISY/AIHUV019-N37.wav,input/CLEAN/AIHUV019-N37.wav
input/NOISY/AIHUV019-N38.wav,input/CLEAN/AIHUV019-N38.wav
input/NOISY/AIHUV019-N39.wav,input/CLEAN/AIHUV019-N39.wav
input/NOISY/AIHUV019-N40.wav,input/CLEAN/AIHUV019-N40.wav
input/NOISY/AIHUV019-N41.wav,input/CLEAN/AIHUV019-N41.wav
input/NOISY/AIHUV019-N42.wav,input/CLEAN/AIHUV019-N42.wav
input/NOISY/AIHUV019-N43.wav,input/CLEAN/AIHUV019-N43.wav
input/NOISY/AIHUV019-N44.wav,input/CLEAN/AIHUV019-N44.wav
input/NOISY/AIHUV019-N45.wav,input/CLEAN/AIHUV019-N45.wav
input/NOISY/AIHUV019-N46.wav,input/CLEAN/AIHUV019-N46.wav
input/NOISY/AIHUV019-N47.wav,input/CLEAN/AIHUV019-N47.wav
input/NOISY/AIHUV020-N01.wav,input/CLEAN/AIHUV020-N01.wav
input/NOISY/AIHUV020-N02.wav,input/CLEAN/AIHUV020-N02.wav
input/NOISY/AIHUV020-N03.wav,input/CLEAN/AIHUV020-N03.wav
input/NOISY/AIHUV020-N04.wav,input/CLEAN/AIHUV020-N04.wav
input/NOISY/AIHUV020-N05.wav,input/CLEAN/AIHUV020-N05.wav
input/NOISY/AIHUV020-N06.wav,input/CLEAN/AIHUV020-N06.wav
input/NOISY/AIHUV020-N07.wav,input/CLEAN/AIHUV020-N07.wav
input/NOISY/AIHUV020-N08.wav,input/CLEAN/AIHUV020-N08.wav
input/NOISY/AIHUV020-N09.wav,input/CLEAN/AIHUV020-N09.wav
input/NOISY/AIHUV020-N10.wav,input/CLEAN/AIHUV020-N10.wav
input/NOISY/AIHUV020-N11.wav,input/CLEAN/AIHUV020-N11.wav
input/NOISY/AIHUV020-N12.wav,input/CLEAN/AIHUV020-N12.wav
input/NOISY/AIHUV020-N13.wav,input/CLEAN/AIHUV020-N13.wav
input/NOISY/AIHUV020-N14.wav,input/CLEAN/AIHUV020-N14.wav
input/NOISY/AIHUV020-N15.wav,input/CLEAN/AIHUV020-N15.wav
input/NOISY/AIHUV020-N16.wav,input/CLEAN/AIHUV020-N16.wav
input/NOISY/AIHUV020-N17.wav,input/CLEAN/AIHUV020-N17.wav
input/NOISY/AIHUV020-N18.wav,input/CLEAN/AIHUV020-N18.wav
input/NOISY/AIHUV020-N19.wav,input/CLEAN/AIHUV020-N19.wav
input/NOISY/AIHUV020-N20.wav,input/CLEAN/AIHUV020-N20.wav
input/NOISY/AIHUV020-N21.wav,input/CLEAN/AIHUV020-N21.wav
input/NOISY/AIHUV020-N22.wav,input/CLEAN/AIHUV020-N22.wav
input/NOISY/AIHUV020-N23.wav,input/CLEAN/AIHUV020-N23.wav
input/NOISY/AIHUV020-N24.wav,input/CLEAN/AIHUV020-N24.wav
input/NOISY/AIHUV020-N25.wav,input/CLEAN/AIHUV020-N25.wav
input/NOISY/AIHUV020-N26.wav,input/CLEAN/AIHUV020-N26.wav
input/NOISY/AIHUV020-N27.wav,input/CLEAN/AIHUV020-N27.wav
input/NOISY/AIHUV020-N28.wav,input/CLEAN/AIHUV020-N28.wav
input/NOISY/AIHUV020-N29.wav,input/CLEAN/AIHUV020-N29.wav
input/NOISY/AIHUV020-N30.wav,input/CLEAN/AIHUV020-N30.wav
input/NOISY/AIHUV020-N31.wav,input/CLEAN/AIHUV020-N31.wav
input/NOISY/AIHUV020-N32.wav,input/CLEAN/AIHUV020-N32.wav
input/NOISY/AIHUV020-N33.wav,input/CLEAN/AIHUV020-N33.wav
input/NOISY/AIHUV020-N34.wav,input/CLEAN/AIHUV020-N34.wav
input/NOISY/AIHUV020-N35.wav,input/CLEAN/AIHUV020-N35.wav
input/NOISY/AIHUV020-N36.wav,input/CLEAN/AIHUV020-N36.wav
input/NOISY/AIHUV020-N37.wav,input/CLEAN/AIHUV020-N37.wav
input/NOISY/AIHUV020-N38.wav,input/CLEAN/AIHUV020-N38.wav
input/NOISY/AIHUV020-N39.wav,input/CLEAN/AIHUV020-N39.wav
input/NOISY/AIHUV020-N40.wav,input/CLEAN/AIHUV020-N40.wav
input/NOISY/AIHUV020-N41.wav,input/CLEAN/AIHUV020-N41.wav
input/NOISY/AIHUV020-N42.wav,input/CLEAN/AIHUV020-N42.wav
input/NOISY/AIHUV020-N43.wav,input/CLEAN/AIHUV020-N43.wav
input/NOISY/AIHUV020-N44.wav,input/CLEAN/AIHUV020-N44.wav
input/NOISY/AIHUV020-N45.wav,input/CLEAN/AIHUV020-N45.wav
input/NOISY/AIHUV020-N46.wav,input/CLEAN/AIHUV020-N46.wav
input/NOISY/AIHUV020-N47.wav,input/CLEAN/AIHUV020-N47.wav
input/NOISY/AIMBV003-N01.wav,input/CLEAN/AIMBV003-N01.wav
input/NOISY/AIMBV003-N02.wav,input/CLEAN/AIMBV003-N02.wav
input/NOISY/AIMBV003-N03.wav,input/CLEAN/AIMBV003-N03.wav
input/NOISY/AIMBV003-N04.wav,input/CLEAN/AIMBV003-N04.wav
input/NOISY/AIMBV003-N05.wav,input/CLEAN/AIMBV003-N05.wav
input/NOISY/AIMBV003-N06.wav,input/CLEAN/AIMBV003-N06.wav
input/NOISY/AIMBV003-N07.wav,input/CLEAN/AIMBV003-N07.wav
input/NOISY/AIMBV003-N08.wav,input/CLEAN/AIMBV003-N08.wav
input/NOISY/AIMBV003-N09.wav,input/CLEAN/AIMBV003-N09.wav
input/NOISY/AIMBV003-N10.wav,input/CLEAN/AIMBV003-N10.wav
input/NOISY/AIMBV003-N11.wav,input/CLEAN/AIMBV003-N11.wav
input/NOISY/AIMBV003-N12.wav,input/CLEAN/AIMBV003-N12.wav
input/NOISY/AIMBV003-N13.wav,input/CLEAN/AIMBV003-N13.wav
input/NOISY/AIMBV003-N14.wav,input/CLEAN/AIMBV003-N14.wav
input/NOISY/AIMBV003-N15.wav,input/CLEAN/AIMBV003-N15.wav
input/NOISY/AIMBV003-N16.wav,input/CLEAN/AIMBV003-N16.wav
input/NOISY/AIMBV003-N17.wav,input/CLEAN/AIMBV003-N17.wav
input/NOISY/AIMBV003-N18.wav,input/CLEAN/AIMBV003-N18.wav
input/NOISY/AIMBV003-N19.wav,input/CLEAN/AIMBV003-N19.wav
input/NOISY/AIMBV003-N20.wav,input/CLEAN/AIMBV003-N20.wav
input/NOISY/AIMBV003-N21.wav,input/CLEAN/AIMBV003-N21.wav
input/NOISY/AIMBV003-N22.wav,input/CLEAN/AIMBV003-N22.wav
input/NOISY/AIMBV003-N23.wav,input/CLEAN/AIMBV003-N23.wav
input/NOISY/AIMBV003-N24.wav,input/CLEAN/AIMBV003-N24.wav
input/NOISY/AIMBV003-N25.wav,input/CLEAN/AIMBV003-N25.wav
input/NOISY/AIMBV003-N26.wav,input/CLEAN/AIMBV003-N26.wav
input/NOISY/AIMBV003-N27.wav,input/CLEAN/AIMBV003-N27.wav
input/NOISY/AIMBV003-N28.wav,input/CLEAN/AIMBV003-N28.wav
input/NOISY/AIMBV003-N29.wav,input/CLEAN/AIMBV003-N29.wav
input/NOISY/AIMBV003-N30.wav,input/CLEAN/AIMBV003-N30.wav
input/NOISY/AIMBV003-N31.wav,input/CLEAN/AIMBV003-N31.wav
input/NOISY/AIMBV003-N32.wav,input/CLEAN/AIMBV003-N32.wav
input/NOISY/AIMBV003-N33.wav,input/CLEAN/AIMBV003-N33.wav
input/NOISY/AIMBV003-N34.wav,input/CLEAN/AIMBV003-N34.wav
input/NOISY/AIMBV003-N35.wav,input/CLEAN/AIMBV003-N35.wav
input/NOISY/AIMBV003-N36.wav,input/CLEAN/AIMBV003-N36.wav
input/NOISY/AIMBV003-N37.wav,input/CLEAN/AIMBV003-N37.wav
input/NOISY/AIMBV003-N38.wav,input/CLEAN/AIMBV003-N38.wav
input/NOISY/AIMBV003-N39.wav,input/CLEAN/AIMBV003-N39.wav
input/NOISY/AIMBV003-N40.wav,input/CLEAN/AIMBV003-N40.wav
input/NOISY/AIMBV003-N41.wav,input/CLEAN/AIMBV003-N41.wav
input/NOISY/AIMBV003-N42.wav,input/CLEAN/AIMBV003-N42.wav
input/NOISY/AIMBV003-N43.wav,input/CLEAN/AIMBV003-N43.wav
input/NOISY/AIMBV003-N44.wav,input/CLEAN/AIMBV003-N44.wav
input/NOISY/AIMBV003-N45.wav,input/CLEAN/AIMBV003-N45.wav
input/NOISY/AIMBV003-N46.wav,input/CLEAN/AIMBV003-N46.wav
input/NOISY/AIMBV003-N47.wav,input/CLEAN/AIMBV003-N47.wav
input/NOISY/AIMBV004-N01.wav,input/CLEAN/AIMBV004-N01.wav
input/NOISY/AIMBV004-N02.wav,input/CLEAN/AIMBV004-N02.wav
input/NOISY/AIMBV004-N03.wav,input/CLEAN/AIMBV004-N03.wav
input/NOISY/AIMBV004-N04.wav,input/CLEAN/AIMBV004-N04.wav
input/NOISY/AIMBV004-N05.wav,input/CLEAN/AIMBV004-N05.wav
input/NOISY/AIMBV004-N06.wav,input/CLEAN/AIMBV004-N06.wav
input/NOISY/AIMBV004-N07.wav,input/CLEAN/AIMBV004-N07.wav
input/NOISY/AIMBV004-N08.wav,input/CLEAN/AIMBV004-N08.wav
input/NOISY/AIMBV004-N09.wav,input/CLEAN/AIMBV004-N09.wav
input/NOISY/AIMBV004-N10.wav,input/CLEAN/AIMBV004-N10.wav
input/NOISY/AIMBV004-N11.wav,input/CLEAN/AIMBV004-N11.wav
input/NOISY/AIMBV004-N12.wav,input/CLEAN/AIMBV004-N12.wav
input/NOISY/AIMBV004-N13.wav,input/CLEAN/AIMBV004-N13.wav
input/NOISY/AIMBV004-N14.wav,input/CLEAN/AIMBV004-N14.wav
input/NOISY/AIMBV004-N15.wav,input/CLEAN/AIMBV004-N15.wav
input/NOISY/AIMBV004-N16.wav,input/CLEAN/AIMBV004-N16.wav
input/NOISY/AIMBV004-N17.wav,input/CLEAN/AIMBV004-N17.wav
input/NOISY/AIMBV004-N18.wav,input/CLEAN/AIMBV004-N18.wav
input/NOISY/AIMBV004-N19.wav,input/CLEAN/AIMBV004-N19.wav
input/NOISY/AIMBV004-N20.wav,input/CLEAN/AIMBV004-N20.wav
input/NOISY/AIMBV004-N21.wav,input/CLEAN/AIMBV004-N21.wav
input/NOISY/AIMBV004-N22.wav,input/CLEAN/AIMBV004-N22.wav
input/NOISY/AIMBV004-N23.wav,input/CLEAN/AIMBV004-N23.wav
input/NOISY/AIMBV004-N24.wav,input/CLEAN/AIMBV004-N24.wav
input/NOISY/AIMBV004-N25.wav,input/CLEAN/AIMBV004-N25.wav
input/NOISY/AIMBV004-N26.wav,input/CLEAN/AIMBV004-N26.wav
input/NOISY/AIMBV004-N27.wav,input/CLEAN/AIMBV004-N27.wav
input/NOISY/AIMBV004-N28.wav,input/CLEAN/AIMBV004-N28.wav
input/NOISY/AIMBV004-N29.wav,input/CLEAN/AIMBV004-N29.wav
input/NOISY/AIMBV004-N30.wav,input/CLEAN/AIMBV004-N30.wav
input/NOISY/AIMBV004-N31.wav,input/CLEAN/AIMBV004-N31.wav
input/NOISY/AIMBV004-N32.wav,input/CLEAN/AIMBV004-N32.wav
input/NOISY/AIMBV004-N33.wav,input/CLEAN/AIMBV004-N33.wav
input/NOISY/AIMBV004-N34.wav,input/CLEAN/AIMBV004-N34.wav
input/NOISY/AIMBV004-N35.wav,input/CLEAN/AIMBV004-N35.wav
input/NOISY/AIMBV004-N36.wav,input/CLEAN/AIMBV004-N36.wav
input/NOISY/AIMBV004-N37.wav,input/CLEAN/AIMBV004-N37.wav
input/NOISY/AIMBV004-N38.wav,input/CLEAN/AIMBV004-N38.wav
input/NOISY/AIMBV004-N39.wav,input/CLEAN/AIMBV004-N39.wav
input/NOISY/AIMBV004-N40.wav,input/CLEAN/AIMBV004-N40.wav
input/NOISY/AIMBV004-N41.wav,input/CLEAN/AIMBV004-N41.wav
input/NOISY/AIMBV004-N42.wav,input/CLEAN/AIMBV004-N42.wav
input/NOISY/AIMBV004-N43.wav,input/CLEAN/AIMBV004-N43.wav
input/NOISY/AIMBV004-N44.wav,input/CLEAN/AIMBV004-N44.wav
input/NOISY/AIMBV004-N45.wav,input/CLEAN/AIMBV004-N45.wav
input/NOISY/AIMBV004-N46.wav,input/CLEAN/AIMBV004-N46.wav
input/NOISY/AIMBV004-N47.wav,input/CLEAN/AIMBV004-N47.wav
input/NOISY/AIMBV005-N01.wav,input/CLEAN/AIMBV005-N01.wav
input/NOISY/AIMBV005-N02.wav,input/CLEAN/AIMBV005-N02.wav
input/NOISY/AIMBV005-N03.wav,input/CLEAN/AIMBV005-N03.wav
input/NOISY/AIMBV005-N04.wav,input/CLEAN/AIMBV005-N04.wav
input/NOISY/AIMBV005-N05.wav,input/CLEAN/AIMBV005-N05.wav
input/NOISY/AIMBV005-N06.wav,input/CLEAN/AIMBV005-N06.wav
input/NOISY/AIMBV005-N07.wav,input/CLEAN/AIMBV005-N07.wav
input/NOISY/AIMBV005-N08.wav,input/CLEAN/AIMBV005-N08.wav
input/NOISY/AIMBV005-N09.wav,input/CLEAN/AIMBV005-N09.wav
input/NOISY/AIMBV005-N10.wav,input/CLEAN/AIMBV005-N10.wav
input/NOISY/AIMBV005-N11.wav,input/CLEAN/AIMBV005-N11.wav
input/NOISY/AIMBV005-N12.wav,input/CLEAN/AIMBV005-N12.wav
input/NOISY/AIMBV005-N13.wav,input/CLEAN/AIMBV005-N13.wav
input/NOISY/AIMBV005-N14.wav,input/CLEAN/AIMBV005-N14.wav
input/NOISY/AIMBV005-N15.wav,input/CLEAN/AIMBV005-N15.wav
input/NOISY/AIMBV005-N16.wav,input/CLEAN/AIMBV005-N16.wav
input/NOISY/AIMBV005-N17.wav,input/CLEAN/AIMBV005-N17.wav
input/NOISY/AIMBV005-N18.wav,input/CLEAN/AIMBV005-N18.wav
input/NOISY/AIMBV005-N19.wav,input/CLEAN/AIMBV005-N19.wav
input/NOISY/AIMBV005-N20.wav,input/CLEAN/AIMBV005-N20.wav
input/NOISY/AIMBV005-N21.wav,input/CLEAN/AIMBV005-N21.wav
input/NOISY/AIMBV005-N22.wav,input/CLEAN/AIMBV005-N22.wav
input/NOISY/AIMBV005-N23.wav,input/CLEAN/AIMBV005-N23.wav
input/NOISY/AIMBV005-N24.wav,input/CLEAN/AIMBV005-N24.wav
input/NOISY/AIMBV005-N25.wav,input/CLEAN/AIMBV005-N25.wav
input/NOISY/AIMBV005-N26.wav,input/CLEAN/AIMBV005-N26.wav
input/NOISY/AIMBV005-N27.wav,input/CLEAN/AIMBV005-N27.wav
input/NOISY/AIMBV005-N28.wav,input/CLEAN/AIMBV005-N28.wav
input/NOISY/AIMBV005-N29.wav,input/CLEAN/AIMBV005-N29.wav
input/NOISY/AIMBV005-N30.wav,input/CLEAN/AIMBV005-N30.wav
input/NOISY/AIMBV005-N31.wav,input/CLEAN/AIMBV005-N31.wav
input/NOISY/AIMBV005-N32.wav,input/CLEAN/AIMBV005-N32.wav
input/NOISY/AIMBV005-N33.wav,input/CLEAN/AIMBV005-N33.wav
input/NOISY/AIMBV005-N34.wav,input/CLEAN/AIMBV005-N34.wav
input/NOISY/AIMBV005-N35.wav,input/CLEAN/AIMBV005-N35.wav
input/NOISY/AIMBV005-N36.wav,input/CLEAN/AIMBV005-N36.wav
input/NOISY/AIMBV005-N37.wav,input/CLEAN/AIMBV005-N37.wav
input/NOISY/AIMBV005-N38.wav,input/CLEAN/AIMBV005-N38.wav
input/NOISY/AIMBV005-N39.wav,input/CLEAN/AIMBV005-N39.wav
input/NOISY/AIMBV005-N40.wav,input/CLEAN/AIMBV005-N40.wav
input/NOISY/AIMBV005-N41.wav,input/CLEAN/AIMBV005-N41.wav
input/NOISY/AIMBV005-N42.wav,input/CLEAN/AIMBV005-N42.wav
input/NOISY/AIMBV005-N43.wav,input/CLEAN/AIMBV005-N43.wav
input/NOISY/AIMBV005-N44.wav,input/CLEAN/AIMBV005-N44.wav
input/NOISY/AIMBV005-N45.wav,input/CLEAN/AIMBV005-N45.wav
input/NOISY/AIMBV005-N46.wav,input/CLEAN/AIMBV005-N46.wav
input/NOISY/AIMBV005-N47.wav,input/CLEAN/AIMBV005-N47.wav
input/NOISY/AIMBV006-N01.wav,input/CLEAN/AIMBV006-N01.wav
input/NOISY/AIMBV006-N02.wav,input/CLEAN/AIMBV006-N02.wav
input/NOISY/AIMBV006-N03.wav,input/CLEAN/AIMBV006-N03.wav
input/NOISY/AIMBV006-N04.wav,input/CLEAN/AIMBV006-N04.wav
input/NOISY/AIMBV006-N05.wav,input/CLEAN/AIMBV006-N05.wav
input/NOISY/AIMBV006-N06.wav,input/CLEAN/AIMBV006-N06.wav
input/NOISY/AIMBV006-N07.wav,input/CLEAN/AIMBV006-N07.wav
input/NOISY/AIMBV006-N08.wav,input/CLEAN/AIMBV006-N08.wav
input/NOISY/AIMBV006-N09.wav,input/CLEAN/AIMBV006-N09.wav
input/NOISY/AIMBV006-N10.wav,input/CLEAN/AIMBV006-N10.wav
input/NOISY/AIMBV006-N11.wav,input/CLEAN/AIMBV006-N11.wav
input/NOISY/AIMBV006-N12.wav,input/CLEAN/AIMBV006-N12.wav
input/NOISY/AIMBV006-N13.wav,input/CLEAN/AIMBV006-N13.wav
input/NOISY/AIMBV006-N14.wav,input/CLEAN/AIMBV006-N14.wav
input/NOISY/AIMBV006-N15.wav,input/CLEAN/AIMBV006-N15.wav
input/NOISY/AIMBV006-N16.wav,input/CLEAN/AIMBV006-N16.wav
input/NOISY/AIMBV006-N17.wav,input/CLEAN/AIMBV006-N17.wav
input/NOISY/AIMBV006-N18.wav,input/CLEAN/AIMBV006-N18.wav
input/NOISY/AIMBV006-N19.wav,input/CLEAN/AIMBV006-N19.wav
input/NOISY/AIMBV006-N20.wav,input/CLEAN/AIMBV006-N20.wav
input/NOISY/AIMBV006-N21.wav,input/CLEAN/AIMBV006-N21.wav
input/NOISY/AIMBV006-N22.wav,input/CLEAN/AIMBV006-N22.wav
input/NOISY/AIMBV006-N23.wav,input/CLEAN/AIMBV006-N23.wav
input/NOISY/AIMBV006-N24.wav,input/CLEAN/AIMBV006-N24.wav
input/NOISY/AIMBV006-N25.wav,input/CLEAN/AIMBV006-N25.wav
input/NOISY/AIMBV006-N26.wav,input/CLEAN/AIMBV006-N26.wav
input/NOISY/AIMBV006-N27.wav,input/CLEAN/AIMBV006-N27.wav
input/NOISY/AIMBV006-N28.wav,input/CLEAN/AIMBV006-N28.wav
input/NOISY/AIMBV006-N29.wav,input/CLEAN/AIMBV006-N29.wav
input/NOISY/AIMBV006-N30.wav,input/CLEAN/AIMBV006-N30.wav
input/NOISY/AIMBV006-N31.wav,input/CLEAN/AIMBV006-N31.wav
input/NOISY/AIMBV006-N32.wav,input/CLEAN/AIMBV006-N32.wav
input/NOISY/AIMBV006-N33.wav,input/CLEAN/AIMBV006-N33.wav
input/NOISY/AIMBV006-N34.wav,input/CLEAN/AIMBV006-N34.wav
input/NOISY/AIMBV006-N35.wav,input/CLEAN/AIMBV006-N35.wav
input/NOISY/AIMBV006-N36.wav,input/CLEAN/AIMBV006-N36.wav
input/NOISY/AIMBV006-N37.wav,input/CLEAN/AIMBV006-N37.wav
input/NOISY/AIMBV006-N38.wav,input/CLEAN/AIMBV006-N38.wav
input/NOISY/AIMBV006-N39.wav,input/CLEAN/AIMBV006-N39.wav
input/NOISY/AIMBV006-N40.wav,input/CLEAN/AIMBV006-N40.wav
input/NOISY/AIMBV006-N41.wav,input/CLEAN/AIMBV006-N41.wav
input/NOISY/AIMBV006-N42.wav,input/CLEAN/AIMBV006-N42.wav
input/NOISY/AIMBV006-N43.wav,input/CLEAN/AIMBV006-N43.wav
input/NOISY/AIMBV006-N44.wav,input/CLEAN/AIMBV006-N44.wav
input/NOISY/AIMBV006-N45.wav,input/CLEAN/AIMBV006-N45.wav
input/NOISY/AIMBV006-N46.wav,input/CLEAN/AIMBV006-N46.wav
input/NOISY/AIMBV006-N47.wav,input/CLEAN/AIMBV006-N47.wav
input/NOISY/AIMBV007-N01.wav,input/CLEAN/AIMBV007-N01.wav
input/NOISY/AIMBV007-N02.wav,input/CLEAN/AIMBV007-N02.wav
input/NOISY/AIMBV007-N03.wav,input/CLEAN/AIMBV007-N03.wav
input/NOISY/AIMBV007-N04.wav,input/CLEAN/AIMBV007-N04.wav
input/NOISY/AIMBV007-N05.wav,input/CLEAN/AIMBV007-N05.wav
input/NOISY/AIMBV007-N06.wav,input/CLEAN/AIMBV007-N06.wav
input/NOISY/AIMBV007-N07.wav,input/CLEAN/AIMBV007-N07.wav
input/NOISY/AIMBV007-N08.wav,input/CLEAN/AIMBV007-N08.wav
input/NOISY/AIMBV007-N09.wav,input/CLEAN/AIMBV007-N09.wav
input/NOISY/AIMBV007-N10.wav,input/CLEAN/AIMBV007-N10.wav
input/NOISY/AIMBV007-N11.wav,input/CLEAN/AIMBV007-N11.wav
input/NOISY/AIMBV007-N12.wav,input/CLEAN/AIMBV007-N12.wav
input/NOISY/AIMBV007-N13.wav,input/CLEAN/AIMBV007-N13.wav
input/NOISY/AIMBV007-N14.wav,input/CLEAN/AIMBV007-N14.wav
input/NOISY/AIMBV007-N15.wav,input/CLEAN/AIMBV007-N15.wav
input/NOISY/AIMBV007-N16.wav,input/CLEAN/AIMBV007-N16.wav
input/NOISY/AIMBV007-N17.wav,input/CLEAN/AIMBV007-N17.wav
input/NOISY/AIMBV007-N18.wav,input/CLEAN/AIMBV007-N18.wav
input/NOISY/AIMBV007-N19.wav,input/CLEAN/AIMBV007-N19.wav
input/NOISY/AIMBV007-N20.wav,input/CLEAN/AIMBV007-N20.wav
input/NOISY/AIMBV007-N21.wav,input/CLEAN/AIMBV007-N21.wav
input/NOISY/AIMBV007-N22.wav,input/CLEAN/AIMBV007-N22.wav
input/NOISY/AIMBV007-N23.wav,input/CLEAN/AIMBV007-N23.wav
input/NOISY/AIMBV007-N24.wav,input/CLEAN/AIMBV007-N24.wav
input/NOISY/AIMBV007-N25.wav,input/CLEAN/AIMBV007-N25.wav
input/NOISY/AIMBV007-N26.wav,input/CLEAN/AIMBV007-N26.wav
input/NOISY/AIMBV007-N27.wav,input/CLEAN/AIMBV007-N27.wav
input/NOISY/AIMBV007-N28.wav,input/CLEAN/AIMBV007-N28.wav
input/NOISY/AIMBV007-N29.wav,input/CLEAN/AIMBV007-N29.wav
input/NOISY/AIMBV007-N30.wav,input/CLEAN/AIMBV007-N30.wav
input/NOISY/AIMBV007-N31.wav,input/CLEAN/AIMBV007-N31.wav
input/NOISY/AIMBV007-N32.wav,input/CLEAN/AIMBV007-N32.wav
input/NOISY/AIMBV007-N33.wav,input/CLEAN/AIMBV007-N33.wav
input/NOISY/AIMBV007-N34.wav,input/CLEAN/AIMBV007-N34.wav
input/NOISY/AIMBV007-N35.wav,input/CLEAN/AIMBV007-N35.wav
input/NOISY/AIMBV007-N36.wav,input/CLEAN/AIMBV007-N36.wav
input/NOISY/AIMBV007-N37.wav,input/CLEAN/AIMBV007-N37.wav
input/NOISY/AIMBV007-N38.wav,input/CLEAN/AIMBV007-N38.wav
input/NOISY/AIMBV007-N39.wav,input/CLEAN/AIMBV007-N39.wav
input/NOISY/AIMBV007-N40.wav,input/CLEAN/AIMBV007-N40.wav
input/NOISY/AIMBV007-N41.wav,input/CLEAN/AIMBV007-N41.wav
input/NOISY/AIMBV007-N42.wav,input/CLEAN/AIMBV007-N42.wav
input/NOISY/AIMBV007-N43.wav,input/CLEAN/AIMBV007-N43.wav
input/NOISY/AIMBV007-N44.wav,input/CLEAN/AIMBV007-N44.wav
input/NOISY/AIMBV007-N45.wav,input/CLEAN/AIMBV007-N45.wav
input/NOISY/AIMBV007-N46.wav,input/CLEAN/AIMBV007-N46.wav
input/NOISY/AIMBV007-N47.wav,input/CLEAN/AIMBV007-N47.wav
input/NOISY/AIMBV008-N01.wav,input/CLEAN/AIMBV008-N01.wav
input/NOISY/AIMBV008-N02.wav,input/CLEAN/AIMBV008-N02.wav
input/NOISY/AIMBV008-N03.wav,input/CLEAN/AIMBV008-N03.wav
input/NOISY/AIMBV008-N04.wav,input/CLEAN/AIMBV008-N04.wav
input/NOISY/AIMBV008-N05.wav,input/CLEAN/AIMBV008-N05.wav
input/NOISY/AIMBV008-N06.wav,input/CLEAN/AIMBV008-N06.wav
input/NOISY/AIMBV008-N07.wav,input/CLEAN/AIMBV008-N07.wav
input/NOISY/AIMBV008-N08.wav,input/CLEAN/AIMBV008-N08.wav
input/NOISY/AIMBV008-N09.wav,input/CLEAN/AIMBV008-N09.wav
input/NOISY/AIMBV008-N10.wav,input/CLEAN/AIMBV008-N10.wav
input/NOISY/AIMBV008-N11.wav,input/CLEAN/AIMBV008-N11.wav
input/NOISY/AIMBV008-N12.wav,input/CLEAN/AIMBV008-N12.wav
input/NOISY/AIMBV008-N13.wav,input/CLEAN/AIMBV008-N13.wav
input/NOISY/AIMBV008-N14.wav,input/CLEAN/AIMBV008-N14.wav
input/NOISY/AIMBV008-N15.wav,input/CLEAN/AIMBV008-N15.wav
input/NOISY/AIMBV008-N16.wav,input/CLEAN/AIMBV008-N16.wav
input/NOISY/AIMBV008-N17.wav,input/CLEAN/AIMBV008-N17.wav
input/NOISY/AIMBV008-N18.wav,input/CLEAN/AIMBV008-N18.wav
input/NOISY/AIMBV008-N19.wav,input/CLEAN/AIMBV008-N19.wav
input/NOISY/AIMBV008-N20.wav,input/CLEAN/AIMBV008-N20.wav
input/NOISY/AIMBV008-N21.wav,input/CLEAN/AIMBV008-N21.wav
input/NOISY/AIMBV008-N22.wav,input/CLEAN/AIMBV008-N22.wav
input/NOISY/AIMBV008-N23.wav,input/CLEAN/AIMBV008-N23.wav
input/NOISY/AIMBV008-N24.wav,input/CLEAN/AIMBV008-N24.wav
input/NOISY/AIMBV008-N25.wav,input/CLEAN/AIMBV008-N25.wav
input/NOISY/AIMBV008-N26.wav,input/CLEAN/AIMBV008-N26.wav
input/NOISY/AIMBV008-N27.wav,input/CLEAN/AIMBV008-N27.wav
input/NOISY/AIMBV008-N28.wav,input/CLEAN/AIMBV008-N28.wav
input/NOISY/AIMBV008-N29.wav,input/CLEAN/AIMBV008-N29.wav
input/NOISY/AIMBV008-N30.wav,input/CLEAN/AIMBV008-N30.wav
input/NOISY/AIMBV008-N31.wav,input/CLEAN/AIMBV008-N31.wav
input/NOISY/AIMBV008-N32.wav,input/CLEAN/AIMBV008-N32.wav
input/NOISY/AIMBV008-N33.wav,input/CLEAN/AIMBV008-N33.wav
input/NOISY/AIMBV008-N34.wav,input/CLEAN/AIMBV008-N34.wav
input/NOISY/AIMBV008-N35.wav,input/CLEAN/AIMBV008-N35.wav
input/NOISY/AIMBV008-N36.wav,input/CLEAN/AIMBV008-N36.wav
input/NOISY/AIMBV008-N37.wav,input/CLEAN/AIMBV008-N37.wav
input/NOISY/AIMBV008-N38.wav,input/CLEAN/AIMBV008-N38.wav
input/NOISY/AIMBV008-N39.wav,input/CLEAN/AIMBV008-N39.wav
input/NOISY/AIMBV008-N40.wav,input/CLEAN/AIMBV008-N40.wav
input/NOISY/AIMBV008-N41.wav,input/CLEAN/AIMBV008-N41.wav
input/NOISY/AIMBV008-N42.wav,input/CLEAN/AIMBV008-N42.wav
input/NOISY/AIMBV008-N43.wav,input/CLEAN/AIMBV008-N43.wav
input/NOISY/AIMBV008-N44.wav,input/CLEAN/AIMBV008-N44.wav
input/NOISY/AIMBV008-N45.wav,input/CLEAN/AIMBV008-N45.wav
input/NOISY/AIMBV008-N46.wav,input/CLEAN/AIMBV008-N46.wav
input/NOISY/AIMBV008-N47.wav,input/CLEAN/AIMBV008-N47.wav
input/NOISY/AIMBV009-N01.wav,input/CLEAN/AIMBV009-N01.wav
input/NOISY/AIMBV009-N02.wav,input/CLEAN/AIMBV009-N02.wav
input/NOISY/AIMBV009-N03.wav,input/CLEAN/AIMBV009-N03.wav
input/NOISY/AIMBV009-N04.wav,input/CLEAN/AIMBV009-N04.wav
input/NOISY/AIMBV009-N05.wav,input/CLEAN/AIMBV009-N05.wav
input/NOISY/AIMBV009-N06.wav,input/CLEAN/AIMBV009-N06.wav
input/NOISY/AIMBV009-N07.wav,input/CLEAN/AIMBV009-N07.wav
input/NOISY/AIMBV009-N08.wav,input/CLEAN/AIMBV009-N08.wav
input/NOISY/AIMBV009-N09.wav,input/CLEAN/AIMBV009-N09.wav
input/NOISY/AIMBV009-N10.wav,input/CLEAN/AIMBV009-N10.wav
input/NOISY/AIMBV009-N11.wav,input/CLEAN/AIMBV009-N11.wav
input/NOISY/AIMBV009-N12.wav,input/CLEAN/AIMBV009-N12.wav
input/NOISY/AIMBV009-N13.wav,input/CLEAN/AIMBV009-N13.wav
input/NOISY/AIMBV009-N14.wav,input/CLEAN/AIMBV009-N14.wav
input/NOISY/AIMBV009-N15.wav,input/CLEAN/AIMBV009-N15.wav
input/NOISY/AIMBV009-N16.wav,input/CLEAN/AIMBV009-N16.wav
input/NOISY/AIMBV009-N17.wav,input/CLEAN/AIMBV009-N17.wav
input/NOISY/AIMBV009-N18.wav,input/CLEAN/AIMBV009-N18.wav
input/NOISY/AIMBV009-N19.wav,input/CLEAN/AIMBV009-N19.wav
input/NOISY/AIMBV009-N20.wav,input/CLEAN/AIMBV009-N20.wav
input/NOISY/AIMBV009-N21.wav,input/CLEAN/AIMBV009-N21.wav
input/NOISY/AIMBV009-N22.wav,input/CLEAN/AIMBV009-N22.wav
input/NOISY/AIMBV009-N23.wav,input/CLEAN/AIMBV009-N23.wav
input/NOISY/AIMBV009-N24.wav,input/CLEAN/AIMBV009-N24.wav
input/NOISY/AIMBV009-N25.wav,input/CLEAN/AIMBV009-N25.wav
input/NOISY/AIMBV009-N26.wav,input/CLEAN/AIMBV009-N26.wav
input/NOISY/AIMBV009-N27.wav,input/CLEAN/AIMBV009-N27.wav
input/NOISY/AIMBV009-N28.wav,input/CLEAN/AIMBV009-N28.wav
input/NOISY/AIMBV009-N29.wav,input/CLEAN/AIMBV009-N29.wav
input/NOISY/AIMBV009-N30.wav,input/CLEAN/AIMBV009-N30.wav
input/NOISY/AIMBV009-N31.wav,input/CLEAN/AIMBV009-N31.wav
input/NOISY/AIMBV009-N32.wav,input/CLEAN/AIMBV009-N32.wav
input/NOISY/AIMBV009-N33.wav,input/CLEAN/AIMBV009-N33.wav
input/NOISY/AIMBV009-N34.wav,input/CLEAN/AIMBV009-N34.wav
input/NOISY/AIMBV009-N35.wav,input/CLEAN/AIMBV009-N35.wav
input/NOISY/AIMBV009-N36.wav,input/CLEAN/AIMBV009-N36.wav
input/NOISY/AIMBV009-N37.wav,input/CLEAN/AIMBV009-N37.wav
input/NOISY/AIMBV009-N38.wav,input/CLEAN/AIMBV009-N38.wav
input/NOISY/AIMBV009-N39.wav,input/CLEAN/AIMBV009-N39.wav
input/NOISY/AIMBV009-N40.wav,input/CLEAN/AIMBV009-N40.wav
input/NOISY/AIMBV009-N41.wav,input/CLEAN/AIMBV009-N41.wav
input/NOISY/AIMBV009-N42.wav,input/CLEAN/AIMBV009-N42.wav
input/NOISY/AIMBV009-N43.wav,input/CLEAN/AIMBV009-N43.wav
input/NOISY/AIMBV009-N44.wav,input/CLEAN/AIMBV009-N44.wav
input/NOISY/AIMBV009-N45.wav,input/CLEAN/AIMBV009-N45.wav
input/NOISY/AIMBV009-N46.wav,input/CLEAN/AIMBV009-N46.wav
input/NOISY/AIMBV009-N47.wav,input/CLEAN/AIMBV009-N47.wav
input/NOISY/AIMBV010-N01.wav,input/CLEAN/AIMBV010-N01.wav
input/NOISY/AIMBV010-N02.wav,input/CLEAN/AIMBV010-N02.wav
input/NOISY/AIMBV010-N03.wav,input/CLEAN/AIMBV010-N03.wav
input/NOISY/AIMBV010-N04.wav,input/CLEAN/AIMBV010-N04.wav
input/NOISY/AIMBV010-N05.wav,input/CLEAN/AIMBV010-N05.wav
input/NOISY/AIMBV010-N06.wav,input/CLEAN/AIMBV010-N06.wav
input/NOISY/AIMBV010-N07.wav,input/CLEAN/AIMBV010-N07.wav
input/NOISY/AIMBV010-N08.wav,input/CLEAN/AIMBV010-N08.wav
input/NOISY/AIMBV010-N09.wav,input/CLEAN/AIMBV010-N09.wav
input/NOISY/AIMBV010-N10.wav,input/CLEAN/AIMBV010-N10.wav
input/NOISY/AIMBV010-N11.wav,input/CLEAN/AIMBV010-N11.wav
input/NOISY/AIMBV010-N12.wav,input/CLEAN/AIMBV010-N12.wav
input/NOISY/AIMBV010-N13.wav,input/CLEAN/AIMBV010-N13.wav
input/NOISY/AIMBV010-N14.wav,input/CLEAN/AIMBV010-N14.wav
input/NOISY/AIMBV010-N15.wav,input/CLEAN/AIMBV010-N15.wav
input/NOISY/AIMBV010-N16.wav,input/CLEAN/AIMBV010-N16.wav
input/NOISY/AIMBV010-N17.wav,input/CLEAN/AIMBV010-N17.wav
input/NOISY/AIMBV010-N18.wav,input/CLEAN/AIMBV010-N18.wav
input/NOISY/AIMBV010-N19.wav,input/CLEAN/AIMBV010-N19.wav
input/NOISY/AIMBV010-N20.wav,input/CLEAN/AIMBV010-N20.wav
input/NOISY/AIMBV010-N21.wav,input/CLEAN/AIMBV010-N21.wav
input/NOISY/AIMBV010-N22.wav,input/CLEAN/AIMBV010-N22.wav
input/NOISY/AIMBV010-N23.wav,input/CLEAN/AIMBV010-N23.wav
input/NOISY/AIMBV010-N24.wav,input/CLEAN/AIMBV010-N24.wav
input/NOISY/AIMBV010-N25.wav,input/CLEAN/AIMBV010-N25.wav
input/NOISY/AIMBV010-N26.wav,input/CLEAN/AIMBV010-N26.wav
input/NOISY/AIMBV010-N27.wav,input/CLEAN/AIMBV010-N27.wav
input/NOISY/AIMBV010-N28.wav,input/CLEAN/AIMBV010-N28.wav
input/NOISY/AIMBV010-N29.wav,input/CLEAN/AIMBV010-N29.wav
input/NOISY/AIMBV010-N30.wav,input/CLEAN/AIMBV010-N30.wav
input/NOISY/AIMBV010-N31.wav,input/CLEAN/AIMBV010-N31.wav
input/NOISY/AIMBV010-N32.wav,input/CLEAN/AIMBV010-N32.wav
input/NOISY/AIMBV010-N33.wav,input/CLEAN/AIMBV010-N33.wav
input/NOISY/AIMBV010-N34.wav,input/CLEAN/AIMBV010-N34.wav
input/NOISY/AIMBV010-N35.wav,input/CLEAN/AIMBV010-N35.wav
input/NOISY/AIMBV010-N36.wav,input/CLEAN/AIMBV010-N36.wav
input/NOISY/AIMBV010-N37.wav,input/CLEAN/AIMBV010-N37.wav
input/NOISY/AIMBV010-N38.wav,input/CLEAN/AIMBV010-N38.wav
input/NOISY/AIMBV010-N39.wav,input/CLEAN/AIMBV010-N39.wav
input/NOISY/AIMBV010-N40.wav,input/CLEAN/AIMBV010-N40.wav
input/NOISY/AIMBV010-N41.wav,input/CLEAN/AIMBV010-N41.wav
input/NOISY/AIMBV010-N42.wav,input/CLEAN/AIMBV010-N42.wav
input/NOISY/AIMBV010-N43.wav,input/CLEAN/AIMBV010-N43.wav
input/NOISY/AIMBV010-N44.wav,input/CLEAN/AIMBV010-N44.wav
input/NOISY/AIMBV010-N45.wav,input/CLEAN/AIMBV010-N45.wav
input/NOISY/AIMBV010-N46.wav,input/CLEAN/AIMBV010-N46.wav
input/NOISY/AIMBV010-N47.wav,input/CLEAN/AIMBV010-N47.wav
input/NOISY/AIMBV011-N01.wav,input/CLEAN/AIMBV011-N01.wav
input/NOISY/AIMBV011-N02.wav,input/CLEAN/AIMBV011-N02.wav
input/NOISY/AIMBV011-N03.wav,input/CLEAN/AIMBV011-N03.wav
input/NOISY/AIMBV011-N04.wav,input/CLEAN/AIMBV011-N04.wav
input/NOISY/AIMBV011-N05.wav,input/CLEAN/AIMBV011-N05.wav
input/NOISY/AIMBV011-N06.wav,input/CLEAN/AIMBV011-N06.wav
input/NOISY/AIMBV011-N07.wav,input/CLEAN/AIMBV011-N07.wav
input/NOISY/AIMBV011-N08.wav,input/CLEAN/AIMBV011-N08.wav
input/NOISY/AIMBV011-N09.wav,input/CLEAN/AIMBV011-N09.wav
input/NOISY/AIMBV011-N10.wav,input/CLEAN/AIMBV011-N10.wav
input/NOISY/AIMBV011-N11.wav,input/CLEAN/AIMBV011-N11.wav
input/NOISY/AIMBV011-N12.wav,input/CLEAN/AIMBV011-N12.wav
input/NOISY/AIMBV011-N13.wav,input/CLEAN/AIMBV011-N13.wav
input/NOISY/AIMBV011-N14.wav,input/CLEAN/AIMBV011-N14.wav
input/NOISY/AIMBV011-N15.wav,input/CLEAN/AIMBV011-N15.wav
input/NOISY/AIMBV011-N16.wav,input/CLEAN/AIMBV011-N16.wav
input/NOISY/AIMBV011-N17.wav,input/CLEAN/AIMBV011-N17.wav
input/NOISY/AIMBV011-N18.wav,input/CLEAN/AIMBV011-N18.wav
input/NOISY/AIMBV011-N19.wav,input/CLEAN/AIMBV011-N19.wav
input/NOISY/AIMBV011-N20.wav,input/CLEAN/AIMBV011-N20.wav
input/NOISY/AIMBV011-N21.wav,input/CLEAN/AIMBV011-N21.wav
input/NOISY/AIMBV011-N22.wav,input/CLEAN/AIMBV011-N22.wav
input/NOISY/AIMBV011-N23.wav,input/CLEAN/AIMBV011-N23.wav
input/NOISY/AIMBV011-N24.wav,input/CLEAN/AIMBV011-N24.wav
input/NOISY/AIMBV011-N25.wav,input/CLEAN/AIMBV011-N25.wav
input/NOISY/AIMBV011-N26.wav,input/CLEAN/AIMBV011-N26.wav
input/NOISY/AIMBV011-N27.wav,input/CLEAN/AIMBV011-N27.wav
input/NOISY/AIMBV011-N28.wav,input/CLEAN/AIMBV011-N28.wav
input/NOISY/AIMBV011-N29.wav,input/CLEAN/AIMBV011-N29.wav
input/NOISY/AIMBV011-N30.wav,input/CLEAN/AIMBV011-N30.wav
input/NOISY/AIMBV011-N31.wav,input/CLEAN/AIMBV011-N31.wav
input/NOISY/AIMBV011-N32.wav,input/CLEAN/AIMBV011-N32.wav
input/NOISY/AIMBV011-N33.wav,input/CLEAN/AIMBV011-N33.wav
input/NOISY/AIMBV011-N34.wav,input/CLEAN/AIMBV011-N34.wav
input/NOISY/AIMBV011-N35.wav,input/CLEAN/AIMBV011-N35.wav
input/NOISY/AIMBV011-N36.wav,input/CLEAN/AIMBV011-N36.wav
input/NOISY/AIMBV011-N37.wav,input/CLEAN/AIMBV011-N37.wav
input/NOISY/AIMBV011-N38.wav,input/CLEAN/AIMBV011-N38.wav
input/NOISY/AIMBV011-N39.wav,input/CLEAN/AIMBV011-N39.wav
input/NOISY/AIMBV011-N40.wav,input/CLEAN/AIMBV011-N40.wav
input/NOISY/AIMBV011-N41.wav,input/CLEAN/AIMBV011-N41.wav
input/NOISY/AIMBV011-N42.wav,input/CLEAN/AIMBV011-N42.wav
input/NOISY/AIMBV011-N43.wav,input/CLEAN/AIMBV011-N43.wav
input/NOISY/AIMBV011-N44.wav,input/CLEAN/AIMBV011-N44.wav
input/NOISY/AIMBV011-N45.wav,input/CLEAN/AIMBV011-N45.wav
input/NOISY/AIMBV011-N46.wav,input/CLEAN/AIMBV011-N46.wav
input/NOISY/AIMBV011-N47.wav,input/CLEAN/AIMBV011-N47.wav
input/NOISY/AIMBV012-N01.wav,input/CLEAN/AIMBV012-N01.wav
input/NOISY/AIMBV012-N02.wav,input/CLEAN/AIMBV012-N02.wav
input/NOISY/AIMBV012-N03.wav,input/CLEAN/AIMBV012-N03.wav
input/NOISY/AIMBV012-N04.wav,input/CLEAN/AIMBV012-N04.wav
input/NOISY/AIMBV012-N05.wav,input/CLEAN/AIMBV012-N05.wav
input/NOISY/AIMBV012-N06.wav,input/CLEAN/AIMBV012-N06.wav
input/NOISY/AIMBV012-N07.wav,input/CLEAN/AIMBV012-N07.wav
input/NOISY/AIMBV012-N08.wav,input/CLEAN/AIMBV012-N08.wav
input/NOISY/AIMBV012-N09.wav,input/CLEAN/AIMBV012-N09.wav
input/NOISY/AIMBV012-N10.wav,input/CLEAN/AIMBV012-N10.wav
input/NOISY/AIMBV012-N11.wav,input/CLEAN/AIMBV012-N11.wav
input/NOISY/AIMBV012-N12.wav,input/CLEAN/AIMBV012-N12.wav
input/NOISY/AIMBV012-N13.wav,input/CLEAN/AIMBV012-N13.wav
input/NOISY/AIMBV012-N14.wav,input/CLEAN/AIMBV012-N14.wav
input/NOISY/AIMBV012-N15.wav,input/CLEAN/AIMBV012-N15.wav
input/NOISY/AIMBV012-N16.wav,input/CLEAN/AIMBV012-N16.wav
input/NOISY/AIMBV012-N17.wav,input/CLEAN/AIMBV012-N17.wav
input/NOISY/AIMBV012-N18.wav,input/CLEAN/AIMBV012-N18.wav
input/NOISY/AIMBV012-N19.wav,input/CLEAN/AIMBV012-N19.wav
input/NOISY/AIMBV012-N20.wav,input/CLEAN/AIMBV012-N20.wav
input/NOISY/AIMBV012-N21.wav,input/CLEAN/AIMBV012-N21.wav
input/NOISY/AIMBV012-N22.wav,input/CLEAN/AIMBV012-N22.wav
input/NOISY/AIMBV012-N23.wav,input/CLEAN/AIMBV012-N23.wav
input/NOISY/AIMBV012-N24.wav,input/CLEAN/AIMBV012-N24.wav
input/NOISY/AIMBV012-N25.wav,input/CLEAN/AIMBV012-N25.wav
input/NOISY/AIMBV012-N26.wav,input/CLEAN/AIMBV012-N26.wav
input/NOISY/AIMBV012-N27.wav,input/CLEAN/AIMBV012-N27.wav
input/NOISY/AIMBV012-N28.wav,input/CLEAN/AIMBV012-N28.wav
input/NOISY/AIMBV012-N29.wav,input/CLEAN/AIMBV012-N29.wav
input/NOISY/AIMBV012-N30.wav,input/CLEAN/AIMBV012-N30.wav
input/NOISY/AIMBV012-N31.wav,input/CLEAN/AIMBV012-N31.wav
input/NOISY/AIMBV012-N32.wav,input/CLEAN/AIMBV012-N32.wav
input/NOISY/AIMBV012-N33.wav,input/CLEAN/AIMBV012-N33.wav
input/NOISY/AIMBV012-N34.wav,input/CLEAN/AIMBV012-N34.wav
input/NOISY/AIMBV012-N35.wav,input/CLEAN/AIMBV012-N35.wav
input/NOISY/AIMBV012-N36.wav,input/CLEAN/AIMBV012-N36.wav
input/NOISY/AIMBV012-N37.wav,input/CLEAN/AIMBV012-N37.wav
input/NOISY/AIMBV012-N38.wav,input/CLEAN/AIMBV012-N38.wav
input/NOISY/AIMBV012-N39.wav,input/CLEAN/AIMBV012-N39.wav
input/NOISY/AIMBV012-N40.wav,input/CLEAN/AIMBV012-N40.wav
input/NOISY/AIMBV012-N41.wav,input/CLEAN/AIMBV012-N41.wav
input/NOISY/AIMBV012-N42.wav,input/CLEAN/AIMBV012-N42.wav
input/NOISY/AIMBV012-N43.wav,input/CLEAN/AIMBV012-N43.wav
input/NOISY/AIMBV012-N44.wav,input/CLEAN/AIMBV012-N44.wav
input/NOISY/AIMBV012-N45.wav,input/CLEAN/AIMBV012-N45.wav
input/NOISY/AIMBV012-N46.wav,input/CLEAN/AIMBV012-N46.wav
input/NOISY/AIMBV012-N47.wav,input/CLEAN/AIMBV012-N47.wav
input/NOISY/AIMBV013-N01.wav,input/CLEAN/AIMBV013-N01.wav
input/NOISY/AIMBV013-N02.wav,input/CLEAN/AIMBV013-N02.wav
input/NOISY/AIMBV013-N03.wav,input/CLEAN/AIMBV013-N03.wav
input/NOISY/AIMBV013-N04.wav,input/CLEAN/AIMBV013-N04.wav
input/NOISY/AIMBV013-N05.wav,input/CLEAN/AIMBV013-N05.wav
input/NOISY/AIMBV013-N06.wav,input/CLEAN/AIMBV013-N06.wav
input/NOISY/AIMBV013-N07.wav,input/CLEAN/AIMBV013-N07.wav
input/NOISY/AIMBV013-N08.wav,input/CLEAN/AIMBV013-N08.wav
input/NOISY/AIMBV013-N09.wav,input/CLEAN/AIMBV013-N09.wav
input/NOISY/AIMBV013-N10.wav,input/CLEAN/AIMBV013-N10.wav
input/NOISY/AIMBV013-N11.wav,input/CLEAN/AIMBV013-N11.wav
input/NOISY/AIMBV013-N12.wav,input/CLEAN/AIMBV013-N12.wav
input/NOISY/AIMBV013-N13.wav,input/CLEAN/AIMBV013-N13.wav
input/NOISY/AIMBV013-N14.wav,input/CLEAN/AIMBV013-N14.wav
input/NOISY/AIMBV013-N15.wav,input/CLEAN/AIMBV013-N15.wav
input/NOISY/AIMBV013-N16.wav,input/CLEAN/AIMBV013-N16.wav
input/NOISY/AIMBV013-N17.wav,input/CLEAN/AIMBV013-N17.wav
input/NOISY/AIMBV013-N18.wav,input/CLEAN/AIMBV013-N18.wav
input/NOISY/AIMBV013-N19.wav,input/CLEAN/AIMBV013-N19.wav
input/NOISY/AIMBV013-N20.wav,input/CLEAN/AIMBV013-N20.wav
input/NOISY/AIMBV013-N21.wav,input/CLEAN/AIMBV013-N21.wav
input/NOISY/AIMBV013-N22.wav,input/CLEAN/AIMBV013-N22.wav
input/NOISY/AIMBV013-N23.wav,input/CLEAN/AIMBV013-N23.wav
input/NOISY/AIMBV013-N24.wav,input/CLEAN/AIMBV013-N24.wav
input/NOISY/AIMBV013-N25.wav,input/CLEAN/AIMBV013-N25.wav
input/NOISY/AIMBV013-N26.wav,input/CLEAN/AIMBV013-N26.wav
input/NOISY/AIMBV013-N27.wav,input/CLEAN/AIMBV013-N27.wav
input/NOISY/AIMBV013-N28.wav,input/CLEAN/AIMBV013-N28.wav
input/NOISY/AIMBV013-N29.wav,input/CLEAN/AIMBV013-N29.wav
input/NOISY/AIMBV013-N30.wav,input/CLEAN/AIMBV013-N30.wav
input/NOISY/AIMBV013-N31.wav,input/CLEAN/AIMBV013-N31.wav
input/NOISY/AIMBV013-N32.wav,input/CLEAN/AIMBV013-N32.wav
input/NOISY/AIMBV013-N33.wav,input/CLEAN/AIMBV013-N33.wav
input/NOISY/AIMBV013-N34.wav,input/CLEAN/AIMBV013-N34.wav
input/NOISY/AIMBV013-N35.wav,input/CLEAN/AIMBV013-N35.wav
input/NOISY/AIMBV013-N36.wav,input/CLEAN/AIMBV013-N36.wav
input/NOISY/AIMBV013-N37.wav,input/CLEAN/AIMBV013-N37.wav
input/NOISY/AIMBV013-N38.wav,input/CLEAN/AIMBV013-N38.wav
input/NOISY/AIMBV013-N39.wav,input/CLEAN/AIMBV013-N39.wav
input/NOISY/AIMBV013-N40.wav,input/CLEAN/AIMBV013-N40.wav
input/NOISY/AIMBV013-N41.wav,input/CLEAN/AIMBV013-N41.wav
input/NOISY/AIMBV013-N42.wav,input/CLEAN/AIMBV013-N42.wav
input/NOISY/AIMBV013-N43.wav,input/CLEAN/AIMBV013-N43.wav
input/NOISY/AIMBV013-N44.wav,input/CLEAN/AIMBV013-N44.wav
input/NOISY/AIMBV013-N45.wav,input/CLEAN/AIMBV013-N45.wav
input/NOISY/AIMBV013-N46.wav,input/CLEAN/AIMBV013-N46.wav
input/NOISY/AIMBV013-N47.wav,input/CLEAN/AIMBV013-N47.wav
input/NOISY/AIMBV014-N01.wav,input/CLEAN/AIMBV014-N01.wav
input/NOISY/AIMBV014-N02.wav,input/CLEAN/AIMBV014-N02.wav
input/NOISY/AIMBV014-N03.wav,input/CLEAN/AIMBV014-N03.wav
input/NOISY/AIMBV014-N04.wav,input/CLEAN/AIMBV014-N04.wav
input/NOISY/AIMBV014-N05.wav,input/CLEAN/AIMBV014-N05.wav
input/NOISY/AIMBV014-N06.wav,input/CLEAN/AIMBV014-N06.wav
input/NOISY/AIMBV014-N07.wav,input/CLEAN/AIMBV014-N07.wav
input/NOISY/AIMBV014-N08.wav,input/CLEAN/AIMBV014-N08.wav
input/NOISY/AIMBV014-N09.wav,input/CLEAN/AIMBV014-N09.wav
input/NOISY/AIMBV014-N10.wav,input/CLEAN/AIMBV014-N10.wav
input/NOISY/AIMBV014-N11.wav,input/CLEAN/AIMBV014-N11.wav
input/NOISY/AIMBV014-N12.wav,input/CLEAN/AIMBV014-N12.wav
input/NOISY/AIMBV014-N13.wav,input/CLEAN/AIMBV014-N13.wav
input/NOISY/AIMBV014-N14.wav,input/CLEAN/AIMBV014-N14.wav
input/NOISY/AIMBV014-N15.wav,input/CLEAN/AIMBV014-N15.wav
input/NOISY/AIMBV014-N16.wav,input/CLEAN/AIMBV014-N16.wav
input/NOISY/AIMBV014-N17.wav,input/CLEAN/AIMBV014-N17.wav
input/NOISY/AIMBV014-N18.wav,input/CLEAN/AIMBV014-N18.wav
input/NOISY/AIMBV014-N19.wav,input/CLEAN/AIMBV014-N19.wav
input/NOISY/AIMBV014-N20.wav,input/CLEAN/AIMBV014-N20.wav
input/NOISY/AIMBV014-N21.wav,input/CLEAN/AIMBV014-N21.wav
input/NOISY/AIMBV014-N22.wav,input/CLEAN/AIMBV014-N22.wav
input/NOISY/AIMBV014-N23.wav,input/CLEAN/AIMBV014-N23.wav
input/NOISY/AIMBV014-N24.wav,input/CLEAN/AIMBV014-N24.wav
input/NOISY/AIMBV014-N25.wav,input/CLEAN/AIMBV014-N25.wav
input/NOISY/AIMBV014-N26.wav,input/CLEAN/AIMBV014-N26.wav
input/NOISY/AIMBV014-N27.wav,input/CLEAN/AIMBV014-N27.wav
input/NOISY/AIMBV014-N28.wav,input/CLEAN/AIMBV014-N28.wav
input/NOISY/AIMBV014-N29.wav,input/CLEAN/AIMBV014-N29.wav
input/NOISY/AIMBV014-N30.wav,input/CLEAN/AIMBV014-N30.wav
input/NOISY/AIMBV014-N31.wav,input/CLEAN/AIMBV014-N31.wav
input/NOISY/AIMBV014-N32.wav,input/CLEAN/AIMBV014-N32.wav
input/NOISY/AIMBV014-N33.wav,input/CLEAN/AIMBV014-N33.wav
input/NOISY/AIMBV014-N34.wav,input/CLEAN/AIMBV014-N34.wav
input/NOISY/AIMBV014-N35.wav,input/CLEAN/AIMBV014-N35.wav
input/NOISY/AIMBV014-N36.wav,input/CLEAN/AIMBV014-N36.wav
input/NOISY/AIMBV014-N37.wav,input/CLEAN/AIMBV014-N37.wav
input/NOISY/AIMBV014-N38.wav,input/CLEAN/AIMBV014-N38.wav
input/NOISY/AIMBV014-N39.wav,input/CLEAN/AIMBV014-N39.wav
input/NOISY/AIMBV014-N40.wav,input/CLEAN/AIMBV014-N40.wav
input/NOISY/AIMBV014-N41.wav,input/CLEAN/AIMBV014-N41.wav
input/NOISY/AIMBV014-N42.wav,input/CLEAN/AIMBV014-N42.wav
input/NOISY/AIMBV014-N43.wav,input/CLEAN/AIMBV014-N43.wav
input/NOISY/AIMBV014-N44.wav,input/CLEAN/AIMBV014-N44.wav
input/NOISY/AIMBV014-N45.wav,input/CLEAN/AIMBV014-N45.wav
input/NOISY/AIMBV014-N46.wav,input/CLEAN/AIMBV014-N46.wav
input/NOISY/AIMBV014-N47.wav,input/CLEAN/AIMBV014-N47.wav
input/NOISY/AIMBV015-N01.wav,input/CLEAN/AIMBV015-N01.wav
input/NOISY/AIMBV015-N02.wav,input/CLEAN/AIMBV015-N02.wav
input/NOISY/AIMBV015-N03.wav,input/CLEAN/AIMBV015-N03.wav
input/NOISY/AIMBV015-N04.wav,input/CLEAN/AIMBV015-N04.wav
input/NOISY/AIMBV015-N05.wav,input/CLEAN/AIMBV015-N05.wav
input/NOISY/AIMBV015-N06.wav,input/CLEAN/AIMBV015-N06.wav
input/NOISY/AIMBV015-N07.wav,input/CLEAN/AIMBV015-N07.wav
input/NOISY/AIMBV015-N08.wav,input/CLEAN/AIMBV015-N08.wav
input/NOISY/AIMBV015-N09.wav,input/CLEAN/AIMBV015-N09.wav
input/NOISY/AIMBV015-N10.wav,input/CLEAN/AIMBV015-N10.wav
input/NOISY/AIMBV015-N11.wav,input/CLEAN/AIMBV015-N11.wav
input/NOISY/AIMBV015-N12.wav,input/CLEAN/AIMBV015-N12.wav
input/NOISY/AIMBV015-N13.wav,input/CLEAN/AIMBV015-N13.wav
input/NOISY/AIMBV015-N14.wav,input/CLEAN/AIMBV015-N14.wav
input/NOISY/AIMBV015-N15.wav,input/CLEAN/AIMBV015-N15.wav
input/NOISY/AIMBV015-N16.wav,input/CLEAN/AIMBV015-N16.wav
input/NOISY/AIMBV015-N17.wav,input/CLEAN/AIMBV015-N17.wav
input/NOISY/AIMBV015-N18.wav,input/CLEAN/AIMBV015-N18.wav
input/NOISY/AIMBV015-N19.wav,input/CLEAN/AIMBV015-N19.wav
input/NOISY/AIMBV015-N20.wav,input/CLEAN/AIMBV015-N20.wav
input/NOISY/AIMBV015-N21.wav,input/CLEAN/AIMBV015-N21.wav
input/NOISY/AIMBV015-N22.wav,input/CLEAN/AIMBV015-N22.wav
input/NOISY/AIMBV015-N23.wav,input/CLEAN/AIMBV015-N23.wav
input/NOISY/AIMBV015-N24.wav,input/CLEAN/AIMBV015-N24.wav
input/NOISY/AIMBV015-N25.wav,input/CLEAN/AIMBV015-N25.wav
input/NOISY/AIMBV015-N26.wav,input/CLEAN/AIMBV015-N26.wav
input/NOISY/AIMBV015-N27.wav,input/CLEAN/AIMBV015-N27.wav
input/NOISY/AIMBV015-N28.wav,input/CLEAN/AIMBV015-N28.wav
input/NOISY/AIMBV015-N29.wav,input/CLEAN/AIMBV015-N29.wav
input/NOISY/AIMBV015-N30.wav,input/CLEAN/AIMBV015-N30.wav
input/NOISY/AIMBV015-N31.wav,input/CLEAN/AIMBV015-N31.wav
input/NOISY/AIMBV015-N32.wav,input/CLEAN/AIMBV015-N32.wav
input/NOISY/AIMBV015-N33.wav,input/CLEAN/AIMBV015-N33.wav
input/NOISY/AIMBV015-N34.wav,input/CLEAN/AIMBV015-N34.wav
input/NOISY/AIMBV015-N35.wav,input/CLEAN/AIMBV015-N35.wav
input/NOISY/AIMBV015-N36.wav,input/CLEAN/AIMBV015-N36.wav
input/NOISY/AIMBV015-N37.wav,input/CLEAN/AIMBV015-N37.wav
input/NOISY/AIMBV015-N38.wav,input/CLEAN/AIMBV015-N38.wav
input/NOISY/AIMBV015-N39.wav,input/CLEAN/AIMBV015-N39.wav
input/NOISY/AIMBV015-N40.wav,input/CLEAN/AIMBV015-N40.wav
input/NOISY/AIMBV015-N41.wav,input/CLEAN/AIMBV015-N41.wav
input/NOISY/AIMBV015-N42.wav,input/CLEAN/AIMBV015-N42.wav
input/NOISY/AIMBV015-N43.wav,input/CLEAN/AIMBV015-N43.wav
input/NOISY/AIMBV015-N44.wav,input/CLEAN/AIMBV015-N44.wav
input/NOISY/AIMBV015-N45.wav,input/CLEAN/AIMBV015-N45.wav
input/NOISY/AIMBV015-N46.wav,input/CLEAN/AIMBV015-N46.wav
input/NOISY/AIMBV015-N47.wav,input/CLEAN/AIMBV015-N47.wav
input/NOISY/AIMBV016-N01.wav,input/CLEAN/AIMBV016-N01.wav
input/NOISY/AIMBV016-N02.wav,input/CLEAN/AIMBV016-N02.wav
input/NOISY/AIMBV016-N03.wav,input/CLEAN/AIMBV016-N03.wav
input/NOISY/AIMBV016-N04.wav,input/CLEAN/AIMBV016-N04.wav
input/NOISY/AIMBV016-N05.wav,input/CLEAN/AIMBV016-N05.wav
input/NOISY/AIMBV016-N06.wav,input/CLEAN/AIMBV016-N06.wav
input/NOISY/AIMBV016-N07.wav,input/CLEAN/AIMBV016-N07.wav
input/NOISY/AIMBV016-N08.wav,input/CLEAN/AIMBV016-N08.wav
input/NOISY/AIMBV016-N09.wav,input/CLEAN/AIMBV016-N09.wav
input/NOISY/AIMBV016-N10.wav,input/CLEAN/AIMBV016-N10.wav
input/NOISY/AIMBV016-N11.wav,input/CLEAN/AIMBV016-N11.wav
input/NOISY/AIMBV016-N12.wav,input/CLEAN/AIMBV016-N12.wav
input/NOISY/AIMBV016-N13.wav,input/CLEAN/AIMBV016-N13.wav
input/NOISY/AIMBV016-N14.wav,input/CLEAN/AIMBV016-N14.wav
input/NOISY/AIMBV016-N15.wav,input/CLEAN/AIMBV016-N15.wav
input/NOISY/AIMBV016-N16.wav,input/CLEAN/AIMBV016-N16.wav
input/NOISY/AIMBV016-N17.wav,input/CLEAN/AIMBV016-N17.wav
input/NOISY/AIMBV016-N18.wav,input/CLEAN/AIMBV016-N18.wav
input/NOISY/AIMBV016-N19.wav,input/CLEAN/AIMBV016-N19.wav
input/NOISY/AIMBV016-N20.wav,input/CLEAN/AIMBV016-N20.wav
input/NOISY/AIMBV016-N21.wav,input/CLEAN/AIMBV016-N21.wav
input/NOISY/AIMBV016-N22.wav,input/CLEAN/AIMBV016-N22.wav
input/NOISY/AIMBV016-N23.wav,input/CLEAN/AIMBV016-N23.wav
input/NOISY/AIMBV016-N24.wav,input/CLEAN/AIMBV016-N24.wav
input/NOISY/AIMBV016-N25.wav,input/CLEAN/AIMBV016-N25.wav
input/NOISY/AIMBV016-N26.wav,input/CLEAN/AIMBV016-N26.wav
input/NOISY/AIMBV016-N27.wav,input/CLEAN/AIMBV016-N27.wav
input/NOISY/AIMBV016-N28.wav,input/CLEAN/AIMBV016-N28.wav
input/NOISY/AIMBV016-N29.wav,input/CLEAN/AIMBV016-N29.wav
input/NOISY/AIMBV016-N30.wav,input/CLEAN/AIMBV016-N30.wav
input/NOISY/AIMBV016-N31.wav,input/CLEAN/AIMBV016-N31.wav
input/NOISY/AIMBV016-N32.wav,input/CLEAN/AIMBV016-N32.wav
input/NOISY/AIMBV016-N33.wav,input/CLEAN/AIMBV016-N33.wav
input/NOISY/AIMBV016-N34.wav,input/CLEAN/AIMBV016-N34.wav
input/NOISY/AIMBV016-N35.wav,input/CLEAN/AIMBV016-N35.wav
input/NOISY/AIMBV016-N36.wav,input/CLEAN/AIMBV016-N36.wav
input/NOISY/AIMBV016-N37.wav,input/CLEAN/AIMBV016-N37.wav
input/NOISY/AIMBV016-N38.wav,input/CLEAN/AIMBV016-N38.wav
input/NOISY/AIMBV016-N39.wav,input/CLEAN/AIMBV016-N39.wav
input/NOISY/AIMBV016-N40.wav,input/CLEAN/AIMBV016-N40.wav
input/NOISY/AIMBV016-N41.wav,input/CLEAN/AIMBV016-N41.wav
input/NOISY/AIMBV016-N42.wav,input/CLEAN/AIMBV016-N42.wav
input/NOISY/AIMBV016-N43.wav,input/CLEAN/AIMBV016-N43.wav
input/NOISY/AIMBV016-N44.wav,input/CLEAN/AIMBV016-N44.wav
input/NOISY/AIMBV016-N45.wav,input/CLEAN/AIMBV016-N45.wav
input/NOISY/AIMBV016-N46.wav,input/CLEAN/AIMBV016-N46.wav
input/NOISY/AIMBV016-N47.wav,input/CLEAN/AIMBV016-N47.wav
input/NOISY/AIMBV017-N01.wav,input/CLEAN/AIMBV017-N01.wav
input/NOISY/AIMBV017-N02.wav,input/CLEAN/AIMBV017-N02.wav
input/NOISY/AIMBV017-N03.wav,input/CLEAN/AIMBV017-N03.wav
input/NOISY/AIMBV017-N04.wav,input/CLEAN/AIMBV017-N04.wav
input/NOISY/AIMBV017-N05.wav,input/CLEAN/AIMBV017-N05.wav
input/NOISY/AIMBV017-N06.wav,input/CLEAN/AIMBV017-N06.wav
input/NOISY/AIMBV017-N07.wav,input/CLEAN/AIMBV017-N07.wav
input/NOISY/AIMBV017-N08.wav,input/CLEAN/AIMBV017-N08.wav
input/NOISY/AIMBV017-N09.wav,input/CLEAN/AIMBV017-N09.wav
input/NOISY/AIMBV017-N10.wav,input/CLEAN/AIMBV017-N10.wav
input/NOISY/AIMBV017-N11.wav,input/CLEAN/AIMBV017-N11.wav
input/NOISY/AIMBV017-N12.wav,input/CLEAN/AIMBV017-N12.wav
input/NOISY/AIMBV017-N13.wav,input/CLEAN/AIMBV017-N13.wav
input/NOISY/AIMBV017-N14.wav,input/CLEAN/AIMBV017-N14.wav
input/NOISY/AIMBV017-N15.wav,input/CLEAN/AIMBV017-N15.wav
input/NOISY/AIMBV017-N16.wav,input/CLEAN/AIMBV017-N16.wav
input/NOISY/AIMBV017-N17.wav,input/CLEAN/AIMBV017-N17.wav
input/NOISY/AIMBV017-N18.wav,input/CLEAN/AIMBV017-N18.wav
input/NOISY/AIMBV017-N19.wav,input/CLEAN/AIMBV017-N19.wav
input/NOISY/AIMBV017-N20.wav,input/CLEAN/AIMBV017-N20.wav
input/NOISY/AIMBV017-N21.wav,input/CLEAN/AIMBV017-N21.wav
input/NOISY/AIMBV017-N22.wav,input/CLEAN/AIMBV017-N22.wav
input/NOISY/AIMBV017-N23.wav,input/CLEAN/AIMBV017-N23.wav
input/NOISY/AIMBV017-N24.wav,input/CLEAN/AIMBV017-N24.wav
input/NOISY/AIMBV017-N25.wav,input/CLEAN/AIMBV017-N25.wav
input/NOISY/AIMBV017-N26.wav,input/CLEAN/AIMBV017-N26.wav
input/NOISY/AIMBV017-N27.wav,input/CLEAN/AIMBV017-N27.wav
input/NOISY/AIMBV017-N28.wav,input/CLEAN/AIMBV017-N28.wav
input/NOISY/AIMBV017-N29.wav,input/CLEAN/AIMBV017-N29.wav
input/NOISY/AIMBV017-N30.wav,input/CLEAN/AIMBV017-N30.wav
input/NOISY/AIMBV017-N31.wav,input/CLEAN/AIMBV017-N31.wav
input/NOISY/AIMBV017-N32.wav,input/CLEAN/AIMBV017-N32.wav
input/NOISY/AIMBV017-N33.wav,input/CLEAN/AIMBV017-N33.wav
input/NOISY/AIMBV017-N34.wav,input/CLEAN/AIMBV017-N34.wav
input/NOISY/AIMBV017-N35.wav,input/CLEAN/AIMBV017-N35.wav
input/NOISY/AIMBV017-N36.wav,input/CLEAN/AIMBV017-N36.wav
input/NOISY/AIMBV017-N37.wav,input/CLEAN/AIMBV017-N37.wav
input/NOISY/AIMBV017-N38.wav,input/CLEAN/AIMBV017-N38.wav
input/NOISY/AIMBV017-N39.wav,input/CLEAN/AIMBV017-N39.wav
input/NOISY/AIMBV017-N40.wav,input/CLEAN/AIMBV017-N40.wav
input/NOISY/AIMBV017-N41.wav,input/CLEAN/AIMBV017-N41.wav
input/NOISY/AIMBV017-N42.wav,input/CLEAN/AIMBV017-N42.wav
input/NOISY/AIMBV017-N43.wav,input/CLEAN/AIMBV017-N43.wav
input/NOISY/AIMBV017-N44.wav,input/CLEAN/AIMBV017-N44.wav
input/NOISY/AIMBV017-N45.wav,input/CLEAN/AIMBV017-N45.wav
input/NOISY/AIMBV017-N46.wav,input/CLEAN/AIMBV017-N46.wav
input/NOISY/AIMBV017-N47.wav,input/CLEAN/AIMBV017-N47.wav
input/NOISY/AIMBV018-N01.wav,input/CLEAN/AIMBV018-N01.wav
input/NOISY/AIMBV018-N02.wav,input/CLEAN/AIMBV018-N02.wav
input/NOISY/AIMBV018-N03.wav,input/CLEAN/AIMBV018-N03.wav
input/NOISY/AIMBV018-N04.wav,input/CLEAN/AIMBV018-N04.wav
input/NOISY/AIMBV018-N05.wav,input/CLEAN/AIMBV018-N05.wav
input/NOISY/AIMBV018-N06.wav,input/CLEAN/AIMBV018-N06.wav
input/NOISY/AIMBV018-N07.wav,input/CLEAN/AIMBV018-N07.wav
input/NOISY/AIMBV018-N08.wav,input/CLEAN/AIMBV018-N08.wav
input/NOISY/AIMBV018-N09.wav,input/CLEAN/AIMBV018-N09.wav
input/NOISY/AIMBV018-N10.wav,input/CLEAN/AIMBV018-N10.wav
input/NOISY/AIMBV018-N11.wav,input/CLEAN/AIMBV018-N11.wav
input/NOISY/AIMBV018-N12.wav,input/CLEAN/AIMBV018-N12.wav
input/NOISY/AIMBV018-N13.wav,input/CLEAN/AIMBV018-N13.wav
input/NOISY/AIMBV018-N14.wav,input/CLEAN/AIMBV018-N14.wav
input/NOISY/AIMBV018-N15.wav,input/CLEAN/AIMBV018-N15.wav
input/NOISY/AIMBV018-N16.wav,input/CLEAN/AIMBV018-N16.wav
input/NOISY/AIMBV018-N17.wav,input/CLEAN/AIMBV018-N17.wav
input/NOISY/AIMBV018-N18.wav,input/CLEAN/AIMBV018-N18.wav
input/NOISY/AIMBV018-N19.wav,input/CLEAN/AIMBV018-N19.wav
input/NOISY/AIMBV018-N20.wav,input/CLEAN/AIMBV018-N20.wav
input/NOISY/AIMBV018-N21.wav,input/CLEAN/AIMBV018-N21.wav
input/NOISY/AIMBV018-N22.wav,input/CLEAN/AIMBV018-N22.wav
input/NOISY/AIMBV018-N23.wav,input/CLEAN/AIMBV018-N23.wav
input/NOISY/AIMBV018-N24.wav,input/CLEAN/AIMBV018-N24.wav
input/NOISY/AIMBV018-N25.wav,input/CLEAN/AIMBV018-N25.wav
input/NOISY/AIMBV018-N26.wav,input/CLEAN/AIMBV018-N26.wav
input/NOISY/AIMBV018-N27.wav,input/CLEAN/AIMBV018-N27.wav
input/NOISY/AIMBV018-N28.wav,input/CLEAN/AIMBV018-N28.wav
input/NOISY/AIMBV018-N29.wav,input/CLEAN/AIMBV018-N29.wav
input/NOISY/AIMBV018-N30.wav,input/CLEAN/AIMBV018-N30.wav
input/NOISY/AIMBV018-N31.wav,input/CLEAN/AIMBV018-N31.wav
input/NOISY/AIMBV018-N32.wav,input/CLEAN/AIMBV018-N32.wav
input/NOISY/AIMBV018-N33.wav,input/CLEAN/AIMBV018-N33.wav
input/NOISY/AIMBV018-N34.wav,input/CLEAN/AIMBV018-N34.wav
input/NOISY/AIMBV018-N35.wav,input/CLEAN/AIMBV018-N35.wav
input/NOISY/AIMBV018-N36.wav,input/CLEAN/AIMBV018-N36.wav
input/NOISY/AIMBV018-N37.wav,input/CLEAN/AIMBV018-N37.wav
input/NOISY/AIMBV018-N38.wav,input/CLEAN/AIMBV018-N38.wav
input/NOISY/AIMBV018-N39.wav,input/CLEAN/AIMBV018-N39.wav
input/NOISY/AIMBV018-N40.wav,input/CLEAN/AIMBV018-N40.wav
input/NOISY/AIMBV018-N41.wav,input/CLEAN/AIMBV018-N41.wav
input/NOISY/AIMBV018-N42.wav,input/CLEAN/AIMBV018-N42.wav
input/NOISY/AIMBV018-N43.wav,input/CLEAN/AIMBV018-N43.wav
input/NOISY/AIMBV018-N44.wav,input/CLEAN/AIMBV018-N44.wav
input/NOISY/AIMBV018-N45.wav,input/CLEAN/AIMBV018-N45.wav
input/NOISY/AIMBV018-N46.wav,input/CLEAN/AIMBV018-N46.wav
input/NOISY/AIMBV018-N47.wav,input/CLEAN/AIMBV018-N47.wav
input/NOISY/AIMBV019-N01.wav,input/CLEAN/AIMBV019-N01.wav
input/NOISY/AIMBV019-N02.wav,input/CLEAN/AIMBV019-N02.wav
input/NOISY/AIMBV019-N03.wav,input/CLEAN/AIMBV019-N03.wav
input/NOISY/AIMBV019-N04.wav,input/CLEAN/AIMBV019-N04.wav
input/NOISY/AIMBV019-N05.wav,input/CLEAN/AIMBV019-N05.wav
input/NOISY/AIMBV019-N06.wav,input/CLEAN/AIMBV019-N06.wav
input/NOISY/AIMBV019-N07.wav,input/CLEAN/AIMBV019-N07.wav
input/NOISY/AIMBV019-N08.wav,input/CLEAN/AIMBV019-N08.wav
input/NOISY/AIMBV019-N09.wav,input/CLEAN/AIMBV019-N09.wav
input/NOISY/AIMBV019-N10.wav,input/CLEAN/AIMBV019-N10.wav
input/NOISY/AIMBV019-N11.wav,input/CLEAN/AIMBV019-N11.wav
input/NOISY/AIMBV019-N12.wav,input/CLEAN/AIMBV019-N12.wav
input/NOISY/AIMBV019-N13.wav,input/CLEAN/AIMBV019-N13.wav
input/NOISY/AIMBV019-N14.wav,input/CLEAN/AIMBV019-N14.wav
input/NOISY/AIMBV019-N15.wav,input/CLEAN/AIMBV019-N15.wav
input/NOISY/AIMBV019-N16.wav,input/CLEAN/AIMBV019-N16.wav
input/NOISY/AIMBV019-N17.wav,input/CLEAN/AIMBV019-N17.wav
input/NOISY/AIMBV019-N18.wav,input/CLEAN/AIMBV019-N18.wav
input/NOISY/AIMBV019-N19.wav,input/CLEAN/AIMBV019-N19.wav
input/NOISY/AIMBV019-N20.wav,input/CLEAN/AIMBV019-N20.wav
input/NOISY/AIMBV019-N21.wav,input/CLEAN/AIMBV019-N21.wav
input/NOISY/AIMBV019-N22.wav,input/CLEAN/AIMBV019-N22.wav
input/NOISY/AIMBV019-N23.wav,input/CLEAN/AIMBV019-N23.wav
input/NOISY/AIMBV019-N24.wav,input/CLEAN/AIMBV019-N24.wav
input/NOISY/AIMBV019-N25.wav,input/CLEAN/AIMBV019-N25.wav
input/NOISY/AIMBV019-N26.wav,input/CLEAN/AIMBV019-N26.wav
input/NOISY/AIMBV019-N27.wav,input/CLEAN/AIMBV019-N27.wav
input/NOISY/AIMBV019-N28.wav,input/CLEAN/AIMBV019-N28.wav
input/NOISY/AIMBV019-N29.wav,input/CLEAN/AIMBV019-N29.wav
input/NOISY/AIMBV019-N30.wav,input/CLEAN/AIMBV019-N30.wav
input/NOISY/AIMBV019-N31.wav,input/CLEAN/AIMBV019-N31.wav
input/NOISY/AIMBV019-N32.wav,input/CLEAN/AIMBV019-N32.wav
input/NOISY/AIMBV019-N33.wav,input/CLEAN/AIMBV019-N33.wav
input/NOISY/AIMBV019-N34.wav,input/CLEAN/AIMBV019-N34.wav
input/NOISY/AIMBV019-N35.wav,input/CLEAN/AIMBV019-N35.wav
input/NOISY/AIMBV019-N36.wav,input/CLEAN/AIMBV019-N36.wav
input/NOISY/AIMBV019-N37.wav,input/CLEAN/AIMBV019-N37.wav
input/NOISY/AIMBV019-N38.wav,input/CLEAN/AIMBV019-N38.wav
input/NOISY/AIMBV019-N39.wav,input/CLEAN/AIMBV019-N39.wav
input/NOISY/AIMBV019-N40.wav,input/CLEAN/AIMBV019-N40.wav
input/NOISY/AIMBV019-N41.wav,input/CLEAN/AIMBV019-N41.wav
input/NOISY/AIMBV019-N42.wav,input/CLEAN/AIMBV019-N42.wav
input/NOISY/AIMBV019-N43.wav,input/CLEAN/AIMBV019-N43.wav
input/NOISY/AIMBV019-N44.wav,input/CLEAN/AIMBV019-N44.wav
input/NOISY/AIMBV019-N45.wav,input/CLEAN/AIMBV019-N45.wav
input/NOISY/AIMBV019-N46.wav,input/CLEAN/AIMBV019-N46.wav
input/NOISY/AIMBV019-N47.wav,input/CLEAN/AIMBV019-N47.wav
input/NOISY/AIMBV020-N01.wav,input/CLEAN/AIMBV020-N01.wav
input/NOISY/AIMBV020-N02.wav,input/CLEAN/AIMBV020-N02.wav
input/NOISY/AIMBV020-N03.wav,input/CLEAN/AIMBV020-N03.wav
input/NOISY/AIMBV020-N04.wav,input/CLEAN/AIMBV020-N04.wav
input/NOISY/AIMBV020-N05.wav,input/CLEAN/AIMBV020-N05.wav
input/NOISY/AIMBV020-N06.wav,input/CLEAN/AIMBV020-N06.wav
input/NOISY/AIMBV020-N07.wav,input/CLEAN/AIMBV020-N07.wav
input/NOISY/AIMBV020-N08.wav,input/CLEAN/AIMBV020-N08.wav
input/NOISY/AIMBV020-N09.wav,input/CLEAN/AIMBV020-N09.wav
input/NOISY/AIMBV020-N10.wav,input/CLEAN/AIMBV020-N10.wav
input/NOISY/AIMBV020-N11.wav,input/CLEAN/AIMBV020-N11.wav
input/NOISY/AIMBV020-N12.wav,input/CLEAN/AIMBV020-N12.wav
input/NOISY/AIMBV020-N13.wav,input/CLEAN/AIMBV020-N13.wav
input/NOISY/AIMBV020-N14.wav,input/CLEAN/AIMBV020-N14.wav
input/NOISY/AIMBV020-N15.wav,input/CLEAN/AIMBV020-N15.wav
input/NOISY/AIMBV020-N16.wav,input/CLEAN/AIMBV020-N16.wav
input/NOISY/AIMBV020-N17.wav,input/CLEAN/AIMBV020-N17.wav
input/NOISY/AIMBV020-N18.wav,input/CLEAN/AIMBV020-N18.wav
input/NOISY/AIMBV020-N19.wav,input/CLEAN/AIMBV020-N19.wav
input/NOISY/AIMBV020-N20.wav,input/CLEAN/AIMBV020-N20.wav
input/NOISY/AIMBV020-N21.wav,input/CLEAN/AIMBV020-N21.wav
input/NOISY/AIMBV020-N22.wav,input/CLEAN/AIMBV020-N22.wav
input/NOISY/AIMBV020-N23.wav,input/CLEAN/AIMBV020-N23.wav
input/NOISY/AIMBV020-N24.wav,input/CLEAN/AIMBV020-N24.wav
input/NOISY/AIMBV020-N25.wav,input/CLEAN/AIMBV020-N25.wav
input/NOISY/AIMBV020-N26.wav,input/CLEAN/AIMBV020-N26.wav
input/NOISY/AIMBV020-N27.wav,input/CLEAN/AIMBV020-N27.wav
input/NOISY/AIMBV020-N28.wav,input/CLEAN/AIMBV020-N28.wav
input/NOISY/AIMBV020-N29.wav,input/CLEAN/AIMBV020-N29.wav
input/NOISY/AIMBV020-N30.wav,input/CLEAN/AIMBV020-N30.wav
input/NOISY/AIMBV020-N31.wav,input/CLEAN/AIMBV020-N31.wav
input/NOISY/AIMBV020-N32.wav,input/CLEAN/AIMBV020-N32.wav
input/NOISY/AIMBV020-N33.wav,input/CLEAN/AIMBV020-N33.wav
input/NOISY/AIMBV020-N34.wav,input/CLEAN/AIMBV020-N34.wav
input/NOISY/AIMBV020-N35.wav,input/CLEAN/AIMBV020-N35.wav
input/NOISY/AIMBV020-N36.wav,input/CLEAN/AIMBV020-N36.wav
input/NOISY/AIMBV020-N37.wav,input/CLEAN/AIMBV020-N37.wav
input/NOISY/AIMBV020-N38.wav,input/CLEAN/AIMBV020-N38.wav
input/NOISY/AIMBV020-N39.wav,input/CLEAN/AIMBV020-N39.wav
input/NOISY/AIMBV020-N40.wav,input/CLEAN/AIMBV020-N40.wav
input/NOISY/AIMBV020-N41.wav,input/CLEAN/AIMBV020-N41.wav
input/NOISY/AIMBV020-N42.wav,input/CLEAN/AIMBV020-N42.wav
input/NOISY/AIMBV020-N43.wav,input/CLEAN/AIMBV020-N43.wav
input/NOISY/AIMBV020-N44.wav,input/CLEAN/AIMBV020-N44.wav
input/NOISY/AIMBV020-N45.wav,input/CLEAN/AIMBV020-N45.wav
input/NOISY/AIMBV020-N46.wav,input/CLEAN/AIMBV020-N46.wav
input/NOISY/AIMBV020-N47.wav,input/CLEAN/AIMBV020-N47.wav
input/NOISY/AIMNV003-N01.wav,input/CLEAN/AIMNV003-N01.wav
input/NOISY/AIMNV003-N02.wav,input/CLEAN/AIMNV003-N02.wav
input/NOISY/AIMNV003-N03.wav,input/CLEAN/AIMNV003-N03.wav
input/NOISY/AIMNV003-N04.wav,input/CLEAN/AIMNV003-N04.wav
input/NOISY/AIMNV003-N05.wav,input/CLEAN/AIMNV003-N05.wav
input/NOISY/AIMNV003-N06.wav,input/CLEAN/AIMNV003-N06.wav
input/NOISY/AIMNV003-N07.wav,input/CLEAN/AIMNV003-N07.wav
input/NOISY/AIMNV003-N08.wav,input/CLEAN/AIMNV003-N08.wav
input/NOISY/AIMNV003-N09.wav,input/CLEAN/AIMNV003-N09.wav
input/NOISY/AIMNV003-N10.wav,input/CLEAN/AIMNV003-N10.wav
input/NOISY/AIMNV003-N11.wav,input/CLEAN/AIMNV003-N11.wav
input/NOISY/AIMNV003-N12.wav,input/CLEAN/AIMNV003-N12.wav
input/NOISY/AIMNV003-N13.wav,input/CLEAN/AIMNV003-N13.wav
input/NOISY/AIMNV003-N14.wav,input/CLEAN/AIMNV003-N14.wav
input/NOISY/AIMNV003-N15.wav,input/CLEAN/AIMNV003-N15.wav
input/NOISY/AIMNV003-N16.wav,input/CLEAN/AIMNV003-N16.wav
input/NOISY/AIMNV003-N17.wav,input/CLEAN/AIMNV003-N17.wav
input/NOISY/AIMNV003-N18.wav,input/CLEAN/AIMNV003-N18.wav
input/NOISY/AIMNV003-N19.wav,input/CLEAN/AIMNV003-N19.wav
input/NOISY/AIMNV003-N20.wav,input/CLEAN/AIMNV003-N20.wav
input/NOISY/AIMNV003-N21.wav,input/CLEAN/AIMNV003-N21.wav
input/NOISY/AIMNV003-N22.wav,input/CLEAN/AIMNV003-N22.wav
input/NOISY/AIMNV003-N23.wav,input/CLEAN/AIMNV003-N23.wav
input/NOISY/AIMNV003-N24.wav,input/CLEAN/AIMNV003-N24.wav
input/NOISY/AIMNV003-N25.wav,input/CLEAN/AIMNV003-N25.wav
input/NOISY/AIMNV003-N26.wav,input/CLEAN/AIMNV003-N26.wav
input/NOISY/AIMNV003-N27.wav,input/CLEAN/AIMNV003-N27.wav
input/NOISY/AIMNV003-N28.wav,input/CLEAN/AIMNV003-N28.wav
input/NOISY/AIMNV003-N29.wav,input/CLEAN/AIMNV003-N29.wav
input/NOISY/AIMNV003-N30.wav,input/CLEAN/AIMNV003-N30.wav
input/NOISY/AIMNV003-N31.wav,input/CLEAN/AIMNV003-N31.wav
input/NOISY/AIMNV003-N32.wav,input/CLEAN/AIMNV003-N32.wav
input/NOISY/AIMNV003-N33.wav,input/CLEAN/AIMNV003-N33.wav
input/NOISY/AIMNV003-N34.wav,input/CLEAN/AIMNV003-N34.wav
input/NOISY/AIMNV003-N35.wav,input/CLEAN/AIMNV003-N35.wav
input/NOISY/AIMNV003-N36.wav,input/CLEAN/AIMNV003-N36.wav
input/NOISY/AIMNV003-N37.wav,input/CLEAN/AIMNV003-N37.wav
input/NOISY/AIMNV003-N38.wav,input/CLEAN/AIMNV003-N38.wav
input/NOISY/AIMNV003-N39.wav,input/CLEAN/AIMNV003-N39.wav
input/NOISY/AIMNV003-N40.wav,input/CLEAN/AIMNV003-N40.wav
input/NOISY/AIMNV003-N41.wav,input/CLEAN/AIMNV003-N41.wav
input/NOISY/AIMNV003-N42.wav,input/CLEAN/AIMNV003-N42.wav
input/NOISY/AIMNV003-N43.wav,input/CLEAN/AIMNV003-N43.wav
input/NOISY/AIMNV003-N44.wav,input/CLEAN/AIMNV003-N44.wav
input/NOISY/AIMNV003-N45.wav,input/CLEAN/AIMNV003-N45.wav
input/NOISY/AIMNV003-N46.wav,input/CLEAN/AIMNV003-N46.wav
input/NOISY/AIMNV003-N47.wav,input/CLEAN/AIMNV003-N47.wav
input/NOISY/AIMNV004-N01.wav,input/CLEAN/AIMNV004-N01.wav
input/NOISY/AIMNV004-N02.wav,input/CLEAN/AIMNV004-N02.wav
input/NOISY/AIMNV004-N03.wav,input/CLEAN/AIMNV004-N03.wav
input/NOISY/AIMNV004-N04.wav,input/CLEAN/AIMNV004-N04.wav
input/NOISY/AIMNV004-N05.wav,input/CLEAN/AIMNV004-N05.wav
input/NOISY/AIMNV004-N06.wav,input/CLEAN/AIMNV004-N06.wav
input/NOISY/AIMNV004-N07.wav,input/CLEAN/AIMNV004-N07.wav
input/NOISY/AIMNV004-N08.wav,input/CLEAN/AIMNV004-N08.wav
input/NOISY/AIMNV004-N09.wav,input/CLEAN/AIMNV004-N09.wav
input/NOISY/AIMNV004-N10.wav,input/CLEAN/AIMNV004-N10.wav
input/NOISY/AIMNV004-N11.wav,input/CLEAN/AIMNV004-N11.wav
input/NOISY/AIMNV004-N12.wav,input/CLEAN/AIMNV004-N12.wav
input/NOISY/AIMNV004-N13.wav,input/CLEAN/AIMNV004-N13.wav
input/NOISY/AIMNV004-N14.wav,input/CLEAN/AIMNV004-N14.wav
input/NOISY/AIMNV004-N15.wav,input/CLEAN/AIMNV004-N15.wav
input/NOISY/AIMNV004-N16.wav,input/CLEAN/AIMNV004-N16.wav
input/NOISY/AIMNV004-N17.wav,input/CLEAN/AIMNV004-N17.wav
input/NOISY/AIMNV004-N18.wav,input/CLEAN/AIMNV004-N18.wav
input/NOISY/AIMNV004-N19.wav,input/CLEAN/AIMNV004-N19.wav
input/NOISY/AIMNV004-N20.wav,input/CLEAN/AIMNV004-N20.wav
input/NOISY/AIMNV004-N21.wav,input/CLEAN/AIMNV004-N21.wav
input/NOISY/AIMNV004-N22.wav,input/CLEAN/AIMNV004-N22.wav
input/NOISY/AIMNV004-N23.wav,input/CLEAN/AIMNV004-N23.wav
input/NOISY/AIMNV004-N24.wav,input/CLEAN/AIMNV004-N24.wav
input/NOISY/AIMNV004-N25.wav,input/CLEAN/AIMNV004-N25.wav
input/NOISY/AIMNV004-N26.wav,input/CLEAN/AIMNV004-N26.wav
input/NOISY/AIMNV004-N27.wav,input/CLEAN/AIMNV004-N27.wav
input/NOISY/AIMNV004-N28.wav,input/CLEAN/AIMNV004-N28.wav
input/NOISY/AIMNV004-N29.wav,input/CLEAN/AIMNV004-N29.wav
input/NOISY/AIMNV004-N30.wav,input/CLEAN/AIMNV004-N30.wav
input/NOISY/AIMNV004-N31.wav,input/CLEAN/AIMNV004-N31.wav
input/NOISY/AIMNV004-N32.wav,input/CLEAN/AIMNV004-N32.wav
input/NOISY/AIMNV004-N33.wav,input/CLEAN/AIMNV004-N33.wav
input/NOISY/AIMNV004-N34.wav,input/CLEAN/AIMNV004-N34.wav
input/NOISY/AIMNV004-N35.wav,input/CLEAN/AIMNV004-N35.wav
input/NOISY/AIMNV004-N36.wav,input/CLEAN/AIMNV004-N36.wav
input/NOISY/AIMNV004-N37.wav,input/CLEAN/AIMNV004-N37.wav
input/NOISY/AIMNV004-N38.wav,input/CLEAN/AIMNV004-N38.wav
input/NOISY/AIMNV004-N39.wav,input/CLEAN/AIMNV004-N39.wav
input/NOISY/AIMNV004-N40.wav,input/CLEAN/AIMNV004-N40.wav
input/NOISY/AIMNV004-N41.wav,input/CLEAN/AIMNV004-N41.wav
input/NOISY/AIMNV004-N42.wav,input/CLEAN/AIMNV004-N42.wav
input/NOISY/AIMNV004-N43.wav,input/CLEAN/AIMNV004-N43.wav
input/NOISY/AIMNV004-N44.wav,input/CLEAN/AIMNV004-N44.wav
input/NOISY/AIMNV004-N45.wav,input/CLEAN/AIMNV004-N45.wav
input/NOISY/AIMNV004-N46.wav,input/CLEAN/AIMNV004-N46.wav
input/NOISY/AIMNV004-N47.wav,input/CLEAN/AIMNV004-N47.wav
input/NOISY/AIMNV005-N01.wav,input/CLEAN/AIMNV005-N01.wav
input/NOISY/AIMNV005-N02.wav,input/CLEAN/AIMNV005-N02.wav
input/NOISY/AIMNV005-N03.wav,input/CLEAN/AIMNV005-N03.wav
input/NOISY/AIMNV005-N04.wav,input/CLEAN/AIMNV005-N04.wav
input/NOISY/AIMNV005-N05.wav,input/CLEAN/AIMNV005-N05.wav
input/NOISY/AIMNV005-N06.wav,input/CLEAN/AIMNV005-N06.wav
input/NOISY/AIMNV005-N07.wav,input/CLEAN/AIMNV005-N07.wav
input/NOISY/AIMNV005-N08.wav,input/CLEAN/AIMNV005-N08.wav
input/NOISY/AIMNV005-N09.wav,input/CLEAN/AIMNV005-N09.wav
input/NOISY/AIMNV005-N10.wav,input/CLEAN/AIMNV005-N10.wav
input/NOISY/AIMNV005-N11.wav,input/CLEAN/AIMNV005-N11.wav
input/NOISY/AIMNV005-N12.wav,input/CLEAN/AIMNV005-N12.wav
input/NOISY/AIMNV005-N13.wav,input/CLEAN/AIMNV005-N13.wav
input/NOISY/AIMNV005-N14.wav,input/CLEAN/AIMNV005-N14.wav
input/NOISY/AIMNV005-N15.wav,input/CLEAN/AIMNV005-N15.wav
input/NOISY/AIMNV005-N16.wav,input/CLEAN/AIMNV005-N16.wav
input/NOISY/AIMNV005-N17.wav,input/CLEAN/AIMNV005-N17.wav
input/NOISY/AIMNV005-N18.wav,input/CLEAN/AIMNV005-N18.wav
input/NOISY/AIMNV005-N19.wav,input/CLEAN/AIMNV005-N19.wav
input/NOISY/AIMNV005-N20.wav,input/CLEAN/AIMNV005-N20.wav
input/NOISY/AIMNV005-N21.wav,input/CLEAN/AIMNV005-N21.wav
input/NOISY/AIMNV005-N22.wav,input/CLEAN/AIMNV005-N22.wav
input/NOISY/AIMNV005-N23.wav,input/CLEAN/AIMNV005-N23.wav
input/NOISY/AIMNV005-N24.wav,input/CLEAN/AIMNV005-N24.wav
input/NOISY/AIMNV005-N25.wav,input/CLEAN/AIMNV005-N25.wav
input/NOISY/AIMNV005-N26.wav,input/CLEAN/AIMNV005-N26.wav
input/NOISY/AIMNV005-N27.wav,input/CLEAN/AIMNV005-N27.wav
input/NOISY/AIMNV005-N28.wav,input/CLEAN/AIMNV005-N28.wav
input/NOISY/AIMNV005-N29.wav,input/CLEAN/AIMNV005-N29.wav
input/NOISY/AIMNV005-N30.wav,input/CLEAN/AIMNV005-N30.wav
input/NOISY/AIMNV005-N31.wav,input/CLEAN/AIMNV005-N31.wav
input/NOISY/AIMNV005-N32.wav,input/CLEAN/AIMNV005-N32.wav
input/NOISY/AIMNV005-N33.wav,input/CLEAN/AIMNV005-N33.wav
input/NOISY/AIMNV005-N34.wav,input/CLEAN/AIMNV005-N34.wav
input/NOISY/AIMNV005-N35.wav,input/CLEAN/AIMNV005-N35.wav
input/NOISY/AIMNV005-N36.wav,input/CLEAN/AIMNV005-N36.wav
input/NOISY/AIMNV005-N37.wav,input/CLEAN/AIMNV005-N37.wav
input/NOISY/AIMNV005-N38.wav,input/CLEAN/AIMNV005-N38.wav
input/NOISY/AIMNV005-N39.wav,input/CLEAN/AIMNV005-N39.wav
input/NOISY/AIMNV005-N40.wav,input/CLEAN/AIMNV005-N40.wav
input/NOISY/AIMNV005-N41.wav,input/CLEAN/AIMNV005-N41.wav
input/NOISY/AIMNV005-N42.wav,input/CLEAN/AIMNV005-N42.wav
input/NOISY/AIMNV005-N43.wav,input/CLEAN/AIMNV005-N43.wav
input/NOISY/AIMNV005-N44.wav,input/CLEAN/AIMNV005-N44.wav
input/NOISY/AIMNV005-N45.wav,input/CLEAN/AIMNV005-N45.wav
input/NOISY/AIMNV005-N46.wav,input/CLEAN/AIMNV005-N46.wav
input/NOISY/AIMNV005-N47.wav,input/CLEAN/AIMNV005-N47.wav
input/NOISY/AIMNV006-N01.wav,input/CLEAN/AIMNV006-N01.wav
input/NOISY/AIMNV006-N02.wav,input/CLEAN/AIMNV006-N02.wav
input/NOISY/AIMNV006-N03.wav,input/CLEAN/AIMNV006-N03.wav
input/NOISY/AIMNV006-N04.wav,input/CLEAN/AIMNV006-N04.wav
input/NOISY/AIMNV006-N05.wav,input/CLEAN/AIMNV006-N05.wav
input/NOISY/AIMNV006-N06.wav,input/CLEAN/AIMNV006-N06.wav
input/NOISY/AIMNV006-N07.wav,input/CLEAN/AIMNV006-N07.wav
input/NOISY/AIMNV006-N08.wav,input/CLEAN/AIMNV006-N08.wav
input/NOISY/AIMNV006-N09.wav,input/CLEAN/AIMNV006-N09.wav
input/NOISY/AIMNV006-N10.wav,input/CLEAN/AIMNV006-N10.wav
input/NOISY/AIMNV006-N11.wav,input/CLEAN/AIMNV006-N11.wav
input/NOISY/AIMNV006-N12.wav,input/CLEAN/AIMNV006-N12.wav
input/NOISY/AIMNV006-N13.wav,input/CLEAN/AIMNV006-N13.wav
input/NOISY/AIMNV006-N14.wav,input/CLEAN/AIMNV006-N14.wav
input/NOISY/AIMNV006-N15.wav,input/CLEAN/AIMNV006-N15.wav
input/NOISY/AIMNV006-N16.wav,input/CLEAN/AIMNV006-N16.wav
input/NOISY/AIMNV006-N17.wav,input/CLEAN/AIMNV006-N17.wav
input/NOISY/AIMNV006-N18.wav,input/CLEAN/AIMNV006-N18.wav
input/NOISY/AIMNV006-N19.wav,input/CLEAN/AIMNV006-N19.wav
input/NOISY/AIMNV006-N20.wav,input/CLEAN/AIMNV006-N20.wav
input/NOISY/AIMNV006-N21.wav,input/CLEAN/AIMNV006-N21.wav
input/NOISY/AIMNV006-N22.wav,input/CLEAN/AIMNV006-N22.wav
input/NOISY/AIMNV006-N23.wav,input/CLEAN/AIMNV006-N23.wav
input/NOISY/AIMNV006-N24.wav,input/CLEAN/AIMNV006-N24.wav
input/NOISY/AIMNV006-N25.wav,input/CLEAN/AIMNV006-N25.wav
input/NOISY/AIMNV006-N26.wav,input/CLEAN/AIMNV006-N26.wav
input/NOISY/AIMNV006-N27.wav,input/CLEAN/AIMNV006-N27.wav
input/NOISY/AIMNV006-N28.wav,input/CLEAN/AIMNV006-N28.wav
input/NOISY/AIMNV006-N29.wav,input/CLEAN/AIMNV006-N29.wav
input/NOISY/AIMNV006-N30.wav,input/CLEAN/AIMNV006-N30.wav
input/NOISY/AIMNV006-N31.wav,input/CLEAN/AIMNV006-N31.wav
input/NOISY/AIMNV006-N32.wav,input/CLEAN/AIMNV006-N32.wav
input/NOISY/AIMNV006-N33.wav,input/CLEAN/AIMNV006-N33.wav
input/NOISY/AIMNV006-N34.wav,input/CLEAN/AIMNV006-N34.wav
input/NOISY/AIMNV006-N35.wav,input/CLEAN/AIMNV006-N35.wav
input/NOISY/AIMNV006-N36.wav,input/CLEAN/AIMNV006-N36.wav
input/NOISY/AIMNV006-N37.wav,input/CLEAN/AIMNV006-N37.wav
input/NOISY/AIMNV006-N38.wav,input/CLEAN/AIMNV006-N38.wav
input/NOISY/AIMNV006-N39.wav,input/CLEAN/AIMNV006-N39.wav
input/NOISY/AIMNV006-N40.wav,input/CLEAN/AIMNV006-N40.wav
input/NOISY/AIMNV006-N41.wav,input/CLEAN/AIMNV006-N41.wav
input/NOISY/AIMNV006-N42.wav,input/CLEAN/AIMNV006-N42.wav
input/NOISY/AIMNV006-N43.wav,input/CLEAN/AIMNV006-N43.wav
input/NOISY/AIMNV006-N44.wav,input/CLEAN/AIMNV006-N44.wav
input/NOISY/AIMNV006-N45.wav,input/CLEAN/AIMNV006-N45.wav
input/NOISY/AIMNV006-N46.wav,input/CLEAN/AIMNV006-N46.wav
input/NOISY/AIMNV006-N47.wav,input/CLEAN/AIMNV006-N47.wav
input/NOISY/AIMNV007-N01.wav,input/CLEAN/AIMNV007-N01.wav
input/NOISY/AIMNV007-N02.wav,input/CLEAN/AIMNV007-N02.wav
input/NOISY/AIMNV007-N03.wav,input/CLEAN/AIMNV007-N03.wav
input/NOISY/AIMNV007-N04.wav,input/CLEAN/AIMNV007-N04.wav
input/NOISY/AIMNV007-N05.wav,input/CLEAN/AIMNV007-N05.wav
input/NOISY/AIMNV007-N06.wav,input/CLEAN/AIMNV007-N06.wav
input/NOISY/AIMNV007-N07.wav,input/CLEAN/AIMNV007-N07.wav
input/NOISY/AIMNV007-N08.wav,input/CLEAN/AIMNV007-N08.wav
input/NOISY/AIMNV007-N09.wav,input/CLEAN/AIMNV007-N09.wav
input/NOISY/AIMNV007-N10.wav,input/CLEAN/AIMNV007-N10.wav
input/NOISY/AIMNV007-N11.wav,input/CLEAN/AIMNV007-N11.wav
input/NOISY/AIMNV007-N12.wav,input/CLEAN/AIMNV007-N12.wav
input/NOISY/AIMNV007-N13.wav,input/CLEAN/AIMNV007-N13.wav
input/NOISY/AIMNV007-N14.wav,input/CLEAN/AIMNV007-N14.wav
input/NOISY/AIMNV007-N15.wav,input/CLEAN/AIMNV007-N15.wav
input/NOISY/AIMNV007-N16.wav,input/CLEAN/AIMNV007-N16.wav
input/NOISY/AIMNV007-N17.wav,input/CLEAN/AIMNV007-N17.wav
input/NOISY/AIMNV007-N18.wav,input/CLEAN/AIMNV007-N18.wav
input/NOISY/AIMNV007-N19.wav,input/CLEAN/AIMNV007-N19.wav
input/NOISY/AIMNV007-N20.wav,input/CLEAN/AIMNV007-N20.wav
input/NOISY/AIMNV007-N21.wav,input/CLEAN/AIMNV007-N21.wav
input/NOISY/AIMNV007-N22.wav,input/CLEAN/AIMNV007-N22.wav
input/NOISY/AIMNV007-N23.wav,input/CLEAN/AIMNV007-N23.wav
input/NOISY/AIMNV007-N24.wav,input/CLEAN/AIMNV007-N24.wav
input/NOISY/AIMNV007-N25.wav,input/CLEAN/AIMNV007-N25.wav
input/NOISY/AIMNV007-N26.wav,input/CLEAN/AIMNV007-N26.wav
input/NOISY/AIMNV007-N27.wav,input/CLEAN/AIMNV007-N27.wav
input/NOISY/AIMNV007-N28.wav,input/CLEAN/AIMNV007-N28.wav
input/NOISY/AIMNV007-N29.wav,input/CLEAN/AIMNV007-N29.wav
input/NOISY/AIMNV007-N30.wav,input/CLEAN/AIMNV007-N30.wav
input/NOISY/AIMNV007-N31.wav,input/CLEAN/AIMNV007-N31.wav
input/NOISY/AIMNV007-N32.wav,input/CLEAN/AIMNV007-N32.wav
input/NOISY/AIMNV007-N33.wav,input/CLEAN/AIMNV007-N33.wav
input/NOISY/AIMNV007-N34.wav,input/CLEAN/AIMNV007-N34.wav
input/NOISY/AIMNV007-N35.wav,input/CLEAN/AIMNV007-N35.wav
input/NOISY/AIMNV007-N36.wav,input/CLEAN/AIMNV007-N36.wav
input/NOISY/AIMNV007-N37.wav,input/CLEAN/AIMNV007-N37.wav
input/NOISY/AIMNV007-N38.wav,input/CLEAN/AIMNV007-N38.wav
input/NOISY/AIMNV007-N39.wav,input/CLEAN/AIMNV007-N39.wav
input/NOISY/AIMNV007-N40.wav,input/CLEAN/AIMNV007-N40.wav
input/NOISY/AIMNV007-N41.wav,input/CLEAN/AIMNV007-N41.wav
input/NOISY/AIMNV007-N42.wav,input/CLEAN/AIMNV007-N42.wav
input/NOISY/AIMNV007-N43.wav,input/CLEAN/AIMNV007-N43.wav
input/NOISY/AIMNV007-N44.wav,input/CLEAN/AIMNV007-N44.wav
input/NOISY/AIMNV007-N45.wav,input/CLEAN/AIMNV007-N45.wav
input/NOISY/AIMNV007-N46.wav,input/CLEAN/AIMNV007-N46.wav
input/NOISY/AIMNV007-N47.wav,input/CLEAN/AIMNV007-N47.wav
input/NOISY/AIMNV008-N01.wav,input/CLEAN/AIMNV008-N01.wav
input/NOISY/AIMNV008-N02.wav,input/CLEAN/AIMNV008-N02.wav
input/NOISY/AIMNV008-N03.wav,input/CLEAN/AIMNV008-N03.wav
input/NOISY/AIMNV008-N04.wav,input/CLEAN/AIMNV008-N04.wav
input/NOISY/AIMNV008-N05.wav,input/CLEAN/AIMNV008-N05.wav
input/NOISY/AIMNV008-N06.wav,input/CLEAN/AIMNV008-N06.wav
input/NOISY/AIMNV008-N07.wav,input/CLEAN/AIMNV008-N07.wav
input/NOISY/AIMNV008-N08.wav,input/CLEAN/AIMNV008-N08.wav
input/NOISY/AIMNV008-N09.wav,input/CLEAN/AIMNV008-N09.wav
input/NOISY/AIMNV008-N10.wav,input/CLEAN/AIMNV008-N10.wav
input/NOISY/AIMNV008-N11.wav,input/CLEAN/AIMNV008-N11.wav
input/NOISY/AIMNV008-N12.wav,input/CLEAN/AIMNV008-N12.wav
input/NOISY/AIMNV008-N13.wav,input/CLEAN/AIMNV008-N13.wav
input/NOISY/AIMNV008-N14.wav,input/CLEAN/AIMNV008-N14.wav
input/NOISY/AIMNV008-N15.wav,input/CLEAN/AIMNV008-N15.wav
input/NOISY/AIMNV008-N16.wav,input/CLEAN/AIMNV008-N16.wav
input/NOISY/AIMNV008-N17.wav,input/CLEAN/AIMNV008-N17.wav
input/NOISY/AIMNV008-N18.wav,input/CLEAN/AIMNV008-N18.wav
input/NOISY/AIMNV008-N19.wav,input/CLEAN/AIMNV008-N19.wav
input/NOISY/AIMNV008-N20.wav,input/CLEAN/AIMNV008-N20.wav
input/NOISY/AIMNV008-N21.wav,input/CLEAN/AIMNV008-N21.wav
input/NOISY/AIMNV008-N22.wav,input/CLEAN/AIMNV008-N22.wav
input/NOISY/AIMNV008-N23.wav,input/CLEAN/AIMNV008-N23.wav
input/NOISY/AIMNV008-N24.wav,input/CLEAN/AIMNV008-N24.wav
input/NOISY/AIMNV008-N25.wav,input/CLEAN/AIMNV008-N25.wav
input/NOISY/AIMNV008-N26.wav,input/CLEAN/AIMNV008-N26.wav
input/NOISY/AIMNV008-N27.wav,input/CLEAN/AIMNV008-N27.wav
input/NOISY/AIMNV008-N28.wav,input/CLEAN/AIMNV008-N28.wav
input/NOISY/AIMNV008-N29.wav,input/CLEAN/AIMNV008-N29.wav
input/NOISY/AIMNV008-N30.wav,input/CLEAN/AIMNV008-N30.wav
input/NOISY/AIMNV008-N31.wav,input/CLEAN/AIMNV008-N31.wav
input/NOISY/AIMNV008-N32.wav,input/CLEAN/AIMNV008-N32.wav
input/NOISY/AIMNV008-N33.wav,input/CLEAN/AIMNV008-N33.wav
input/NOISY/AIMNV008-N34.wav,input/CLEAN/AIMNV008-N34.wav
input/NOISY/AIMNV008-N35.wav,input/CLEAN/AIMNV008-N35.wav
input/NOISY/AIMNV008-N36.wav,input/CLEAN/AIMNV008-N36.wav
input/NOISY/AIMNV008-N37.wav,input/CLEAN/AIMNV008-N37.wav
input/NOISY/AIMNV008-N38.wav,input/CLEAN/AIMNV008-N38.wav
input/NOISY/AIMNV008-N39.wav,input/CLEAN/AIMNV008-N39.wav
input/NOISY/AIMNV008-N40.wav,input/CLEAN/AIMNV008-N40.wav
input/NOISY/AIMNV008-N41.wav,input/CLEAN/AIMNV008-N41.wav
input/NOISY/AIMNV008-N42.wav,input/CLEAN/AIMNV008-N42.wav
input/NOISY/AIMNV008-N43.wav,input/CLEAN/AIMNV008-N43.wav
input/NOISY/AIMNV008-N44.wav,input/CLEAN/AIMNV008-N44.wav
input/NOISY/AIMNV008-N45.wav,input/CLEAN/AIMNV008-N45.wav
input/NOISY/AIMNV008-N46.wav,input/CLEAN/AIMNV008-N46.wav
input/NOISY/AIMNV008-N47.wav,input/CLEAN/AIMNV008-N47.wav
input/NOISY/AIMNV009-N01.wav,input/CLEAN/AIMNV009-N01.wav
input/NOISY/AIMNV009-N02.wav,input/CLEAN/AIMNV009-N02.wav
input/NOISY/AIMNV009-N03.wav,input/CLEAN/AIMNV009-N03.wav
input/NOISY/AIMNV009-N04.wav,input/CLEAN/AIMNV009-N04.wav
input/NOISY/AIMNV009-N05.wav,input/CLEAN/AIMNV009-N05.wav
input/NOISY/AIMNV009-N06.wav,input/CLEAN/AIMNV009-N06.wav
input/NOISY/AIMNV009-N07.wav,input/CLEAN/AIMNV009-N07.wav
input/NOISY/AIMNV009-N08.wav,input/CLEAN/AIMNV009-N08.wav
input/NOISY/AIMNV009-N09.wav,input/CLEAN/AIMNV009-N09.wav
input/NOISY/AIMNV009-N10.wav,input/CLEAN/AIMNV009-N10.wav
input/NOISY/AIMNV009-N11.wav,input/CLEAN/AIMNV009-N11.wav
input/NOISY/AIMNV009-N12.wav,input/CLEAN/AIMNV009-N12.wav
input/NOISY/AIMNV009-N13.wav,input/CLEAN/AIMNV009-N13.wav
input/NOISY/AIMNV009-N14.wav,input/CLEAN/AIMNV009-N14.wav
input/NOISY/AIMNV009-N15.wav,input/CLEAN/AIMNV009-N15.wav
input/NOISY/AIMNV009-N16.wav,input/CLEAN/AIMNV009-N16.wav
input/NOISY/AIMNV009-N17.wav,input/CLEAN/AIMNV009-N17.wav
input/NOISY/AIMNV009-N18.wav,input/CLEAN/AIMNV009-N18.wav
input/NOISY/AIMNV009-N19.wav,input/CLEAN/AIMNV009-N19.wav
input/NOISY/AIMNV009-N20.wav,input/CLEAN/AIMNV009-N20.wav
input/NOISY/AIMNV009-N21.wav,input/CLEAN/AIMNV009-N21.wav
input/NOISY/AIMNV009-N22.wav,input/CLEAN/AIMNV009-N22.wav
input/NOISY/AIMNV009-N23.wav,input/CLEAN/AIMNV009-N23.wav
input/NOISY/AIMNV009-N24.wav,input/CLEAN/AIMNV009-N24.wav
input/NOISY/AIMNV009-N25.wav,input/CLEAN/AIMNV009-N25.wav
input/NOISY/AIMNV009-N26.wav,input/CLEAN/AIMNV009-N26.wav
input/NOISY/AIMNV009-N27.wav,input/CLEAN/AIMNV009-N27.wav
input/NOISY/AIMNV009-N28.wav,input/CLEAN/AIMNV009-N28.wav
input/NOISY/AIMNV009-N29.wav,input/CLEAN/AIMNV009-N29.wav
input/NOISY/AIMNV009-N30.wav,input/CLEAN/AIMNV009-N30.wav
input/NOISY/AIMNV009-N31.wav,input/CLEAN/AIMNV009-N31.wav
input/NOISY/AIMNV009-N32.wav,input/CLEAN/AIMNV009-N32.wav
input/NOISY/AIMNV009-N33.wav,input/CLEAN/AIMNV009-N33.wav
input/NOISY/AIMNV009-N34.wav,input/CLEAN/AIMNV009-N34.wav
input/NOISY/AIMNV009-N35.wav,input/CLEAN/AIMNV009-N35.wav
input/NOISY/AIMNV009-N36.wav,input/CLEAN/AIMNV009-N36.wav
input/NOISY/AIMNV009-N37.wav,input/CLEAN/AIMNV009-N37.wav
input/NOISY/AIMNV009-N38.wav,input/CLEAN/AIMNV009-N38.wav
input/NOISY/AIMNV009-N39.wav,input/CLEAN/AIMNV009-N39.wav
input/NOISY/AIMNV009-N40.wav,input/CLEAN/AIMNV009-N40.wav
input/NOISY/AIMNV009-N41.wav,input/CLEAN/AIMNV009-N41.wav
input/NOISY/AIMNV009-N42.wav,input/CLEAN/AIMNV009-N42.wav
input/NOISY/AIMNV009-N43.wav,input/CLEAN/AIMNV009-N43.wav
input/NOISY/AIMNV009-N44.wav,input/CLEAN/AIMNV009-N44.wav
input/NOISY/AIMNV009-N45.wav,input/CLEAN/AIMNV009-N45.wav
input/NOISY/AIMNV009-N46.wav,input/CLEAN/AIMNV009-N46.wav
input/NOISY/AIMNV009-N47.wav,input/CLEAN/AIMNV009-N47.wav
input/NOISY/AIMNV010-N01.wav,input/CLEAN/AIMNV010-N01.wav
input/NOISY/AIMNV010-N02.wav,input/CLEAN/AIMNV010-N02.wav
input/NOISY/AIMNV010-N03.wav,input/CLEAN/AIMNV010-N03.wav
input/NOISY/AIMNV010-N04.wav,input/CLEAN/AIMNV010-N04.wav
input/NOISY/AIMNV010-N05.wav,input/CLEAN/AIMNV010-N05.wav
input/NOISY/AIMNV010-N06.wav,input/CLEAN/AIMNV010-N06.wav
input/NOISY/AIMNV010-N07.wav,input/CLEAN/AIMNV010-N07.wav
input/NOISY/AIMNV010-N08.wav,input/CLEAN/AIMNV010-N08.wav
input/NOISY/AIMNV010-N09.wav,input/CLEAN/AIMNV010-N09.wav
input/NOISY/AIMNV010-N10.wav,input/CLEAN/AIMNV010-N10.wav
input/NOISY/AIMNV010-N11.wav,input/CLEAN/AIMNV010-N11.wav
input/NOISY/AIMNV010-N12.wav,input/CLEAN/AIMNV010-N12.wav
input/NOISY/AIMNV010-N13.wav,input/CLEAN/AIMNV010-N13.wav
input/NOISY/AIMNV010-N14.wav,input/CLEAN/AIMNV010-N14.wav
input/NOISY/AIMNV010-N15.wav,input/CLEAN/AIMNV010-N15.wav
input/NOISY/AIMNV010-N16.wav,input/CLEAN/AIMNV010-N16.wav
input/NOISY/AIMNV010-N17.wav,input/CLEAN/AIMNV010-N17.wav
input/NOISY/AIMNV010-N18.wav,input/CLEAN/AIMNV010-N18.wav
input/NOISY/AIMNV010-N19.wav,input/CLEAN/AIMNV010-N19.wav
input/NOISY/AIMNV010-N20.wav,input/CLEAN/AIMNV010-N20.wav
input/NOISY/AIMNV010-N21.wav,input/CLEAN/AIMNV010-N21.wav
input/NOISY/AIMNV010-N22.wav,input/CLEAN/AIMNV010-N22.wav
input/NOISY/AIMNV010-N23.wav,input/CLEAN/AIMNV010-N23.wav
input/NOISY/AIMNV010-N24.wav,input/CLEAN/AIMNV010-N24.wav
input/NOISY/AIMNV010-N25.wav,input/CLEAN/AIMNV010-N25.wav
input/NOISY/AIMNV010-N26.wav,input/CLEAN/AIMNV010-N26.wav
input/NOISY/AIMNV010-N27.wav,input/CLEAN/AIMNV010-N27.wav
input/NOISY/AIMNV010-N28.wav,input/CLEAN/AIMNV010-N28.wav
input/NOISY/AIMNV010-N29.wav,input/CLEAN/AIMNV010-N29.wav
input/NOISY/AIMNV010-N30.wav,input/CLEAN/AIMNV010-N30.wav
input/NOISY/AIMNV010-N31.wav,input/CLEAN/AIMNV010-N31.wav
input/NOISY/AIMNV010-N32.wav,input/CLEAN/AIMNV010-N32.wav
input/NOISY/AIMNV010-N33.wav,input/CLEAN/AIMNV010-N33.wav
input/NOISY/AIMNV010-N34.wav,input/CLEAN/AIMNV010-N34.wav
input/NOISY/AIMNV010-N35.wav,input/CLEAN/AIMNV010-N35.wav
input/NOISY/AIMNV010-N36.wav,input/CLEAN/AIMNV010-N36.wav
input/NOISY/AIMNV010-N37.wav,input/CLEAN/AIMNV010-N37.wav
input/NOISY/AIMNV010-N38.wav,input/CLEAN/AIMNV010-N38.wav
input/NOISY/AIMNV010-N39.wav,input/CLEAN/AIMNV010-N39.wav
input/NOISY/AIMNV010-N40.wav,input/CLEAN/AIMNV010-N40.wav
input/NOISY/AIMNV010-N41.wav,input/CLEAN/AIMNV010-N41.wav
input/NOISY/AIMNV010-N42.wav,input/CLEAN/AIMNV010-N42.wav
input/NOISY/AIMNV010-N43.wav,input/CLEAN/AIMNV010-N43.wav
input/NOISY/AIMNV010-N44.wav,input/CLEAN/AIMNV010-N44.wav
input/NOISY/AIMNV010-N45.wav,input/CLEAN/AIMNV010-N45.wav
input/NOISY/AIMNV010-N46.wav,input/CLEAN/AIMNV010-N46.wav
input/NOISY/AIMNV010-N47.wav,input/CLEAN/AIMNV010-N47.wav
input/NOISY/AIMNV011-N01.wav,input/CLEAN/AIMNV011-N01.wav
input/NOISY/AIMNV011-N02.wav,input/CLEAN/AIMNV011-N02.wav
input/NOISY/AIMNV011-N03.wav,input/CLEAN/AIMNV011-N03.wav
input/NOISY/AIMNV011-N04.wav,input/CLEAN/AIMNV011-N04.wav
input/NOISY/AIMNV011-N05.wav,input/CLEAN/AIMNV011-N05.wav
input/NOISY/AIMNV011-N06.wav,input/CLEAN/AIMNV011-N06.wav
input/NOISY/AIMNV011-N07.wav,input/CLEAN/AIMNV011-N07.wav
input/NOISY/AIMNV011-N08.wav,input/CLEAN/AIMNV011-N08.wav
input/NOISY/AIMNV011-N09.wav,input/CLEAN/AIMNV011-N09.wav
input/NOISY/AIMNV011-N10.wav,input/CLEAN/AIMNV011-N10.wav
input/NOISY/AIMNV011-N11.wav,input/CLEAN/AIMNV011-N11.wav
input/NOISY/AIMNV011-N12.wav,input/CLEAN/AIMNV011-N12.wav
input/NOISY/AIMNV011-N13.wav,input/CLEAN/AIMNV011-N13.wav
input/NOISY/AIMNV011-N14.wav,input/CLEAN/AIMNV011-N14.wav
input/NOISY/AIMNV011-N15.wav,input/CLEAN/AIMNV011-N15.wav
input/NOISY/AIMNV011-N16.wav,input/CLEAN/AIMNV011-N16.wav
input/NOISY/AIMNV011-N17.wav,input/CLEAN/AIMNV011-N17.wav
input/NOISY/AIMNV011-N18.wav,input/CLEAN/AIMNV011-N18.wav
input/NOISY/AIMNV011-N19.wav,input/CLEAN/AIMNV011-N19.wav
input/NOISY/AIMNV011-N20.wav,input/CLEAN/AIMNV011-N20.wav
input/NOISY/AIMNV011-N21.wav,input/CLEAN/AIMNV011-N21.wav
input/NOISY/AIMNV011-N22.wav,input/CLEAN/AIMNV011-N22.wav
input/NOISY/AIMNV011-N23.wav,input/CLEAN/AIMNV011-N23.wav
input/NOISY/AIMNV011-N24.wav,input/CLEAN/AIMNV011-N24.wav
input/NOISY/AIMNV011-N25.wav,input/CLEAN/AIMNV011-N25.wav
input/NOISY/AIMNV011-N26.wav,input/CLEAN/AIMNV011-N26.wav
input/NOISY/AIMNV011-N27.wav,input/CLEAN/AIMNV011-N27.wav
input/NOISY/AIMNV011-N28.wav,input/CLEAN/AIMNV011-N28.wav
input/NOISY/AIMNV011-N29.wav,input/CLEAN/AIMNV011-N29.wav
input/NOISY/AIMNV011-N30.wav,input/CLEAN/AIMNV011-N30.wav
input/NOISY/AIMNV011-N31.wav,input/CLEAN/AIMNV011-N31.wav
input/NOISY/AIMNV011-N32.wav,input/CLEAN/AIMNV011-N32.wav
input/NOISY/AIMNV011-N33.wav,input/CLEAN/AIMNV011-N33.wav
input/NOISY/AIMNV011-N34.wav,input/CLEAN/AIMNV011-N34.wav
input/NOISY/AIMNV011-N35.wav,input/CLEAN/AIMNV011-N35.wav
input/NOISY/AIMNV011-N36.wav,input/CLEAN/AIMNV011-N36.wav
input/NOISY/AIMNV011-N37.wav,input/CLEAN/AIMNV011-N37.wav
input/NOISY/AIMNV011-N38.wav,input/CLEAN/AIMNV011-N38.wav
input/NOISY/AIMNV011-N39.wav,input/CLEAN/AIMNV011-N39.wav
input/NOISY/AIMNV011-N40.wav,input/CLEAN/AIMNV011-N40.wav
input/NOISY/AIMNV011-N41.wav,input/CLEAN/AIMNV011-N41.wav
input/NOISY/AIMNV011-N42.wav,input/CLEAN/AIMNV011-N42.wav
input/NOISY/AIMNV011-N43.wav,input/CLEAN/AIMNV011-N43.wav
input/NOISY/AIMNV011-N44.wav,input/CLEAN/AIMNV011-N44.wav
input/NOISY/AIMNV011-N45.wav,input/CLEAN/AIMNV011-N45.wav
input/NOISY/AIMNV011-N46.wav,input/CLEAN/AIMNV011-N46.wav
input/NOISY/AIMNV011-N47.wav,input/CLEAN/AIMNV011-N47.wav
input/NOISY/AIMNV012-N01.wav,input/CLEAN/AIMNV012-N01.wav
input/NOISY/AIMNV012-N02.wav,input/CLEAN/AIMNV012-N02.wav
input/NOISY/AIMNV012-N03.wav,input/CLEAN/AIMNV012-N03.wav
input/NOISY/AIMNV012-N04.wav,input/CLEAN/AIMNV012-N04.wav
input/NOISY/AIMNV012-N05.wav,input/CLEAN/AIMNV012-N05.wav
input/NOISY/AIMNV012-N06.wav,input/CLEAN/AIMNV012-N06.wav
input/NOISY/AIMNV012-N07.wav,input/CLEAN/AIMNV012-N07.wav
input/NOISY/AIMNV012-N08.wav,input/CLEAN/AIMNV012-N08.wav
input/NOISY/AIMNV012-N09.wav,input/CLEAN/AIMNV012-N09.wav
input/NOISY/AIMNV012-N10.wav,input/CLEAN/AIMNV012-N10.wav
input/NOISY/AIMNV012-N11.wav,input/CLEAN/AIMNV012-N11.wav
input/NOISY/AIMNV012-N12.wav,input/CLEAN/AIMNV012-N12.wav
input/NOISY/AIMNV012-N13.wav,input/CLEAN/AIMNV012-N13.wav
input/NOISY/AIMNV012-N14.wav,input/CLEAN/AIMNV012-N14.wav
input/NOISY/AIMNV012-N15.wav,input/CLEAN/AIMNV012-N15.wav
input/NOISY/AIMNV012-N16.wav,input/CLEAN/AIMNV012-N16.wav
input/NOISY/AIMNV012-N17.wav,input/CLEAN/AIMNV012-N17.wav
input/NOISY/AIMNV012-N18.wav,input/CLEAN/AIMNV012-N18.wav
input/NOISY/AIMNV012-N19.wav,input/CLEAN/AIMNV012-N19.wav
input/NOISY/AIMNV012-N20.wav,input/CLEAN/AIMNV012-N20.wav
input/NOISY/AIMNV012-N21.wav,input/CLEAN/AIMNV012-N21.wav
input/NOISY/AIMNV012-N22.wav,input/CLEAN/AIMNV012-N22.wav
input/NOISY/AIMNV012-N23.wav,input/CLEAN/AIMNV012-N23.wav
input/NOISY/AIMNV012-N24.wav,input/CLEAN/AIMNV012-N24.wav
input/NOISY/AIMNV012-N25.wav,input/CLEAN/AIMNV012-N25.wav
input/NOISY/AIMNV012-N26.wav,input/CLEAN/AIMNV012-N26.wav
input/NOISY/AIMNV012-N27.wav,input/CLEAN/AIMNV012-N27.wav
input/NOISY/AIMNV012-N28.wav,input/CLEAN/AIMNV012-N28.wav
input/NOISY/AIMNV012-N29.wav,input/CLEAN/AIMNV012-N29.wav
input/NOISY/AIMNV012-N30.wav,input/CLEAN/AIMNV012-N30.wav
input/NOISY/AIMNV012-N31.wav,input/CLEAN/AIMNV012-N31.wav
input/NOISY/AIMNV012-N32.wav,input/CLEAN/AIMNV012-N32.wav
input/NOISY/AIMNV012-N33.wav,input/CLEAN/AIMNV012-N33.wav
input/NOISY/AIMNV012-N34.wav,input/CLEAN/AIMNV012-N34.wav
input/NOISY/AIMNV012-N35.wav,input/CLEAN/AIMNV012-N35.wav
input/NOISY/AIMNV012-N36.wav,input/CLEAN/AIMNV012-N36.wav
input/NOISY/AIMNV012-N37.wav,input/CLEAN/AIMNV012-N37.wav
input/NOISY/AIMNV012-N38.wav,input/CLEAN/AIMNV012-N38.wav
input/NOISY/AIMNV012-N39.wav,input/CLEAN/AIMNV012-N39.wav
input/NOISY/AIMNV012-N40.wav,input/CLEAN/AIMNV012-N40.wav
input/NOISY/AIMNV012-N41.wav,input/CLEAN/AIMNV012-N41.wav
input/NOISY/AIMNV012-N42.wav,input/CLEAN/AIMNV012-N42.wav
input/NOISY/AIMNV012-N43.wav,input/CLEAN/AIMNV012-N43.wav
input/NOISY/AIMNV012-N44.wav,input/CLEAN/AIMNV012-N44.wav
input/NOISY/AIMNV012-N45.wav,input/CLEAN/AIMNV012-N45.wav
input/NOISY/AIMNV012-N46.wav,input/CLEAN/AIMNV012-N46.wav
input/NOISY/AIMNV012-N47.wav,input/CLEAN/AIMNV012-N47.wav
input/NOISY/AIMNV013-N01.wav,input/CLEAN/AIMNV013-N01.wav
input/NOISY/AIMNV013-N02.wav,input/CLEAN/AIMNV013-N02.wav
input/NOISY/AIMNV013-N03.wav,input/CLEAN/AIMNV013-N03.wav
input/NOISY/AIMNV013-N04.wav,input/CLEAN/AIMNV013-N04.wav
input/NOISY/AIMNV013-N05.wav,input/CLEAN/AIMNV013-N05.wav
input/NOISY/AIMNV013-N06.wav,input/CLEAN/AIMNV013-N06.wav
input/NOISY/AIMNV013-N07.wav,input/CLEAN/AIMNV013-N07.wav
input/NOISY/AIMNV013-N08.wav,input/CLEAN/AIMNV013-N08.wav
input/NOISY/AIMNV013-N09.wav,input/CLEAN/AIMNV013-N09.wav
input/NOISY/AIMNV013-N10.wav,input/CLEAN/AIMNV013-N10.wav
input/NOISY/AIMNV013-N11.wav,input/CLEAN/AIMNV013-N11.wav
input/NOISY/AIMNV013-N12.wav,input/CLEAN/AIMNV013-N12.wav
input/NOISY/AIMNV013-N13.wav,input/CLEAN/AIMNV013-N13.wav
input/NOISY/AIMNV013-N14.wav,input/CLEAN/AIMNV013-N14.wav
input/NOISY/AIMNV013-N15.wav,input/CLEAN/AIMNV013-N15.wav
input/NOISY/AIMNV013-N16.wav,input/CLEAN/AIMNV013-N16.wav
input/NOISY/AIMNV013-N17.wav,input/CLEAN/AIMNV013-N17.wav
input/NOISY/AIMNV013-N18.wav,input/CLEAN/AIMNV013-N18.wav
input/NOISY/AIMNV013-N19.wav,input/CLEAN/AIMNV013-N19.wav
input/NOISY/AIMNV013-N20.wav,input/CLEAN/AIMNV013-N20.wav
input/NOISY/AIMNV013-N21.wav,input/CLEAN/AIMNV013-N21.wav
input/NOISY/AIMNV013-N22.wav,input/CLEAN/AIMNV013-N22.wav
input/NOISY/AIMNV013-N23.wav,input/CLEAN/AIMNV013-N23.wav
input/NOISY/AIMNV013-N24.wav,input/CLEAN/AIMNV013-N24.wav
input/NOISY/AIMNV013-N25.wav,input/CLEAN/AIMNV013-N25.wav
input/NOISY/AIMNV013-N26.wav,input/CLEAN/AIMNV013-N26.wav
input/NOISY/AIMNV013-N27.wav,input/CLEAN/AIMNV013-N27.wav
input/NOISY/AIMNV013-N28.wav,input/CLEAN/AIMNV013-N28.wav
input/NOISY/AIMNV013-N29.wav,input/CLEAN/AIMNV013-N29.wav
input/NOISY/AIMNV013-N30.wav,input/CLEAN/AIMNV013-N30.wav
input/NOISY/AIMNV013-N31.wav,input/CLEAN/AIMNV013-N31.wav
input/NOISY/AIMNV013-N32.wav,input/CLEAN/AIMNV013-N32.wav
input/NOISY/AIMNV013-N33.wav,input/CLEAN/AIMNV013-N33.wav
input/NOISY/AIMNV013-N34.wav,input/CLEAN/AIMNV013-N34.wav
input/NOISY/AIMNV013-N35.wav,input/CLEAN/AIMNV013-N35.wav
input/NOISY/AIMNV013-N36.wav,input/CLEAN/AIMNV013-N36.wav
input/NOISY/AIMNV013-N37.wav,input/CLEAN/AIMNV013-N37.wav
input/NOISY/AIMNV013-N38.wav,input/CLEAN/AIMNV013-N38.wav
input/NOISY/AIMNV013-N39.wav,input/CLEAN/AIMNV013-N39.wav
input/NOISY/AIMNV013-N40.wav,input/CLEAN/AIMNV013-N40.wav
input/NOISY/AIMNV013-N41.wav,input/CLEAN/AIMNV013-N41.wav
input/NOISY/AIMNV013-N42.wav,input/CLEAN/AIMNV013-N42.wav
input/NOISY/AIMNV013-N43.wav,input/CLEAN/AIMNV013-N43.wav
input/NOISY/AIMNV013-N44.wav,input/CLEAN/AIMNV013-N44.wav
input/NOISY/AIMNV013-N45.wav,input/CLEAN/AIMNV013-N45.wav
input/NOISY/AIMNV013-N46.wav,input/CLEAN/AIMNV013-N46.wav
input/NOISY/AIMNV013-N47.wav,input/CLEAN/AIMNV013-N47.wav
input/NOISY/AIMNV014-N01.wav,input/CLEAN/AIMNV014-N01.wav
input/NOISY/AIMNV014-N02.wav,input/CLEAN/AIMNV014-N02.wav
input/NOISY/AIMNV014-N03.wav,input/CLEAN/AIMNV014-N03.wav
input/NOISY/AIMNV014-N04.wav,input/CLEAN/AIMNV014-N04.wav
input/NOISY/AIMNV014-N05.wav,input/CLEAN/AIMNV014-N05.wav
input/NOISY/AIMNV014-N06.wav,input/CLEAN/AIMNV014-N06.wav
input/NOISY/AIMNV014-N07.wav,input/CLEAN/AIMNV014-N07.wav
input/NOISY/AIMNV014-N08.wav,input/CLEAN/AIMNV014-N08.wav
input/NOISY/AIMNV014-N09.wav,input/CLEAN/AIMNV014-N09.wav
input/NOISY/AIMNV014-N10.wav,input/CLEAN/AIMNV014-N10.wav
input/NOISY/AIMNV014-N11.wav,input/CLEAN/AIMNV014-N11.wav
input/NOISY/AIMNV014-N12.wav,input/CLEAN/AIMNV014-N12.wav
input/NOISY/AIMNV014-N13.wav,input/CLEAN/AIMNV014-N13.wav
input/NOISY/AIMNV014-N14.wav,input/CLEAN/AIMNV014-N14.wav
input/NOISY/AIMNV014-N15.wav,input/CLEAN/AIMNV014-N15.wav
input/NOISY/AIMNV014-N16.wav,input/CLEAN/AIMNV014-N16.wav
input/NOISY/AIMNV014-N17.wav,input/CLEAN/AIMNV014-N17.wav
input/NOISY/AIMNV014-N18.wav,input/CLEAN/AIMNV014-N18.wav
input/NOISY/AIMNV014-N19.wav,input/CLEAN/AIMNV014-N19.wav
input/NOISY/AIMNV014-N20.wav,input/CLEAN/AIMNV014-N20.wav
input/NOISY/AIMNV014-N21.wav,input/CLEAN/AIMNV014-N21.wav
input/NOISY/AIMNV014-N22.wav,input/CLEAN/AIMNV014-N22.wav
input/NOISY/AIMNV014-N23.wav,input/CLEAN/AIMNV014-N23.wav
input/NOISY/AIMNV014-N24.wav,input/CLEAN/AIMNV014-N24.wav
input/NOISY/AIMNV014-N25.wav,input/CLEAN/AIMNV014-N25.wav
input/NOISY/AIMNV014-N26.wav,input/CLEAN/AIMNV014-N26.wav
input/NOISY/AIMNV014-N27.wav,input/CLEAN/AIMNV014-N27.wav
input/NOISY/AIMNV014-N28.wav,input/CLEAN/AIMNV014-N28.wav
input/NOISY/AIMNV014-N29.wav,input/CLEAN/AIMNV014-N29.wav
input/NOISY/AIMNV014-N30.wav,input/CLEAN/AIMNV014-N30.wav
input/NOISY/AIMNV014-N31.wav,input/CLEAN/AIMNV014-N31.wav
input/NOISY/AIMNV014-N32.wav,input/CLEAN/AIMNV014-N32.wav
input/NOISY/AIMNV014-N33.wav,input/CLEAN/AIMNV014-N33.wav
input/NOISY/AIMNV014-N34.wav,input/CLEAN/AIMNV014-N34.wav
input/NOISY/AIMNV014-N35.wav,input/CLEAN/AIMNV014-N35.wav
input/NOISY/AIMNV014-N36.wav,input/CLEAN/AIMNV014-N36.wav
input/NOISY/AIMNV014-N37.wav,input/CLEAN/AIMNV014-N37.wav
input/NOISY/AIMNV014-N38.wav,input/CLEAN/AIMNV014-N38.wav
input/NOISY/AIMNV014-N39.wav,input/CLEAN/AIMNV014-N39.wav
input/NOISY/AIMNV014-N40.wav,input/CLEAN/AIMNV014-N40.wav
input/NOISY/AIMNV014-N41.wav,input/CLEAN/AIMNV014-N41.wav
input/NOISY/AIMNV014-N42.wav,input/CLEAN/AIMNV014-N42.wav
input/NOISY/AIMNV014-N43.wav,input/CLEAN/AIMNV014-N43.wav
input/NOISY/AIMNV014-N44.wav,input/CLEAN/AIMNV014-N44.wav
input/NOISY/AIMNV014-N45.wav,input/CLEAN/AIMNV014-N45.wav
input/NOISY/AIMNV014-N46.wav,input/CLEAN/AIMNV014-N46.wav
input/NOISY/AIMNV014-N47.wav,input/CLEAN/AIMNV014-N47.wav
input/NOISY/AIMNV015-N01.wav,input/CLEAN/AIMNV015-N01.wav
input/NOISY/AIMNV015-N02.wav,input/CLEAN/AIMNV015-N02.wav
input/NOISY/AIMNV015-N03.wav,input/CLEAN/AIMNV015-N03.wav
input/NOISY/AIMNV015-N04.wav,input/CLEAN/AIMNV015-N04.wav
input/NOISY/AIMNV015-N05.wav,input/CLEAN/AIMNV015-N05.wav
input/NOISY/AIMNV015-N06.wav,input/CLEAN/AIMNV015-N06.wav
input/NOISY/AIMNV015-N07.wav,input/CLEAN/AIMNV015-N07.wav
input/NOISY/AIMNV015-N08.wav,input/CLEAN/AIMNV015-N08.wav
input/NOISY/AIMNV015-N09.wav,input/CLEAN/AIMNV015-N09.wav
input/NOISY/AIMNV015-N10.wav,input/CLEAN/AIMNV015-N10.wav
input/NOISY/AIMNV015-N11.wav,input/CLEAN/AIMNV015-N11.wav
input/NOISY/AIMNV015-N12.wav,input/CLEAN/AIMNV015-N12.wav
input/NOISY/AIMNV015-N13.wav,input/CLEAN/AIMNV015-N13.wav
input/NOISY/AIMNV015-N14.wav,input/CLEAN/AIMNV015-N14.wav
input/NOISY/AIMNV015-N15.wav,input/CLEAN/AIMNV015-N15.wav
input/NOISY/AIMNV015-N16.wav,input/CLEAN/AIMNV015-N16.wav
input/NOISY/AIMNV015-N17.wav,input/CLEAN/AIMNV015-N17.wav
input/NOISY/AIMNV015-N18.wav,input/CLEAN/AIMNV015-N18.wav
input/NOISY/AIMNV015-N19.wav,input/CLEAN/AIMNV015-N19.wav
input/NOISY/AIMNV015-N20.wav,input/CLEAN/AIMNV015-N20.wav
input/NOISY/AIMNV015-N21.wav,input/CLEAN/AIMNV015-N21.wav
input/NOISY/AIMNV015-N22.wav,input/CLEAN/AIMNV015-N22.wav
input/NOISY/AIMNV015-N23.wav,input/CLEAN/AIMNV015-N23.wav
input/NOISY/AIMNV015-N24.wav,input/CLEAN/AIMNV015-N24.wav
input/NOISY/AIMNV015-N25.wav,input/CLEAN/AIMNV015-N25.wav
input/NOISY/AIMNV015-N26.wav,input/CLEAN/AIMNV015-N26.wav
input/NOISY/AIMNV015-N27.wav,input/CLEAN/AIMNV015-N27.wav
input/NOISY/AIMNV015-N28.wav,input/CLEAN/AIMNV015-N28.wav
input/NOISY/AIMNV015-N29.wav,input/CLEAN/AIMNV015-N29.wav
input/NOISY/AIMNV015-N30.wav,input/CLEAN/AIMNV015-N30.wav
input/NOISY/AIMNV015-N31.wav,input/CLEAN/AIMNV015-N31.wav
input/NOISY/AIMNV015-N32.wav,input/CLEAN/AIMNV015-N32.wav
input/NOISY/AIMNV015-N33.wav,input/CLEAN/AIMNV015-N33.wav
input/NOISY/AIMNV015-N34.wav,input/CLEAN/AIMNV015-N34.wav
input/NOISY/AIMNV015-N35.wav,input/CLEAN/AIMNV015-N35.wav
input/NOISY/AIMNV015-N36.wav,input/CLEAN/AIMNV015-N36.wav
input/NOISY/AIMNV015-N37.wav,input/CLEAN/AIMNV015-N37.wav
input/NOISY/AIMNV015-N38.wav,input/CLEAN/AIMNV015-N38.wav
input/NOISY/AIMNV015-N39.wav,input/CLEAN/AIMNV015-N39.wav
input/NOISY/AIMNV015-N40.wav,input/CLEAN/AIMNV015-N40.wav
input/NOISY/AIMNV015-N41.wav,input/CLEAN/AIMNV015-N41.wav
input/NOISY/AIMNV015-N42.wav,input/CLEAN/AIMNV015-N42.wav
input/NOISY/AIMNV015-N43.wav,input/CLEAN/AIMNV015-N43.wav
input/NOISY/AIMNV015-N44.wav,input/CLEAN/AIMNV015-N44.wav
input/NOISY/AIMNV015-N45.wav,input/CLEAN/AIMNV015-N45.wav
input/NOISY/AIMNV015-N46.wav,input/CLEAN/AIMNV015-N46.wav
input/NOISY/AIMNV015-N47.wav,input/CLEAN/AIMNV015-N47.wav
input/NOISY/AIMNV016-N01.wav,input/CLEAN/AIMNV016-N01.wav
input/NOISY/AIMNV016-N02.wav,input/CLEAN/AIMNV016-N02.wav
input/NOISY/AIMNV016-N03.wav,input/CLEAN/AIMNV016-N03.wav
input/NOISY/AIMNV016-N04.wav,input/CLEAN/AIMNV016-N04.wav
input/NOISY/AIMNV016-N05.wav,input/CLEAN/AIMNV016-N05.wav
input/NOISY/AIMNV016-N06.wav,input/CLEAN/AIMNV016-N06.wav
input/NOISY/AIMNV016-N07.wav,input/CLEAN/AIMNV016-N07.wav
input/NOISY/AIMNV016-N08.wav,input/CLEAN/AIMNV016-N08.wav
input/NOISY/AIMNV016-N09.wav,input/CLEAN/AIMNV016-N09.wav
input/NOISY/AIMNV016-N10.wav,input/CLEAN/AIMNV016-N10.wav
input/NOISY/AIMNV016-N11.wav,input/CLEAN/AIMNV016-N11.wav
input/NOISY/AIMNV016-N12.wav,input/CLEAN/AIMNV016-N12.wav
input/NOISY/AIMNV016-N13.wav,input/CLEAN/AIMNV016-N13.wav
input/NOISY/AIMNV016-N14.wav,input/CLEAN/AIMNV016-N14.wav
input/NOISY/AIMNV016-N15.wav,input/CLEAN/AIMNV016-N15.wav
input/NOISY/AIMNV016-N16.wav,input/CLEAN/AIMNV016-N16.wav
input/NOISY/AIMNV016-N17.wav,input/CLEAN/AIMNV016-N17.wav
input/NOISY/AIMNV016-N18.wav,input/CLEAN/AIMNV016-N18.wav
input/NOISY/AIMNV016-N19.wav,input/CLEAN/AIMNV016-N19.wav
input/NOISY/AIMNV016-N20.wav,input/CLEAN/AIMNV016-N20.wav
input/NOISY/AIMNV016-N21.wav,input/CLEAN/AIMNV016-N21.wav
input/NOISY/AIMNV016-N22.wav,input/CLEAN/AIMNV016-N22.wav
input/NOISY/AIMNV016-N23.wav,input/CLEAN/AIMNV016-N23.wav
input/NOISY/AIMNV016-N24.wav,input/CLEAN/AIMNV016-N24.wav
input/NOISY/AIMNV016-N25.wav,input/CLEAN/AIMNV016-N25.wav
input/NOISY/AIMNV016-N26.wav,input/CLEAN/AIMNV016-N26.wav
input/NOISY/AIMNV016-N27.wav,input/CLEAN/AIMNV016-N27.wav
input/NOISY/AIMNV016-N28.wav,input/CLEAN/AIMNV016-N28.wav
input/NOISY/AIMNV016-N29.wav,input/CLEAN/AIMNV016-N29.wav
input/NOISY/AIMNV016-N30.wav,input/CLEAN/AIMNV016-N30.wav
input/NOISY/AIMNV016-N31.wav,input/CLEAN/AIMNV016-N31.wav
input/NOISY/AIMNV016-N32.wav,input/CLEAN/AIMNV016-N32.wav
input/NOISY/AIMNV016-N33.wav,input/CLEAN/AIMNV016-N33.wav
input/NOISY/AIMNV016-N34.wav,input/CLEAN/AIMNV016-N34.wav
input/NOISY/AIMNV016-N35.wav,input/CLEAN/AIMNV016-N35.wav
input/NOISY/AIMNV016-N36.wav,input/CLEAN/AIMNV016-N36.wav
input/NOISY/AIMNV016-N37.wav,input/CLEAN/AIMNV016-N37.wav
input/NOISY/AIMNV016-N38.wav,input/CLEAN/AIMNV016-N38.wav
input/NOISY/AIMNV016-N39.wav,input/CLEAN/AIMNV016-N39.wav
input/NOISY/AIMNV016-N40.wav,input/CLEAN/AIMNV016-N40.wav
input/NOISY/AIMNV016-N41.wav,input/CLEAN/AIMNV016-N41.wav
input/NOISY/AIMNV016-N42.wav,input/CLEAN/AIMNV016-N42.wav
input/NOISY/AIMNV016-N43.wav,input/CLEAN/AIMNV016-N43.wav
input/NOISY/AIMNV016-N44.wav,input/CLEAN/AIMNV016-N44.wav
input/NOISY/AIMNV016-N45.wav,input/CLEAN/AIMNV016-N45.wav
input/NOISY/AIMNV016-N46.wav,input/CLEAN/AIMNV016-N46.wav
input/NOISY/AIMNV016-N47.wav,input/CLEAN/AIMNV016-N47.wav
input/NOISY/AIMNV017-N01.wav,input/CLEAN/AIMNV017-N01.wav
input/NOISY/AIMNV017-N02.wav,input/CLEAN/AIMNV017-N02.wav
input/NOISY/AIMNV017-N03.wav,input/CLEAN/AIMNV017-N03.wav
input/NOISY/AIMNV017-N04.wav,input/CLEAN/AIMNV017-N04.wav
input/NOISY/AIMNV017-N05.wav,input/CLEAN/AIMNV017-N05.wav
input/NOISY/AIMNV017-N06.wav,input/CLEAN/AIMNV017-N06.wav
input/NOISY/AIMNV017-N07.wav,input/CLEAN/AIMNV017-N07.wav
input/NOISY/AIMNV017-N08.wav,input/CLEAN/AIMNV017-N08.wav
input/NOISY/AIMNV017-N09.wav,input/CLEAN/AIMNV017-N09.wav
input/NOISY/AIMNV017-N10.wav,input/CLEAN/AIMNV017-N10.wav
input/NOISY/AIMNV017-N11.wav,input/CLEAN/AIMNV017-N11.wav
input/NOISY/AIMNV017-N12.wav,input/CLEAN/AIMNV017-N12.wav
input/NOISY/AIMNV017-N13.wav,input/CLEAN/AIMNV017-N13.wav
input/NOISY/AIMNV017-N14.wav,input/CLEAN/AIMNV017-N14.wav
input/NOISY/AIMNV017-N15.wav,input/CLEAN/AIMNV017-N15.wav
input/NOISY/AIMNV017-N16.wav,input/CLEAN/AIMNV017-N16.wav
input/NOISY/AIMNV017-N17.wav,input/CLEAN/AIMNV017-N17.wav
input/NOISY/AIMNV017-N18.wav,input/CLEAN/AIMNV017-N18.wav
input/NOISY/AIMNV017-N19.wav,input/CLEAN/AIMNV017-N19.wav
input/NOISY/AIMNV017-N20.wav,input/CLEAN/AIMNV017-N20.wav
input/NOISY/AIMNV017-N21.wav,input/CLEAN/AIMNV017-N21.wav
input/NOISY/AIMNV017-N22.wav,input/CLEAN/AIMNV017-N22.wav
input/NOISY/AIMNV017-N23.wav,input/CLEAN/AIMNV017-N23.wav
input/NOISY/AIMNV017-N24.wav,input/CLEAN/AIMNV017-N24.wav
input/NOISY/AIMNV017-N25.wav,input/CLEAN/AIMNV017-N25.wav
input/NOISY/AIMNV017-N26.wav,input/CLEAN/AIMNV017-N26.wav
input/NOISY/AIMNV017-N27.wav,input/CLEAN/AIMNV017-N27.wav
input/NOISY/AIMNV017-N28.wav,input/CLEAN/AIMNV017-N28.wav
input/NOISY/AIMNV017-N29.wav,input/CLEAN/AIMNV017-N29.wav
input/NOISY/AIMNV017-N30.wav,input/CLEAN/AIMNV017-N30.wav
input/NOISY/AIMNV017-N31.wav,input/CLEAN/AIMNV017-N31.wav
input/NOISY/AIMNV017-N32.wav,input/CLEAN/AIMNV017-N32.wav
input/NOISY/AIMNV017-N33.wav,input/CLEAN/AIMNV017-N33.wav
input/NOISY/AIMNV017-N34.wav,input/CLEAN/AIMNV017-N34.wav
input/NOISY/AIMNV017-N35.wav,input/CLEAN/AIMNV017-N35.wav
input/NOISY/AIMNV017-N36.wav,input/CLEAN/AIMNV017-N36.wav
input/NOISY/AIMNV017-N37.wav,input/CLEAN/AIMNV017-N37.wav
input/NOISY/AIMNV017-N38.wav,input/CLEAN/AIMNV017-N38.wav
input/NOISY/AIMNV017-N39.wav,input/CLEAN/AIMNV017-N39.wav
input/NOISY/AIMNV017-N40.wav,input/CLEAN/AIMNV017-N40.wav
input/NOISY/AIMNV017-N41.wav,input/CLEAN/AIMNV017-N41.wav
input/NOISY/AIMNV017-N42.wav,input/CLEAN/AIMNV017-N42.wav
input/NOISY/AIMNV017-N43.wav,input/CLEAN/AIMNV017-N43.wav
input/NOISY/AIMNV017-N44.wav,input/CLEAN/AIMNV017-N44.wav
input/NOISY/AIMNV017-N45.wav,input/CLEAN/AIMNV017-N45.wav
input/NOISY/AIMNV017-N46.wav,input/CLEAN/AIMNV017-N46.wav
input/NOISY/AIMNV017-N47.wav,input/CLEAN/AIMNV017-N47.wav
input/NOISY/AIMNV018-N01.wav,input/CLEAN/AIMNV018-N01.wav
input/NOISY/AIMNV018-N02.wav,input/CLEAN/AIMNV018-N02.wav
input/NOISY/AIMNV018-N03.wav,input/CLEAN/AIMNV018-N03.wav
input/NOISY/AIMNV018-N04.wav,input/CLEAN/AIMNV018-N04.wav
input/NOISY/AIMNV018-N05.wav,input/CLEAN/AIMNV018-N05.wav
input/NOISY/AIMNV018-N06.wav,input/CLEAN/AIMNV018-N06.wav
input/NOISY/AIMNV018-N07.wav,input/CLEAN/AIMNV018-N07.wav
input/NOISY/AIMNV018-N08.wav,input/CLEAN/AIMNV018-N08.wav
input/NOISY/AIMNV018-N09.wav,input/CLEAN/AIMNV018-N09.wav
input/NOISY/AIMNV018-N10.wav,input/CLEAN/AIMNV018-N10.wav
input/NOISY/AIMNV018-N11.wav,input/CLEAN/AIMNV018-N11.wav
input/NOISY/AIMNV018-N12.wav,input/CLEAN/AIMNV018-N12.wav
input/NOISY/AIMNV018-N13.wav,input/CLEAN/AIMNV018-N13.wav
input/NOISY/AIMNV018-N14.wav,input/CLEAN/AIMNV018-N14.wav
input/NOISY/AIMNV018-N15.wav,input/CLEAN/AIMNV018-N15.wav
input/NOISY/AIMNV018-N16.wav,input/CLEAN/AIMNV018-N16.wav
input/NOISY/AIMNV018-N17.wav,input/CLEAN/AIMNV018-N17.wav
input/NOISY/AIMNV018-N18.wav,input/CLEAN/AIMNV018-N18.wav
input/NOISY/AIMNV018-N19.wav,input/CLEAN/AIMNV018-N19.wav
input/NOISY/AIMNV018-N20.wav,input/CLEAN/AIMNV018-N20.wav
input/NOISY/AIMNV018-N21.wav,input/CLEAN/AIMNV018-N21.wav
input/NOISY/AIMNV018-N22.wav,input/CLEAN/AIMNV018-N22.wav
input/NOISY/AIMNV018-N23.wav,input/CLEAN/AIMNV018-N23.wav
input/NOISY/AIMNV018-N24.wav,input/CLEAN/AIMNV018-N24.wav
input/NOISY/AIMNV018-N25.wav,input/CLEAN/AIMNV018-N25.wav
input/NOISY/AIMNV018-N26.wav,input/CLEAN/AIMNV018-N26.wav
input/NOISY/AIMNV018-N27.wav,input/CLEAN/AIMNV018-N27.wav
input/NOISY/AIMNV018-N28.wav,input/CLEAN/AIMNV018-N28.wav
input/NOISY/AIMNV018-N29.wav,input/CLEAN/AIMNV018-N29.wav
input/NOISY/AIMNV018-N30.wav,input/CLEAN/AIMNV018-N30.wav
input/NOISY/AIMNV018-N31.wav,input/CLEAN/AIMNV018-N31.wav
input/NOISY/AIMNV018-N32.wav,input/CLEAN/AIMNV018-N32.wav
input/NOISY/AIMNV018-N33.wav,input/CLEAN/AIMNV018-N33.wav
input/NOISY/AIMNV018-N34.wav,input/CLEAN/AIMNV018-N34.wav
input/NOISY/AIMNV018-N35.wav,input/CLEAN/AIMNV018-N35.wav
input/NOISY/AIMNV018-N36.wav,input/CLEAN/AIMNV018-N36.wav
input/NOISY/AIMNV018-N37.wav,input/CLEAN/AIMNV018-N37.wav
input/NOISY/AIMNV018-N38.wav,input/CLEAN/AIMNV018-N38.wav
input/NOISY/AIMNV018-N39.wav,input/CLEAN/AIMNV018-N39.wav
input/NOISY/AIMNV018-N40.wav,input/CLEAN/AIMNV018-N40.wav
input/NOISY/AIMNV018-N41.wav,input/CLEAN/AIMNV018-N41.wav
input/NOISY/AIMNV018-N42.wav,input/CLEAN/AIMNV018-N42.wav
input/NOISY/AIMNV018-N43.wav,input/CLEAN/AIMNV018-N43.wav
input/NOISY/AIMNV018-N44.wav,input/CLEAN/AIMNV018-N44.wav
input/NOISY/AIMNV018-N45.wav,input/CLEAN/AIMNV018-N45.wav
input/NOISY/AIMNV018-N46.wav,input/CLEAN/AIMNV018-N46.wav
input/NOISY/AIMNV018-N47.wav,input/CLEAN/AIMNV018-N47.wav
input/NOISY/AIMNV019-N01.wav,input/CLEAN/AIMNV019-N01.wav
input/NOISY/AIMNV019-N02.wav,input/CLEAN/AIMNV019-N02.wav
input/NOISY/AIMNV019-N03.wav,input/CLEAN/AIMNV019-N03.wav
input/NOISY/AIMNV019-N04.wav,input/CLEAN/AIMNV019-N04.wav
input/NOISY/AIMNV019-N05.wav,input/CLEAN/AIMNV019-N05.wav
input/NOISY/AIMNV019-N06.wav,input/CLEAN/AIMNV019-N06.wav
input/NOISY/AIMNV019-N07.wav,input/CLEAN/AIMNV019-N07.wav
input/NOISY/AIMNV019-N08.wav,input/CLEAN/AIMNV019-N08.wav
input/NOISY/AIMNV019-N09.wav,input/CLEAN/AIMNV019-N09.wav
input/NOISY/AIMNV019-N10.wav,input/CLEAN/AIMNV019-N10.wav
input/NOISY/AIMNV019-N11.wav,input/CLEAN/AIMNV019-N11.wav
input/NOISY/AIMNV019-N12.wav,input/CLEAN/AIMNV019-N12.wav
input/NOISY/AIMNV019-N13.wav,input/CLEAN/AIMNV019-N13.wav
input/NOISY/AIMNV019-N14.wav,input/CLEAN/AIMNV019-N14.wav
input/NOISY/AIMNV019-N15.wav,input/CLEAN/AIMNV019-N15.wav
input/NOISY/AIMNV019-N16.wav,input/CLEAN/AIMNV019-N16.wav
input/NOISY/AIMNV019-N17.wav,input/CLEAN/AIMNV019-N17.wav
input/NOISY/AIMNV019-N18.wav,input/CLEAN/AIMNV019-N18.wav
input/NOISY/AIMNV019-N19.wav,input/CLEAN/AIMNV019-N19.wav
input/NOISY/AIMNV019-N20.wav,input/CLEAN/AIMNV019-N20.wav
input/NOISY/AIMNV019-N21.wav,input/CLEAN/AIMNV019-N21.wav
input/NOISY/AIMNV019-N22.wav,input/CLEAN/AIMNV019-N22.wav
input/NOISY/AIMNV019-N23.wav,input/CLEAN/AIMNV019-N23.wav
input/NOISY/AIMNV019-N24.wav,input/CLEAN/AIMNV019-N24.wav
input/NOISY/AIMNV019-N25.wav,input/CLEAN/AIMNV019-N25.wav
input/NOISY/AIMNV019-N26.wav,input/CLEAN/AIMNV019-N26.wav
input/NOISY/AIMNV019-N27.wav,input/CLEAN/AIMNV019-N27.wav
input/NOISY/AIMNV019-N28.wav,input/CLEAN/AIMNV019-N28.wav
input/NOISY/AIMNV019-N29.wav,input/CLEAN/AIMNV019-N29.wav
input/NOISY/AIMNV019-N30.wav,input/CLEAN/AIMNV019-N30.wav
input/NOISY/AIMNV019-N31.wav,input/CLEAN/AIMNV019-N31.wav
input/NOISY/AIMNV019-N32.wav,input/CLEAN/AIMNV019-N32.wav
input/NOISY/AIMNV019-N33.wav,input/CLEAN/AIMNV019-N33.wav
input/NOISY/AIMNV019-N34.wav,input/CLEAN/AIMNV019-N34.wav
input/NOISY/AIMNV019-N35.wav,input/CLEAN/AIMNV019-N35.wav
input/NOISY/AIMNV019-N36.wav,input/CLEAN/AIMNV019-N36.wav
input/NOISY/AIMNV019-N37.wav,input/CLEAN/AIMNV019-N37.wav
input/NOISY/AIMNV019-N38.wav,input/CLEAN/AIMNV019-N38.wav
input/NOISY/AIMNV019-N39.wav,input/CLEAN/AIMNV019-N39.wav
input/NOISY/AIMNV019-N40.wav,input/CLEAN/AIMNV019-N40.wav
input/NOISY/AIMNV019-N41.wav,input/CLEAN/AIMNV019-N41.wav
input/NOISY/AIMNV019-N42.wav,input/CLEAN/AIMNV019-N42.wav
input/NOISY/AIMNV019-N43.wav,input/CLEAN/AIMNV019-N43.wav
input/NOISY/AIMNV019-N44.wav,input/CLEAN/AIMNV019-N44.wav
input/NOISY/AIMNV019-N45.wav,input/CLEAN/AIMNV019-N45.wav
input/NOISY/AIMNV019-N46.wav,input/CLEAN/AIMNV019-N46.wav
input/NOISY/AIMNV019-N47.wav,input/CLEAN/AIMNV019-N47.wav
input/NOISY/AIMNV020-N01.wav,input/CLEAN/AIMNV020-N01.wav
input/NOISY/AIMNV020-N02.wav,input/CLEAN/AIMNV020-N02.wav
input/NOISY/AIMNV020-N03.wav,input/CLEAN/AIMNV020-N03.wav
input/NOISY/AIMNV020-N04.wav,input/CLEAN/AIMNV020-N04.wav
input/NOISY/AIMNV020-N05.wav,input/CLEAN/AIMNV020-N05.wav
input/NOISY/AIMNV020-N06.wav,input/CLEAN/AIMNV020-N06.wav
input/NOISY/AIMNV020-N07.wav,input/CLEAN/AIMNV020-N07.wav
input/NOISY/AIMNV020-N08.wav,input/CLEAN/AIMNV020-N08.wav
input/NOISY/AIMNV020-N09.wav,input/CLEAN/AIMNV020-N09.wav
input/NOISY/AIMNV020-N10.wav,input/CLEAN/AIMNV020-N10.wav
input/NOISY/AIMNV020-N11.wav,input/CLEAN/AIMNV020-N11.wav
input/NOISY/AIMNV020-N12.wav,input/CLEAN/AIMNV020-N12.wav
input/NOISY/AIMNV020-N13.wav,input/CLEAN/AIMNV020-N13.wav
input/NOISY/AIMNV020-N14.wav,input/CLEAN/AIMNV020-N14.wav
input/NOISY/AIMNV020-N15.wav,input/CLEAN/AIMNV020-N15.wav
input/NOISY/AIMNV020-N16.wav,input/CLEAN/AIMNV020-N16.wav
input/NOISY/AIMNV020-N17.wav,input/CLEAN/AIMNV020-N17.wav
input/NOISY/AIMNV020-N18.wav,input/CLEAN/AIMNV020-N18.wav
input/NOISY/AIMNV020-N19.wav,input/CLEAN/AIMNV020-N19.wav
input/NOISY/AIMNV020-N20.wav,input/CLEAN/AIMNV020-N20.wav
input/NOISY/AIMNV020-N21.wav,input/CLEAN/AIMNV020-N21.wav
input/NOISY/AIMNV020-N22.wav,input/CLEAN/AIMNV020-N22.wav
input/NOISY/AIMNV020-N23.wav,input/CLEAN/AIMNV020-N23.wav
input/NOISY/AIMNV020-N24.wav,input/CLEAN/AIMNV020-N24.wav
input/NOISY/AIMNV020-N25.wav,input/CLEAN/AIMNV020-N25.wav
input/NOISY/AIMNV020-N26.wav,input/CLEAN/AIMNV020-N26.wav
input/NOISY/AIMNV020-N27.wav,input/CLEAN/AIMNV020-N27.wav
input/NOISY/AIMNV020-N28.wav,input/CLEAN/AIMNV020-N28.wav
input/NOISY/AIMNV020-N29.wav,input/CLEAN/AIMNV020-N29.wav
input/NOISY/AIMNV020-N30.wav,input/CLEAN/AIMNV020-N30.wav
input/NOISY/AIMNV020-N31.wav,input/CLEAN/AIMNV020-N31.wav
input/NOISY/AIMNV020-N32.wav,input/CLEAN/AIMNV020-N32.wav
input/NOISY/AIMNV020-N33.wav,input/CLEAN/AIMNV020-N33.wav
input/NOISY/AIMNV020-N34.wav,input/CLEAN/AIMNV020-N34.wav
input/NOISY/AIMNV020-N35.wav,input/CLEAN/AIMNV020-N35.wav
input/NOISY/AIMNV020-N36.wav,input/CLEAN/AIMNV020-N36.wav
input/NOISY/AIMNV020-N37.wav,input/CLEAN/AIMNV020-N37.wav
input/NOISY/AIMNV020-N38.wav,input/CLEAN/AIMNV020-N38.wav
input/NOISY/AIMNV020-N39.wav,input/CLEAN/AIMNV020-N39.wav
input/NOISY/AIMNV020-N40.wav,input/CLEAN/AIMNV020-N40.wav
input/NOISY/AIMNV020-N41.wav,input/CLEAN/AIMNV020-N41.wav
input/NOISY/AIMNV020-N42.wav,input/CLEAN/AIMNV020-N42.wav
input/NOISY/AIMNV020-N43.wav,input/CLEAN/AIMNV020-N43.wav
input/NOISY/AIMNV020-N44.wav,input/CLEAN/AIMNV020-N44.wav
input/NOISY/AIMNV020-N45.wav,input/CLEAN/AIMNV020-N45.wav
input/NOISY/AIMNV020-N46.wav,input/CLEAN/AIMNV020-N46.wav
input/NOISY/AIMNV020-N47.wav,input/CLEAN/AIMNV020-N47.wav
input/NOISY/AINAV003-N01.wav,input/CLEAN/AINAV003-N01.wav
input/NOISY/AINAV003-N02.wav,input/CLEAN/AINAV003-N02.wav
input/NOISY/AINAV003-N03.wav,input/CLEAN/AINAV003-N03.wav
input/NOISY/AINAV003-N04.wav,input/CLEAN/AINAV003-N04.wav
input/NOISY/AINAV003-N05.wav,input/CLEAN/AINAV003-N05.wav
input/NOISY/AINAV003-N06.wav,input/CLEAN/AINAV003-N06.wav
input/NOISY/AINAV003-N07.wav,input/CLEAN/AINAV003-N07.wav
input/NOISY/AINAV003-N08.wav,input/CLEAN/AINAV003-N08.wav
input/NOISY/AINAV003-N09.wav,input/CLEAN/AINAV003-N09.wav
input/NOISY/AINAV003-N10.wav,input/CLEAN/AINAV003-N10.wav
input/NOISY/AINAV003-N11.wav,input/CLEAN/AINAV003-N11.wav
input/NOISY/AINAV003-N12.wav,input/CLEAN/AINAV003-N12.wav
input/NOISY/AINAV003-N13.wav,input/CLEAN/AINAV003-N13.wav
input/NOISY/AINAV003-N14.wav,input/CLEAN/AINAV003-N14.wav
input/NOISY/AINAV003-N15.wav,input/CLEAN/AINAV003-N15.wav
input/NOISY/AINAV003-N16.wav,input/CLEAN/AINAV003-N16.wav
input/NOISY/AINAV003-N17.wav,input/CLEAN/AINAV003-N17.wav
input/NOISY/AINAV003-N18.wav,input/CLEAN/AINAV003-N18.wav
input/NOISY/AINAV003-N19.wav,input/CLEAN/AINAV003-N19.wav
input/NOISY/AINAV003-N20.wav,input/CLEAN/AINAV003-N20.wav
input/NOISY/AINAV003-N21.wav,input/CLEAN/AINAV003-N21.wav
input/NOISY/AINAV003-N22.wav,input/CLEAN/AINAV003-N22.wav
input/NOISY/AINAV003-N23.wav,input/CLEAN/AINAV003-N23.wav
input/NOISY/AINAV003-N24.wav,input/CLEAN/AINAV003-N24.wav
input/NOISY/AINAV003-N25.wav,input/CLEAN/AINAV003-N25.wav
input/NOISY/AINAV003-N26.wav,input/CLEAN/AINAV003-N26.wav
input/NOISY/AINAV003-N27.wav,input/CLEAN/AINAV003-N27.wav
input/NOISY/AINAV003-N28.wav,input/CLEAN/AINAV003-N28.wav
input/NOISY/AINAV003-N29.wav,input/CLEAN/AINAV003-N29.wav
input/NOISY/AINAV003-N30.wav,input/CLEAN/AINAV003-N30.wav
input/NOISY/AINAV003-N31.wav,input/CLEAN/AINAV003-N31.wav
input/NOISY/AINAV003-N32.wav,input/CLEAN/AINAV003-N32.wav
input/NOISY/AINAV003-N33.wav,input/CLEAN/AINAV003-N33.wav
input/NOISY/AINAV003-N34.wav,input/CLEAN/AINAV003-N34.wav
input/NOISY/AINAV003-N35.wav,input/CLEAN/AINAV003-N35.wav
input/NOISY/AINAV003-N36.wav,input/CLEAN/AINAV003-N36.wav
input/NOISY/AINAV003-N37.wav,input/CLEAN/AINAV003-N37.wav
input/NOISY/AINAV003-N38.wav,input/CLEAN/AINAV003-N38.wav
input/NOISY/AINAV003-N39.wav,input/CLEAN/AINAV003-N39.wav
input/NOISY/AINAV003-N40.wav,input/CLEAN/AINAV003-N40.wav
input/NOISY/AINAV003-N41.wav,input/CLEAN/AINAV003-N41.wav
input/NOISY/AINAV003-N42.wav,input/CLEAN/AINAV003-N42.wav
input/NOISY/AINAV003-N43.wav,input/CLEAN/AINAV003-N43.wav
input/NOISY/AINAV003-N44.wav,input/CLEAN/AINAV003-N44.wav
input/NOISY/AINAV003-N45.wav,input/CLEAN/AINAV003-N45.wav
input/NOISY/AINAV003-N46.wav,input/CLEAN/AINAV003-N46.wav
input/NOISY/AINAV003-N47.wav,input/CLEAN/AINAV003-N47.wav
input/NOISY/AINAV004-N01.wav,input/CLEAN/AINAV004-N01.wav
input/NOISY/AINAV004-N02.wav,input/CLEAN/AINAV004-N02.wav
input/NOISY/AINAV004-N03.wav,input/CLEAN/AINAV004-N03.wav
input/NOISY/AINAV004-N04.wav,input/CLEAN/AINAV004-N04.wav
input/NOISY/AINAV004-N05.wav,input/CLEAN/AINAV004-N05.wav
input/NOISY/AINAV004-N06.wav,input/CLEAN/AINAV004-N06.wav
input/NOISY/AINAV004-N07.wav,input/CLEAN/AINAV004-N07.wav
input/NOISY/AINAV004-N08.wav,input/CLEAN/AINAV004-N08.wav
input/NOISY/AINAV004-N09.wav,input/CLEAN/AINAV004-N09.wav
input/NOISY/AINAV004-N10.wav,input/CLEAN/AINAV004-N10.wav
input/NOISY/AINAV004-N11.wav,input/CLEAN/AINAV004-N11.wav
input/NOISY/AINAV004-N12.wav,input/CLEAN/AINAV004-N12.wav
input/NOISY/AINAV004-N13.wav,input/CLEAN/AINAV004-N13.wav
input/NOISY/AINAV004-N14.wav,input/CLEAN/AINAV004-N14.wav
input/NOISY/AINAV004-N15.wav,input/CLEAN/AINAV004-N15.wav
input/NOISY/AINAV004-N16.wav,input/CLEAN/AINAV004-N16.wav
input/NOISY/AINAV004-N17.wav,input/CLEAN/AINAV004-N17.wav
input/NOISY/AINAV004-N18.wav,input/CLEAN/AINAV004-N18.wav
input/NOISY/AINAV004-N19.wav,input/CLEAN/AINAV004-N19.wav
input/NOISY/AINAV004-N20.wav,input/CLEAN/AINAV004-N20.wav
input/NOISY/AINAV004-N21.wav,input/CLEAN/AINAV004-N21.wav
input/NOISY/AINAV004-N22.wav,input/CLEAN/AINAV004-N22.wav
input/NOISY/AINAV004-N23.wav,input/CLEAN/AINAV004-N23.wav
input/NOISY/AINAV004-N24.wav,input/CLEAN/AINAV004-N24.wav
input/NOISY/AINAV004-N25.wav,input/CLEAN/AINAV004-N25.wav
input/NOISY/AINAV004-N26.wav,input/CLEAN/AINAV004-N26.wav
input/NOISY/AINAV004-N27.wav,input/CLEAN/AINAV004-N27.wav
input/NOISY/AINAV004-N28.wav,input/CLEAN/AINAV004-N28.wav
input/NOISY/AINAV004-N29.wav,input/CLEAN/AINAV004-N29.wav
input/NOISY/AINAV004-N30.wav,input/CLEAN/AINAV004-N30.wav
input/NOISY/AINAV004-N31.wav,input/CLEAN/AINAV004-N31.wav
input/NOISY/AINAV004-N32.wav,input/CLEAN/AINAV004-N32.wav
input/NOISY/AINAV004-N33.wav,input/CLEAN/AINAV004-N33.wav
input/NOISY/AINAV004-N34.wav,input/CLEAN/AINAV004-N34.wav
input/NOISY/AINAV004-N35.wav,input/CLEAN/AINAV004-N35.wav
input/NOISY/AINAV004-N36.wav,input/CLEAN/AINAV004-N36.wav
input/NOISY/AINAV004-N37.wav,input/CLEAN/AINAV004-N37.wav
input/NOISY/AINAV004-N38.wav,input/CLEAN/AINAV004-N38.wav
input/NOISY/AINAV004-N39.wav,input/CLEAN/AINAV004-N39.wav
input/NOISY/AINAV004-N40.wav,input/CLEAN/AINAV004-N40.wav
input/NOISY/AINAV004-N41.wav,input/CLEAN/AINAV004-N41.wav
input/NOISY/AINAV004-N42.wav,input/CLEAN/AINAV004-N42.wav
input/NOISY/AINAV004-N43.wav,input/CLEAN/AINAV004-N43.wav
input/NOISY/AINAV004-N44.wav,input/CLEAN/AINAV004-N44.wav
input/NOISY/AINAV004-N45.wav,input/CLEAN/AINAV004-N45.wav
input/NOISY/AINAV004-N46.wav,input/CLEAN/AINAV004-N46.wav
input/NOISY/AINAV004-N47.wav,input/CLEAN/AINAV004-N47.wav
input/NOISY/AINAV005-N01.wav,input/CLEAN/AINAV005-N01.wav
input/NOISY/AINAV005-N02.wav,input/CLEAN/AINAV005-N02.wav
input/NOISY/AINAV005-N03.wav,input/CLEAN/AINAV005-N03.wav
input/NOISY/AINAV005-N04.wav,input/CLEAN/AINAV005-N04.wav
input/NOISY/AINAV005-N05.wav,input/CLEAN/AINAV005-N05.wav
input/NOISY/AINAV005-N06.wav,input/CLEAN/AINAV005-N06.wav
input/NOISY/AINAV005-N07.wav,input/CLEAN/AINAV005-N07.wav
input/NOISY/AINAV005-N08.wav,input/CLEAN/AINAV005-N08.wav
input/NOISY/AINAV005-N09.wav,input/CLEAN/AINAV005-N09.wav
input/NOISY/AINAV005-N10.wav,input/CLEAN/AINAV005-N10.wav
input/NOISY/AINAV005-N11.wav,input/CLEAN/AINAV005-N11.wav
input/NOISY/AINAV005-N12.wav,input/CLEAN/AINAV005-N12.wav
input/NOISY/AINAV005-N13.wav,input/CLEAN/AINAV005-N13.wav
input/NOISY/AINAV005-N14.wav,input/CLEAN/AINAV005-N14.wav
input/NOISY/AINAV005-N15.wav,input/CLEAN/AINAV005-N15.wav
input/NOISY/AINAV005-N16.wav,input/CLEAN/AINAV005-N16.wav
input/NOISY/AINAV005-N17.wav,input/CLEAN/AINAV005-N17.wav
input/NOISY/AINAV005-N18.wav,input/CLEAN/AINAV005-N18.wav
input/NOISY/AINAV005-N19.wav,input/CLEAN/AINAV005-N19.wav
input/NOISY/AINAV005-N20.wav,input/CLEAN/AINAV005-N20.wav
input/NOISY/AINAV005-N21.wav,input/CLEAN/AINAV005-N21.wav
input/NOISY/AINAV005-N22.wav,input/CLEAN/AINAV005-N22.wav
input/NOISY/AINAV005-N23.wav,input/CLEAN/AINAV005-N23.wav
input/NOISY/AINAV005-N24.wav,input/CLEAN/AINAV005-N24.wav
input/NOISY/AINAV005-N25.wav,input/CLEAN/AINAV005-N25.wav
input/NOISY/AINAV005-N26.wav,input/CLEAN/AINAV005-N26.wav
input/NOISY/AINAV005-N27.wav,input/CLEAN/AINAV005-N27.wav
input/NOISY/AINAV005-N28.wav,input/CLEAN/AINAV005-N28.wav
input/NOISY/AINAV005-N29.wav,input/CLEAN/AINAV005-N29.wav
input/NOISY/AINAV005-N30.wav,input/CLEAN/AINAV005-N30.wav
input/NOISY/AINAV005-N31.wav,input/CLEAN/AINAV005-N31.wav
input/NOISY/AINAV005-N32.wav,input/CLEAN/AINAV005-N32.wav
input/NOISY/AINAV005-N33.wav,input/CLEAN/AINAV005-N33.wav
input/NOISY/AINAV005-N34.wav,input/CLEAN/AINAV005-N34.wav
input/NOISY/AINAV005-N35.wav,input/CLEAN/AINAV005-N35.wav
input/NOISY/AINAV005-N36.wav,input/CLEAN/AINAV005-N36.wav
input/NOISY/AINAV005-N37.wav,input/CLEAN/AINAV005-N37.wav
input/NOISY/AINAV005-N38.wav,input/CLEAN/AINAV005-N38.wav
input/NOISY/AINAV005-N39.wav,input/CLEAN/AINAV005-N39.wav
input/NOISY/AINAV005-N40.wav,input/CLEAN/AINAV005-N40.wav
input/NOISY/AINAV005-N41.wav,input/CLEAN/AINAV005-N41.wav
input/NOISY/AINAV005-N42.wav,input/CLEAN/AINAV005-N42.wav
input/NOISY/AINAV005-N43.wav,input/CLEAN/AINAV005-N43.wav
input/NOISY/AINAV005-N44.wav,input/CLEAN/AINAV005-N44.wav
input/NOISY/AINAV005-N45.wav,input/CLEAN/AINAV005-N45.wav
input/NOISY/AINAV005-N46.wav,input/CLEAN/AINAV005-N46.wav
input/NOISY/AINAV005-N47.wav,input/CLEAN/AINAV005-N47.wav
input/NOISY/AINAV006-N01.wav,input/CLEAN/AINAV006-N01.wav
input/NOISY/AINAV006-N02.wav,input/CLEAN/AINAV006-N02.wav
input/NOISY/AINAV006-N03.wav,input/CLEAN/AINAV006-N03.wav
input/NOISY/AINAV006-N04.wav,input/CLEAN/AINAV006-N04.wav
input/NOISY/AINAV006-N05.wav,input/CLEAN/AINAV006-N05.wav
input/NOISY/AINAV006-N06.wav,input/CLEAN/AINAV006-N06.wav
input/NOISY/AINAV006-N07.wav,input/CLEAN/AINAV006-N07.wav
input/NOISY/AINAV006-N08.wav,input/CLEAN/AINAV006-N08.wav
input/NOISY/AINAV006-N09.wav,input/CLEAN/AINAV006-N09.wav
input/NOISY/AINAV006-N10.wav,input/CLEAN/AINAV006-N10.wav
input/NOISY/AINAV006-N11.wav,input/CLEAN/AINAV006-N11.wav
input/NOISY/AINAV006-N12.wav,input/CLEAN/AINAV006-N12.wav
input/NOISY/AINAV006-N13.wav,input/CLEAN/AINAV006-N13.wav
input/NOISY/AINAV006-N14.wav,input/CLEAN/AINAV006-N14.wav
input/NOISY/AINAV006-N15.wav,input/CLEAN/AINAV006-N15.wav
input/NOISY/AINAV006-N16.wav,input/CLEAN/AINAV006-N16.wav
input/NOISY/AINAV006-N17.wav,input/CLEAN/AINAV006-N17.wav
input/NOISY/AINAV006-N18.wav,input/CLEAN/AINAV006-N18.wav
input/NOISY/AINAV006-N19.wav,input/CLEAN/AINAV006-N19.wav
input/NOISY/AINAV006-N20.wav,input/CLEAN/AINAV006-N20.wav
input/NOISY/AINAV006-N21.wav,input/CLEAN/AINAV006-N21.wav
input/NOISY/AINAV006-N22.wav,input/CLEAN/AINAV006-N22.wav
input/NOISY/AINAV006-N23.wav,input/CLEAN/AINAV006-N23.wav
input/NOISY/AINAV006-N24.wav,input/CLEAN/AINAV006-N24.wav
input/NOISY/AINAV006-N25.wav,input/CLEAN/AINAV006-N25.wav
input/NOISY/AINAV006-N26.wav,input/CLEAN/AINAV006-N26.wav
input/NOISY/AINAV006-N27.wav,input/CLEAN/AINAV006-N27.wav
input/NOISY/AINAV006-N28.wav,input/CLEAN/AINAV006-N28.wav
input/NOISY/AINAV006-N29.wav,input/CLEAN/AINAV006-N29.wav
input/NOISY/AINAV006-N30.wav,input/CLEAN/AINAV006-N30.wav
input/NOISY/AINAV006-N31.wav,input/CLEAN/AINAV006-N31.wav
input/NOISY/AINAV006-N32.wav,input/CLEAN/AINAV006-N32.wav
input/NOISY/AINAV006-N33.wav,input/CLEAN/AINAV006-N33.wav
input/NOISY/AINAV006-N34.wav,input/CLEAN/AINAV006-N34.wav
input/NOISY/AINAV006-N35.wav,input/CLEAN/AINAV006-N35.wav
input/NOISY/AINAV006-N36.wav,input/CLEAN/AINAV006-N36.wav
input/NOISY/AINAV006-N37.wav,input/CLEAN/AINAV006-N37.wav
input/NOISY/AINAV006-N38.wav,input/CLEAN/AINAV006-N38.wav
input/NOISY/AINAV006-N39.wav,input/CLEAN/AINAV006-N39.wav
input/NOISY/AINAV006-N40.wav,input/CLEAN/AINAV006-N40.wav
input/NOISY/AINAV006-N41.wav,input/CLEAN/AINAV006-N41.wav
input/NOISY/AINAV006-N42.wav,input/CLEAN/AINAV006-N42.wav
input/NOISY/AINAV006-N43.wav,input/CLEAN/AINAV006-N43.wav
input/NOISY/AINAV006-N44.wav,input/CLEAN/AINAV006-N44.wav
input/NOISY/AINAV006-N45.wav,input/CLEAN/AINAV006-N45.wav
input/NOISY/AINAV006-N46.wav,input/CLEAN/AINAV006-N46.wav
input/NOISY/AINAV006-N47.wav,input/CLEAN/AINAV006-N47.wav
input/NOISY/AINAV007-N01.wav,input/CLEAN/AINAV007-N01.wav
input/NOISY/AINAV007-N02.wav,input/CLEAN/AINAV007-N02.wav
input/NOISY/AINAV007-N03.wav,input/CLEAN/AINAV007-N03.wav
input/NOISY/AINAV007-N04.wav,input/CLEAN/AINAV007-N04.wav
input/NOISY/AINAV007-N05.wav,input/CLEAN/AINAV007-N05.wav
input/NOISY/AINAV007-N06.wav,input/CLEAN/AINAV007-N06.wav
input/NOISY/AINAV007-N07.wav,input/CLEAN/AINAV007-N07.wav
input/NOISY/AINAV007-N08.wav,input/CLEAN/AINAV007-N08.wav
input/NOISY/AINAV007-N09.wav,input/CLEAN/AINAV007-N09.wav
input/NOISY/AINAV007-N10.wav,input/CLEAN/AINAV007-N10.wav
input/NOISY/AINAV007-N11.wav,input/CLEAN/AINAV007-N11.wav
input/NOISY/AINAV007-N12.wav,input/CLEAN/AINAV007-N12.wav
input/NOISY/AINAV007-N13.wav,input/CLEAN/AINAV007-N13.wav
input/NOISY/AINAV007-N14.wav,input/CLEAN/AINAV007-N14.wav
input/NOISY/AINAV007-N15.wav,input/CLEAN/AINAV007-N15.wav
input/NOISY/AINAV007-N16.wav,input/CLEAN/AINAV007-N16.wav
input/NOISY/AINAV007-N17.wav,input/CLEAN/AINAV007-N17.wav
input/NOISY/AINAV007-N18.wav,input/CLEAN/AINAV007-N18.wav
input/NOISY/AINAV007-N19.wav,input/CLEAN/AINAV007-N19.wav
input/NOISY/AINAV007-N20.wav,input/CLEAN/AINAV007-N20.wav
input/NOISY/AINAV007-N21.wav,input/CLEAN/AINAV007-N21.wav
input/NOISY/AINAV007-N22.wav,input/CLEAN/AINAV007-N22.wav
input/NOISY/AINAV007-N23.wav,input/CLEAN/AINAV007-N23.wav
input/NOISY/AINAV007-N24.wav,input/CLEAN/AINAV007-N24.wav
input/NOISY/AINAV007-N25.wav,input/CLEAN/AINAV007-N25.wav
input/NOISY/AINAV007-N26.wav,input/CLEAN/AINAV007-N26.wav
input/NOISY/AINAV007-N27.wav,input/CLEAN/AINAV007-N27.wav
input/NOISY/AINAV007-N28.wav,input/CLEAN/AINAV007-N28.wav
input/NOISY/AINAV007-N29.wav,input/CLEAN/AINAV007-N29.wav
input/NOISY/AINAV007-N30.wav,input/CLEAN/AINAV007-N30.wav
input/NOISY/AINAV007-N31.wav,input/CLEAN/AINAV007-N31.wav
input/NOISY/AINAV007-N32.wav,input/CLEAN/AINAV007-N32.wav
input/NOISY/AINAV007-N33.wav,input/CLEAN/AINAV007-N33.wav
input/NOISY/AINAV007-N34.wav,input/CLEAN/AINAV007-N34.wav
input/NOISY/AINAV007-N35.wav,input/CLEAN/AINAV007-N35.wav
input/NOISY/AINAV007-N36.wav,input/CLEAN/AINAV007-N36.wav
input/NOISY/AINAV007-N37.wav,input/CLEAN/AINAV007-N37.wav
input/NOISY/AINAV007-N38.wav,input/CLEAN/AINAV007-N38.wav
input/NOISY/AINAV007-N39.wav,input/CLEAN/AINAV007-N39.wav
input/NOISY/AINAV007-N40.wav,input/CLEAN/AINAV007-N40.wav
input/NOISY/AINAV007-N41.wav,input/CLEAN/AINAV007-N41.wav
input/NOISY/AINAV007-N42.wav,input/CLEAN/AINAV007-N42.wav
input/NOISY/AINAV007-N43.wav,input/CLEAN/AINAV007-N43.wav
input/NOISY/AINAV007-N44.wav,input/CLEAN/AINAV007-N44.wav
input/NOISY/AINAV007-N45.wav,input/CLEAN/AINAV007-N45.wav
input/NOISY/AINAV007-N46.wav,input/CLEAN/AINAV007-N46.wav
input/NOISY/AINAV007-N47.wav,input/CLEAN/AINAV007-N47.wav
input/NOISY/AINAV008-N01.wav,input/CLEAN/AINAV008-N01.wav
input/NOISY/AINAV008-N02.wav,input/CLEAN/AINAV008-N02.wav
input/NOISY/AINAV008-N03.wav,input/CLEAN/AINAV008-N03.wav
input/NOISY/AINAV008-N04.wav,input/CLEAN/AINAV008-N04.wav
input/NOISY/AINAV008-N05.wav,input/CLEAN/AINAV008-N05.wav
input/NOISY/AINAV008-N06.wav,input/CLEAN/AINAV008-N06.wav
input/NOISY/AINAV008-N07.wav,input/CLEAN/AINAV008-N07.wav
input/NOISY/AINAV008-N08.wav,input/CLEAN/AINAV008-N08.wav
input/NOISY/AINAV008-N09.wav,input/CLEAN/AINAV008-N09.wav
input/NOISY/AINAV008-N10.wav,input/CLEAN/AINAV008-N10.wav
input/NOISY/AINAV008-N11.wav,input/CLEAN/AINAV008-N11.wav
input/NOISY/AINAV008-N12.wav,input/CLEAN/AINAV008-N12.wav
input/NOISY/AINAV008-N13.wav,input/CLEAN/AINAV008-N13.wav
input/NOISY/AINAV008-N14.wav,input/CLEAN/AINAV008-N14.wav
input/NOISY/AINAV008-N15.wav,input/CLEAN/AINAV008-N15.wav
input/NOISY/AINAV008-N16.wav,input/CLEAN/AINAV008-N16.wav
input/NOISY/AINAV008-N17.wav,input/CLEAN/AINAV008-N17.wav
input/NOISY/AINAV008-N18.wav,input/CLEAN/AINAV008-N18.wav
input/NOISY/AINAV008-N19.wav,input/CLEAN/AINAV008-N19.wav
input/NOISY/AINAV008-N20.wav,input/CLEAN/AINAV008-N20.wav
input/NOISY/AINAV008-N21.wav,input/CLEAN/AINAV008-N21.wav
input/NOISY/AINAV008-N22.wav,input/CLEAN/AINAV008-N22.wav
input/NOISY/AINAV008-N23.wav,input/CLEAN/AINAV008-N23.wav
input/NOISY/AINAV008-N24.wav,input/CLEAN/AINAV008-N24.wav
input/NOISY/AINAV008-N25.wav,input/CLEAN/AINAV008-N25.wav
input/NOISY/AINAV008-N26.wav,input/CLEAN/AINAV008-N26.wav
input/NOISY/AINAV008-N27.wav,input/CLEAN/AINAV008-N27.wav
input/NOISY/AINAV008-N28.wav,input/CLEAN/AINAV008-N28.wav
input/NOISY/AINAV008-N29.wav,input/CLEAN/AINAV008-N29.wav
input/NOISY/AINAV008-N30.wav,input/CLEAN/AINAV008-N30.wav
input/NOISY/AINAV008-N31.wav,input/CLEAN/AINAV008-N31.wav
input/NOISY/AINAV008-N32.wav,input/CLEAN/AINAV008-N32.wav
input/NOISY/AINAV008-N33.wav,input/CLEAN/AINAV008-N33.wav
input/NOISY/AINAV008-N34.wav,input/CLEAN/AINAV008-N34.wav
input/NOISY/AINAV008-N35.wav,input/CLEAN/AINAV008-N35.wav
input/NOISY/AINAV008-N36.wav,input/CLEAN/AINAV008-N36.wav
input/NOISY/AINAV008-N37.wav,input/CLEAN/AINAV008-N37.wav
input/NOISY/AINAV008-N38.wav,input/CLEAN/AINAV008-N38.wav
input/NOISY/AINAV008-N39.wav,input/CLEAN/AINAV008-N39.wav
input/NOISY/AINAV008-N40.wav,input/CLEAN/AINAV008-N40.wav
input/NOISY/AINAV008-N41.wav,input/CLEAN/AINAV008-N41.wav
input/NOISY/AINAV008-N42.wav,input/CLEAN/AINAV008-N42.wav
input/NOISY/AINAV008-N43.wav,input/CLEAN/AINAV008-N43.wav
input/NOISY/AINAV008-N44.wav,input/CLEAN/AINAV008-N44.wav
input/NOISY/AINAV008-N45.wav,input/CLEAN/AINAV008-N45.wav
input/NOISY/AINAV008-N46.wav,input/CLEAN/AINAV008-N46.wav
input/NOISY/AINAV008-N47.wav,input/CLEAN/AINAV008-N47.wav
input/NOISY/AINAV009-N01.wav,input/CLEAN/AINAV009-N01.wav
input/NOISY/AINAV009-N02.wav,input/CLEAN/AINAV009-N02.wav
input/NOISY/AINAV009-N03.wav,input/CLEAN/AINAV009-N03.wav
input/NOISY/AINAV009-N04.wav,input/CLEAN/AINAV009-N04.wav
input/NOISY/AINAV009-N05.wav,input/CLEAN/AINAV009-N05.wav
input/NOISY/AINAV009-N06.wav,input/CLEAN/AINAV009-N06.wav
input/NOISY/AINAV009-N07.wav,input/CLEAN/AINAV009-N07.wav
input/NOISY/AINAV009-N08.wav,input/CLEAN/AINAV009-N08.wav
input/NOISY/AINAV009-N09.wav,input/CLEAN/AINAV009-N09.wav
input/NOISY/AINAV009-N10.wav,input/CLEAN/AINAV009-N10.wav
input/NOISY/AINAV009-N11.wav,input/CLEAN/AINAV009-N11.wav
input/NOISY/AINAV009-N12.wav,input/CLEAN/AINAV009-N12.wav
input/NOISY/AINAV009-N13.wav,input/CLEAN/AINAV009-N13.wav
input/NOISY/AINAV009-N14.wav,input/CLEAN/AINAV009-N14.wav
input/NOISY/AINAV009-N15.wav,input/CLEAN/AINAV009-N15.wav
input/NOISY/AINAV009-N16.wav,input/CLEAN/AINAV009-N16.wav
input/NOISY/AINAV009-N17.wav,input/CLEAN/AINAV009-N17.wav
input/NOISY/AINAV009-N18.wav,input/CLEAN/AINAV009-N18.wav
input/NOISY/AINAV009-N19.wav,input/CLEAN/AINAV009-N19.wav
input/NOISY/AINAV009-N20.wav,input/CLEAN/AINAV009-N20.wav
input/NOISY/AINAV009-N21.wav,input/CLEAN/AINAV009-N21.wav
input/NOISY/AINAV009-N22.wav,input/CLEAN/AINAV009-N22.wav
input/NOISY/AINAV009-N23.wav,input/CLEAN/AINAV009-N23.wav
input/NOISY/AINAV009-N24.wav,input/CLEAN/AINAV009-N24.wav
input/NOISY/AINAV009-N25.wav,input/CLEAN/AINAV009-N25.wav
input/NOISY/AINAV009-N26.wav,input/CLEAN/AINAV009-N26.wav
input/NOISY/AINAV009-N27.wav,input/CLEAN/AINAV009-N27.wav
input/NOISY/AINAV009-N28.wav,input/CLEAN/AINAV009-N28.wav
input/NOISY/AINAV009-N29.wav,input/CLEAN/AINAV009-N29.wav
input/NOISY/AINAV009-N30.wav,input/CLEAN/AINAV009-N30.wav
input/NOISY/AINAV009-N31.wav,input/CLEAN/AINAV009-N31.wav
input/NOISY/AINAV009-N32.wav,input/CLEAN/AINAV009-N32.wav
input/NOISY/AINAV009-N33.wav,input/CLEAN/AINAV009-N33.wav
input/NOISY/AINAV009-N34.wav,input/CLEAN/AINAV009-N34.wav
input/NOISY/AINAV009-N35.wav,input/CLEAN/AINAV009-N35.wav
input/NOISY/AINAV009-N36.wav,input/CLEAN/AINAV009-N36.wav
input/NOISY/AINAV009-N37.wav,input/CLEAN/AINAV009-N37.wav
input/NOISY/AINAV009-N38.wav,input/CLEAN/AINAV009-N38.wav
input/NOISY/AINAV009-N39.wav,input/CLEAN/AINAV009-N39.wav
input/NOISY/AINAV009-N40.wav,input/CLEAN/AINAV009-N40.wav
input/NOISY/AINAV009-N41.wav,input/CLEAN/AINAV009-N41.wav
input/NOISY/AINAV009-N42.wav,input/CLEAN/AINAV009-N42.wav
input/NOISY/AINAV009-N43.wav,input/CLEAN/AINAV009-N43.wav
input/NOISY/AINAV009-N44.wav,input/CLEAN/AINAV009-N44.wav
input/NOISY/AINAV009-N45.wav,input/CLEAN/AINAV009-N45.wav
input/NOISY/AINAV009-N46.wav,input/CLEAN/AINAV009-N46.wav
input/NOISY/AINAV009-N47.wav,input/CLEAN/AINAV009-N47.wav
input/NOISY/AINAV010-N01.wav,input/CLEAN/AINAV010-N01.wav
input/NOISY/AINAV010-N02.wav,input/CLEAN/AINAV010-N02.wav
input/NOISY/AINAV010-N03.wav,input/CLEAN/AINAV010-N03.wav
input/NOISY/AINAV010-N04.wav,input/CLEAN/AINAV010-N04.wav
input/NOISY/AINAV010-N05.wav,input/CLEAN/AINAV010-N05.wav
input/NOISY/AINAV010-N06.wav,input/CLEAN/AINAV010-N06.wav
input/NOISY/AINAV010-N07.wav,input/CLEAN/AINAV010-N07.wav
input/NOISY/AINAV010-N08.wav,input/CLEAN/AINAV010-N08.wav
input/NOISY/AINAV010-N09.wav,input/CLEAN/AINAV010-N09.wav
input/NOISY/AINAV010-N10.wav,input/CLEAN/AINAV010-N10.wav
input/NOISY/AINAV010-N11.wav,input/CLEAN/AINAV010-N11.wav
input/NOISY/AINAV010-N12.wav,input/CLEAN/AINAV010-N12.wav
input/NOISY/AINAV010-N13.wav,input/CLEAN/AINAV010-N13.wav
input/NOISY/AINAV010-N14.wav,input/CLEAN/AINAV010-N14.wav
input/NOISY/AINAV010-N15.wav,input/CLEAN/AINAV010-N15.wav
input/NOISY/AINAV010-N16.wav,input/CLEAN/AINAV010-N16.wav
input/NOISY/AINAV010-N17.wav,input/CLEAN/AINAV010-N17.wav
input/NOISY/AINAV010-N18.wav,input/CLEAN/AINAV010-N18.wav
input/NOISY/AINAV010-N19.wav,input/CLEAN/AINAV010-N19.wav
input/NOISY/AINAV010-N20.wav,input/CLEAN/AINAV010-N20.wav
input/NOISY/AINAV010-N21.wav,input/CLEAN/AINAV010-N21.wav
input/NOISY/AINAV010-N22.wav,input/CLEAN/AINAV010-N22.wav
input/NOISY/AINAV010-N23.wav,input/CLEAN/AINAV010-N23.wav
input/NOISY/AINAV010-N24.wav,input/CLEAN/AINAV010-N24.wav
input/NOISY/AINAV010-N25.wav,input/CLEAN/AINAV010-N25.wav
input/NOISY/AINAV010-N26.wav,input/CLEAN/AINAV010-N26.wav
input/NOISY/AINAV010-N27.wav,input/CLEAN/AINAV010-N27.wav
input/NOISY/AINAV010-N28.wav,input/CLEAN/AINAV010-N28.wav
input/NOISY/AINAV010-N29.wav,input/CLEAN/AINAV010-N29.wav
input/NOISY/AINAV010-N30.wav,input/CLEAN/AINAV010-N30.wav
input/NOISY/AINAV010-N31.wav,input/CLEAN/AINAV010-N31.wav
input/NOISY/AINAV010-N32.wav,input/CLEAN/AINAV010-N32.wav
input/NOISY/AINAV010-N33.wav,input/CLEAN/AINAV010-N33.wav
input/NOISY/AINAV010-N34.wav,input/CLEAN/AINAV010-N34.wav
input/NOISY/AINAV010-N35.wav,input/CLEAN/AINAV010-N35.wav
input/NOISY/AINAV010-N36.wav,input/CLEAN/AINAV010-N36.wav
input/NOISY/AINAV010-N37.wav,input/CLEAN/AINAV010-N37.wav
input/NOISY/AINAV010-N38.wav,input/CLEAN/AINAV010-N38.wav
input/NOISY/AINAV010-N39.wav,input/CLEAN/AINAV010-N39.wav
input/NOISY/AINAV010-N40.wav,input/CLEAN/AINAV010-N40.wav
input/NOISY/AINAV010-N41.wav,input/CLEAN/AINAV010-N41.wav
input/NOISY/AINAV010-N42.wav,input/CLEAN/AINAV010-N42.wav
input/NOISY/AINAV010-N43.wav,input/CLEAN/AINAV010-N43.wav
input/NOISY/AINAV010-N44.wav,input/CLEAN/AINAV010-N44.wav
input/NOISY/AINAV010-N45.wav,input/CLEAN/AINAV010-N45.wav
input/NOISY/AINAV010-N46.wav,input/CLEAN/AINAV010-N46.wav
input/NOISY/AINAV010-N47.wav,input/CLEAN/AINAV010-N47.wav
input/NOISY/AINAV011-N01.wav,input/CLEAN/AINAV011-N01.wav
input/NOISY/AINAV011-N02.wav,input/CLEAN/AINAV011-N02.wav
input/NOISY/AINAV011-N03.wav,input/CLEAN/AINAV011-N03.wav
input/NOISY/AINAV011-N04.wav,input/CLEAN/AINAV011-N04.wav
input/NOISY/AINAV011-N05.wav,input/CLEAN/AINAV011-N05.wav
input/NOISY/AINAV011-N06.wav,input/CLEAN/AINAV011-N06.wav
input/NOISY/AINAV011-N07.wav,input/CLEAN/AINAV011-N07.wav
input/NOISY/AINAV011-N08.wav,input/CLEAN/AINAV011-N08.wav
input/NOISY/AINAV011-N09.wav,input/CLEAN/AINAV011-N09.wav
input/NOISY/AINAV011-N10.wav,input/CLEAN/AINAV011-N10.wav
input/NOISY/AINAV011-N11.wav,input/CLEAN/AINAV011-N11.wav
input/NOISY/AINAV011-N12.wav,input/CLEAN/AINAV011-N12.wav
input/NOISY/AINAV011-N13.wav,input/CLEAN/AINAV011-N13.wav
input/NOISY/AINAV011-N14.wav,input/CLEAN/AINAV011-N14.wav
input/NOISY/AINAV011-N15.wav,input/CLEAN/AINAV011-N15.wav
input/NOISY/AINAV011-N16.wav,input/CLEAN/AINAV011-N16.wav
input/NOISY/AINAV011-N17.wav,input/CLEAN/AINAV011-N17.wav
input/NOISY/AINAV011-N18.wav,input/CLEAN/AINAV011-N18.wav
input/NOISY/AINAV011-N19.wav,input/CLEAN/AINAV011-N19.wav
input/NOISY/AINAV011-N20.wav,input/CLEAN/AINAV011-N20.wav
input/NOISY/AINAV011-N21.wav,input/CLEAN/AINAV011-N21.wav
input/NOISY/AINAV011-N22.wav,input/CLEAN/AINAV011-N22.wav
input/NOISY/AINAV011-N23.wav,input/CLEAN/AINAV011-N23.wav
input/NOISY/AINAV011-N24.wav,input/CLEAN/AINAV011-N24.wav
input/NOISY/AINAV011-N25.wav,input/CLEAN/AINAV011-N25.wav
input/NOISY/AINAV011-N26.wav,input/CLEAN/AINAV011-N26.wav
input/NOISY/AINAV011-N27.wav,input/CLEAN/AINAV011-N27.wav
input/NOISY/AINAV011-N28.wav,input/CLEAN/AINAV011-N28.wav
input/NOISY/AINAV011-N29.wav,input/CLEAN/AINAV011-N29.wav
input/NOISY/AINAV011-N30.wav,input/CLEAN/AINAV011-N30.wav
input/NOISY/AINAV011-N31.wav,input/CLEAN/AINAV011-N31.wav
input/NOISY/AINAV011-N32.wav,input/CLEAN/AINAV011-N32.wav
input/NOISY/AINAV011-N33.wav,input/CLEAN/AINAV011-N33.wav
input/NOISY/AINAV011-N34.wav,input/CLEAN/AINAV011-N34.wav
input/NOISY/AINAV011-N35.wav,input/CLEAN/AINAV011-N35.wav
input/NOISY/AINAV011-N36.wav,input/CLEAN/AINAV011-N36.wav
input/NOISY/AINAV011-N37.wav,input/CLEAN/AINAV011-N37.wav
input/NOISY/AINAV011-N38.wav,input/CLEAN/AINAV011-N38.wav
input/NOISY/AINAV011-N39.wav,input/CLEAN/AINAV011-N39.wav
input/NOISY/AINAV011-N40.wav,input/CLEAN/AINAV011-N40.wav
input/NOISY/AINAV011-N41.wav,input/CLEAN/AINAV011-N41.wav
input/NOISY/AINAV011-N42.wav,input/CLEAN/AINAV011-N42.wav
input/NOISY/AINAV011-N43.wav,input/CLEAN/AINAV011-N43.wav
input/NOISY/AINAV011-N44.wav,input/CLEAN/AINAV011-N44.wav
input/NOISY/AINAV011-N45.wav,input/CLEAN/AINAV011-N45.wav
input/NOISY/AINAV011-N46.wav,input/CLEAN/AINAV011-N46.wav
input/NOISY/AINAV011-N47.wav,input/CLEAN/AINAV011-N47.wav
input/NOISY/AINAV012-N01.wav,input/CLEAN/AINAV012-N01.wav
input/NOISY/AINAV012-N02.wav,input/CLEAN/AINAV012-N02.wav
input/NOISY/AINAV012-N03.wav,input/CLEAN/AINAV012-N03.wav
input/NOISY/AINAV012-N04.wav,input/CLEAN/AINAV012-N04.wav
input/NOISY/AINAV012-N05.wav,input/CLEAN/AINAV012-N05.wav
input/NOISY/AINAV012-N06.wav,input/CLEAN/AINAV012-N06.wav
input/NOISY/AINAV012-N07.wav,input/CLEAN/AINAV012-N07.wav
input/NOISY/AINAV012-N08.wav,input/CLEAN/AINAV012-N08.wav
input/NOISY/AINAV012-N09.wav,input/CLEAN/AINAV012-N09.wav
input/NOISY/AINAV012-N10.wav,input/CLEAN/AINAV012-N10.wav
input/NOISY/AINAV012-N11.wav,input/CLEAN/AINAV012-N11.wav
input/NOISY/AINAV012-N12.wav,input/CLEAN/AINAV012-N12.wav
input/NOISY/AINAV012-N13.wav,input/CLEAN/AINAV012-N13.wav
input/NOISY/AINAV012-N14.wav,input/CLEAN/AINAV012-N14.wav
input/NOISY/AINAV012-N15.wav,input/CLEAN/AINAV012-N15.wav
input/NOISY/AINAV012-N16.wav,input/CLEAN/AINAV012-N16.wav
input/NOISY/AINAV012-N17.wav,input/CLEAN/AINAV012-N17.wav
input/NOISY/AINAV012-N18.wav,input/CLEAN/AINAV012-N18.wav
input/NOISY/AINAV012-N19.wav,input/CLEAN/AINAV012-N19.wav
input/NOISY/AINAV012-N20.wav,input/CLEAN/AINAV012-N20.wav
input/NOISY/AINAV012-N21.wav,input/CLEAN/AINAV012-N21.wav
input/NOISY/AINAV012-N22.wav,input/CLEAN/AINAV012-N22.wav
input/NOISY/AINAV012-N23.wav,input/CLEAN/AINAV012-N23.wav
input/NOISY/AINAV012-N24.wav,input/CLEAN/AINAV012-N24.wav
input/NOISY/AINAV012-N25.wav,input/CLEAN/AINAV012-N25.wav
input/NOISY/AINAV012-N26.wav,input/CLEAN/AINAV012-N26.wav
input/NOISY/AINAV012-N27.wav,input/CLEAN/AINAV012-N27.wav
input/NOISY/AINAV012-N28.wav,input/CLEAN/AINAV012-N28.wav
input/NOISY/AINAV012-N29.wav,input/CLEAN/AINAV012-N29.wav
input/NOISY/AINAV012-N30.wav,input/CLEAN/AINAV012-N30.wav
input/NOISY/AINAV012-N31.wav,input/CLEAN/AINAV012-N31.wav
input/NOISY/AINAV012-N32.wav,input/CLEAN/AINAV012-N32.wav
input/NOISY/AINAV012-N33.wav,input/CLEAN/AINAV012-N33.wav
input/NOISY/AINAV012-N34.wav,input/CLEAN/AINAV012-N34.wav
input/NOISY/AINAV012-N35.wav,input/CLEAN/AINAV012-N35.wav
input/NOISY/AINAV012-N36.wav,input/CLEAN/AINAV012-N36.wav
input/NOISY/AINAV012-N37.wav,input/CLEAN/AINAV012-N37.wav
input/NOISY/AINAV012-N38.wav,input/CLEAN/AINAV012-N38.wav
input/NOISY/AINAV012-N39.wav,input/CLEAN/AINAV012-N39.wav
input/NOISY/AINAV012-N40.wav,input/CLEAN/AINAV012-N40.wav
input/NOISY/AINAV012-N41.wav,input/CLEAN/AINAV012-N41.wav
input/NOISY/AINAV012-N42.wav,input/CLEAN/AINAV012-N42.wav
input/NOISY/AINAV012-N43.wav,input/CLEAN/AINAV012-N43.wav
input/NOISY/AINAV012-N44.wav,input/CLEAN/AINAV012-N44.wav
input/NOISY/AINAV012-N45.wav,input/CLEAN/AINAV012-N45.wav
input/NOISY/AINAV012-N46.wav,input/CLEAN/AINAV012-N46.wav
input/NOISY/AINAV012-N47.wav,input/CLEAN/AINAV012-N47.wav
input/NOISY/AINAV013-N01.wav,input/CLEAN/AINAV013-N01.wav
input/NOISY/AINAV013-N02.wav,input/CLEAN/AINAV013-N02.wav
input/NOISY/AINAV013-N03.wav,input/CLEAN/AINAV013-N03.wav
input/NOISY/AINAV013-N04.wav,input/CLEAN/AINAV013-N04.wav
input/NOISY/AINAV013-N05.wav,input/CLEAN/AINAV013-N05.wav
input/NOISY/AINAV013-N06.wav,input/CLEAN/AINAV013-N06.wav
input/NOISY/AINAV013-N07.wav,input/CLEAN/AINAV013-N07.wav
input/NOISY/AINAV013-N08.wav,input/CLEAN/AINAV013-N08.wav
input/NOISY/AINAV013-N09.wav,input/CLEAN/AINAV013-N09.wav
input/NOISY/AINAV013-N10.wav,input/CLEAN/AINAV013-N10.wav
input/NOISY/AINAV013-N11.wav,input/CLEAN/AINAV013-N11.wav
input/NOISY/AINAV013-N12.wav,input/CLEAN/AINAV013-N12.wav
input/NOISY/AINAV013-N13.wav,input/CLEAN/AINAV013-N13.wav
input/NOISY/AINAV013-N14.wav,input/CLEAN/AINAV013-N14.wav
input/NOISY/AINAV013-N15.wav,input/CLEAN/AINAV013-N15.wav
input/NOISY/AINAV013-N16.wav,input/CLEAN/AINAV013-N16.wav
input/NOISY/AINAV013-N17.wav,input/CLEAN/AINAV013-N17.wav
input/NOISY/AINAV013-N18.wav,input/CLEAN/AINAV013-N18.wav
input/NOISY/AINAV013-N19.wav,input/CLEAN/AINAV013-N19.wav
input/NOISY/AINAV013-N20.wav,input/CLEAN/AINAV013-N20.wav
input/NOISY/AINAV013-N21.wav,input/CLEAN/AINAV013-N21.wav
input/NOISY/AINAV013-N22.wav,input/CLEAN/AINAV013-N22.wav
input/NOISY/AINAV013-N23.wav,input/CLEAN/AINAV013-N23.wav
input/NOISY/AINAV013-N24.wav,input/CLEAN/AINAV013-N24.wav
input/NOISY/AINAV013-N25.wav,input/CLEAN/AINAV013-N25.wav
input/NOISY/AINAV013-N26.wav,input/CLEAN/AINAV013-N26.wav
input/NOISY/AINAV013-N27.wav,input/CLEAN/AINAV013-N27.wav
input/NOISY/AINAV013-N28.wav,input/CLEAN/AINAV013-N28.wav
input/NOISY/AINAV013-N29.wav,input/CLEAN/AINAV013-N29.wav
input/NOISY/AINAV013-N30.wav,input/CLEAN/AINAV013-N30.wav
input/NOISY/AINAV013-N31.wav,input/CLEAN/AINAV013-N31.wav
input/NOISY/AINAV013-N32.wav,input/CLEAN/AINAV013-N32.wav
input/NOISY/AINAV013-N33.wav,input/CLEAN/AINAV013-N33.wav
input/NOISY/AINAV013-N34.wav,input/CLEAN/AINAV013-N34.wav
input/NOISY/AINAV013-N35.wav,input/CLEAN/AINAV013-N35.wav
input/NOISY/AINAV013-N36.wav,input/CLEAN/AINAV013-N36.wav
input/NOISY/AINAV013-N37.wav,input/CLEAN/AINAV013-N37.wav
input/NOISY/AINAV013-N38.wav,input/CLEAN/AINAV013-N38.wav
input/NOISY/AINAV013-N39.wav,input/CLEAN/AINAV013-N39.wav
input/NOISY/AINAV013-N40.wav,input/CLEAN/AINAV013-N40.wav
input/NOISY/AINAV013-N41.wav,input/CLEAN/AINAV013-N41.wav
input/NOISY/AINAV013-N42.wav,input/CLEAN/AINAV013-N42.wav
input/NOISY/AINAV013-N43.wav,input/CLEAN/AINAV013-N43.wav
input/NOISY/AINAV013-N44.wav,input/CLEAN/AINAV013-N44.wav
input/NOISY/AINAV013-N45.wav,input/CLEAN/AINAV013-N45.wav
input/NOISY/AINAV013-N46.wav,input/CLEAN/AINAV013-N46.wav
input/NOISY/AINAV013-N47.wav,input/CLEAN/AINAV013-N47.wav
input/NOISY/AINAV014-N01.wav,input/CLEAN/AINAV014-N01.wav
input/NOISY/AINAV014-N02.wav,input/CLEAN/AINAV014-N02.wav
input/NOISY/AINAV014-N03.wav,input/CLEAN/AINAV014-N03.wav
input/NOISY/AINAV014-N04.wav,input/CLEAN/AINAV014-N04.wav
input/NOISY/AINAV014-N05.wav,input/CLEAN/AINAV014-N05.wav
input/NOISY/AINAV014-N06.wav,input/CLEAN/AINAV014-N06.wav
input/NOISY/AINAV014-N07.wav,input/CLEAN/AINAV014-N07.wav
input/NOISY/AINAV014-N08.wav,input/CLEAN/AINAV014-N08.wav
input/NOISY/AINAV014-N09.wav,input/CLEAN/AINAV014-N09.wav
input/NOISY/AINAV014-N10.wav,input/CLEAN/AINAV014-N10.wav
input/NOISY/AINAV014-N11.wav,input/CLEAN/AINAV014-N11.wav
input/NOISY/AINAV014-N12.wav,input/CLEAN/AINAV014-N12.wav
input/NOISY/AINAV014-N13.wav,input/CLEAN/AINAV014-N13.wav
input/NOISY/AINAV014-N14.wav,input/CLEAN/AINAV014-N14.wav
input/NOISY/AINAV014-N15.wav,input/CLEAN/AINAV014-N15.wav
input/NOISY/AINAV014-N16.wav,input/CLEAN/AINAV014-N16.wav
input/NOISY/AINAV014-N17.wav,input/CLEAN/AINAV014-N17.wav
input/NOISY/AINAV014-N18.wav,input/CLEAN/AINAV014-N18.wav
input/NOISY/AINAV014-N19.wav,input/CLEAN/AINAV014-N19.wav
input/NOISY/AINAV014-N20.wav,input/CLEAN/AINAV014-N20.wav
input/NOISY/AINAV014-N21.wav,input/CLEAN/AINAV014-N21.wav
input/NOISY/AINAV014-N22.wav,input/CLEAN/AINAV014-N22.wav
input/NOISY/AINAV014-N23.wav,input/CLEAN/AINAV014-N23.wav
input/NOISY/AINAV014-N24.wav,input/CLEAN/AINAV014-N24.wav
input/NOISY/AINAV014-N25.wav,input/CLEAN/AINAV014-N25.wav
input/NOISY/AINAV014-N26.wav,input/CLEAN/AINAV014-N26.wav
input/NOISY/AINAV014-N27.wav,input/CLEAN/AINAV014-N27.wav
input/NOISY/AINAV014-N28.wav,input/CLEAN/AINAV014-N28.wav
input/NOISY/AINAV014-N29.wav,input/CLEAN/AINAV014-N29.wav
input/NOISY/AINAV014-N30.wav,input/CLEAN/AINAV014-N30.wav
input/NOISY/AINAV014-N31.wav,input/CLEAN/AINAV014-N31.wav
input/NOISY/AINAV014-N32.wav,input/CLEAN/AINAV014-N32.wav
input/NOISY/AINAV014-N33.wav,input/CLEAN/AINAV014-N33.wav
input/NOISY/AINAV014-N34.wav,input/CLEAN/AINAV014-N34.wav
input/NOISY/AINAV014-N35.wav,input/CLEAN/AINAV014-N35.wav
input/NOISY/AINAV014-N36.wav,input/CLEAN/AINAV014-N36.wav
input/NOISY/AINAV014-N37.wav,input/CLEAN/AINAV014-N37.wav
input/NOISY/AINAV014-N38.wav,input/CLEAN/AINAV014-N38.wav
input/NOISY/AINAV014-N39.wav,input/CLEAN/AINAV014-N39.wav
input/NOISY/AINAV014-N40.wav,input/CLEAN/AINAV014-N40.wav
input/NOISY/AINAV014-N41.wav,input/CLEAN/AINAV014-N41.wav
input/NOISY/AINAV014-N42.wav,input/CLEAN/AINAV014-N42.wav
input/NOISY/AINAV014-N43.wav,input/CLEAN/AINAV014-N43.wav
input/NOISY/AINAV014-N44.wav,input/CLEAN/AINAV014-N44.wav
input/NOISY/AINAV014-N45.wav,input/CLEAN/AINAV014-N45.wav
input/NOISY/AINAV014-N46.wav,input/CLEAN/AINAV014-N46.wav
input/NOISY/AINAV014-N47.wav,input/CLEAN/AINAV014-N47.wav
input/NOISY/AINAV015-N01.wav,input/CLEAN/AINAV015-N01.wav
input/NOISY/AINAV015-N02.wav,input/CLEAN/AINAV015-N02.wav
input/NOISY/AINAV015-N03.wav,input/CLEAN/AINAV015-N03.wav
input/NOISY/AINAV015-N04.wav,input/CLEAN/AINAV015-N04.wav
input/NOISY/AINAV015-N05.wav,input/CLEAN/AINAV015-N05.wav
input/NOISY/AINAV015-N06.wav,input/CLEAN/AINAV015-N06.wav
input/NOISY/AINAV015-N07.wav,input/CLEAN/AINAV015-N07.wav
input/NOISY/AINAV015-N08.wav,input/CLEAN/AINAV015-N08.wav
input/NOISY/AINAV015-N09.wav,input/CLEAN/AINAV015-N09.wav
input/NOISY/AINAV015-N10.wav,input/CLEAN/AINAV015-N10.wav
input/NOISY/AINAV015-N11.wav,input/CLEAN/AINAV015-N11.wav
input/NOISY/AINAV015-N12.wav,input/CLEAN/AINAV015-N12.wav
input/NOISY/AINAV015-N13.wav,input/CLEAN/AINAV015-N13.wav
input/NOISY/AINAV015-N14.wav,input/CLEAN/AINAV015-N14.wav
input/NOISY/AINAV015-N15.wav,input/CLEAN/AINAV015-N15.wav
input/NOISY/AINAV015-N16.wav,input/CLEAN/AINAV015-N16.wav
input/NOISY/AINAV015-N17.wav,input/CLEAN/AINAV015-N17.wav
input/NOISY/AINAV015-N18.wav,input/CLEAN/AINAV015-N18.wav
input/NOISY/AINAV015-N19.wav,input/CLEAN/AINAV015-N19.wav
input/NOISY/AINAV015-N20.wav,input/CLEAN/AINAV015-N20.wav
input/NOISY/AINAV015-N21.wav,input/CLEAN/AINAV015-N21.wav
input/NOISY/AINAV015-N22.wav,input/CLEAN/AINAV015-N22.wav
input/NOISY/AINAV015-N23.wav,input/CLEAN/AINAV015-N23.wav
input/NOISY/AINAV015-N24.wav,input/CLEAN/AINAV015-N24.wav
input/NOISY/AINAV015-N25.wav,input/CLEAN/AINAV015-N25.wav
input/NOISY/AINAV015-N26.wav,input/CLEAN/AINAV015-N26.wav
input/NOISY/AINAV015-N27.wav,input/CLEAN/AINAV015-N27.wav
input/NOISY/AINAV015-N28.wav,input/CLEAN/AINAV015-N28.wav
input/NOISY/AINAV015-N29.wav,input/CLEAN/AINAV015-N29.wav
input/NOISY/AINAV015-N30.wav,input/CLEAN/AINAV015-N30.wav
input/NOISY/AINAV015-N31.wav,input/CLEAN/AINAV015-N31.wav
input/NOISY/AINAV015-N32.wav,input/CLEAN/AINAV015-N32.wav
input/NOISY/AINAV015-N33.wav,input/CLEAN/AINAV015-N33.wav
input/NOISY/AINAV015-N34.wav,input/CLEAN/AINAV015-N34.wav
input/NOISY/AINAV015-N35.wav,input/CLEAN/AINAV015-N35.wav
input/NOISY/AINAV015-N36.wav,input/CLEAN/AINAV015-N36.wav
input/NOISY/AINAV015-N37.wav,input/CLEAN/AINAV015-N37.wav
input/NOISY/AINAV015-N38.wav,input/CLEAN/AINAV015-N38.wav
input/NOISY/AINAV015-N39.wav,input/CLEAN/AINAV015-N39.wav
input/NOISY/AINAV015-N40.wav,input/CLEAN/AINAV015-N40.wav
input/NOISY/AINAV015-N41.wav,input/CLEAN/AINAV015-N41.wav
input/NOISY/AINAV015-N42.wav,input/CLEAN/AINAV015-N42.wav
input/NOISY/AINAV015-N43.wav,input/CLEAN/AINAV015-N43.wav
input/NOISY/AINAV015-N44.wav,input/CLEAN/AINAV015-N44.wav
input/NOISY/AINAV015-N45.wav,input/CLEAN/AINAV015-N45.wav
input/NOISY/AINAV015-N46.wav,input/CLEAN/AINAV015-N46.wav
input/NOISY/AINAV015-N47.wav,input/CLEAN/AINAV015-N47.wav
input/NOISY/AINAV016-N01.wav,input/CLEAN/AINAV016-N01.wav
input/NOISY/AINAV016-N02.wav,input/CLEAN/AINAV016-N02.wav
input/NOISY/AINAV016-N03.wav,input/CLEAN/AINAV016-N03.wav
input/NOISY/AINAV016-N04.wav,input/CLEAN/AINAV016-N04.wav
input/NOISY/AINAV016-N05.wav,input/CLEAN/AINAV016-N05.wav
input/NOISY/AINAV016-N06.wav,input/CLEAN/AINAV016-N06.wav
input/NOISY/AINAV016-N07.wav,input/CLEAN/AINAV016-N07.wav
input/NOISY/AINAV016-N08.wav,input/CLEAN/AINAV016-N08.wav
input/NOISY/AINAV016-N09.wav,input/CLEAN/AINAV016-N09.wav
input/NOISY/AINAV016-N10.wav,input/CLEAN/AINAV016-N10.wav
input/NOISY/AINAV016-N11.wav,input/CLEAN/AINAV016-N11.wav
input/NOISY/AINAV016-N12.wav,input/CLEAN/AINAV016-N12.wav
input/NOISY/AINAV016-N13.wav,input/CLEAN/AINAV016-N13.wav
input/NOISY/AINAV016-N14.wav,input/CLEAN/AINAV016-N14.wav
input/NOISY/AINAV016-N15.wav,input/CLEAN/AINAV016-N15.wav
input/NOISY/AINAV016-N16.wav,input/CLEAN/AINAV016-N16.wav
input/NOISY/AINAV016-N17.wav,input/CLEAN/AINAV016-N17.wav
input/NOISY/AINAV016-N18.wav,input/CLEAN/AINAV016-N18.wav
input/NOISY/AINAV016-N19.wav,input/CLEAN/AINAV016-N19.wav
input/NOISY/AINAV016-N20.wav,input/CLEAN/AINAV016-N20.wav
input/NOISY/AINAV016-N21.wav,input/CLEAN/AINAV016-N21.wav
input/NOISY/AINAV016-N22.wav,input/CLEAN/AINAV016-N22.wav
input/NOISY/AINAV016-N23.wav,input/CLEAN/AINAV016-N23.wav
input/NOISY/AINAV016-N24.wav,input/CLEAN/AINAV016-N24.wav
input/NOISY/AINAV016-N25.wav,input/CLEAN/AINAV016-N25.wav
input/NOISY/AINAV016-N26.wav,input/CLEAN/AINAV016-N26.wav
input/NOISY/AINAV016-N27.wav,input/CLEAN/AINAV016-N27.wav
input/NOISY/AINAV016-N28.wav,input/CLEAN/AINAV016-N28.wav
input/NOISY/AINAV016-N29.wav,input/CLEAN/AINAV016-N29.wav
input/NOISY/AINAV016-N30.wav,input/CLEAN/AINAV016-N30.wav
input/NOISY/AINAV016-N31.wav,input/CLEAN/AINAV016-N31.wav
input/NOISY/AINAV016-N32.wav,input/CLEAN/AINAV016-N32.wav
input/NOISY/AINAV016-N33.wav,input/CLEAN/AINAV016-N33.wav
input/NOISY/AINAV016-N34.wav,input/CLEAN/AINAV016-N34.wav
input/NOISY/AINAV016-N35.wav,input/CLEAN/AINAV016-N35.wav
input/NOISY/AINAV016-N36.wav,input/CLEAN/AINAV016-N36.wav
input/NOISY/AINAV016-N37.wav,input/CLEAN/AINAV016-N37.wav
input/NOISY/AINAV016-N38.wav,input/CLEAN/AINAV016-N38.wav
input/NOISY/AINAV016-N39.wav,input/CLEAN/AINAV016-N39.wav
input/NOISY/AINAV016-N40.wav,input/CLEAN/AINAV016-N40.wav
input/NOISY/AINAV016-N41.wav,input/CLEAN/AINAV016-N41.wav
input/NOISY/AINAV016-N42.wav,input/CLEAN/AINAV016-N42.wav
input/NOISY/AINAV016-N43.wav,input/CLEAN/AINAV016-N43.wav
input/NOISY/AINAV016-N44.wav,input/CLEAN/AINAV016-N44.wav
input/NOISY/AINAV016-N45.wav,input/CLEAN/AINAV016-N45.wav
input/NOISY/AINAV016-N46.wav,input/CLEAN/AINAV016-N46.wav
input/NOISY/AINAV016-N47.wav,input/CLEAN/AINAV016-N47.wav
input/NOISY/AINAV017-N01.wav,input/CLEAN/AINAV017-N01.wav
input/NOISY/AINAV017-N02.wav,input/CLEAN/AINAV017-N02.wav
input/NOISY/AINAV017-N03.wav,input/CLEAN/AINAV017-N03.wav
input/NOISY/AINAV017-N04.wav,input/CLEAN/AINAV017-N04.wav
input/NOISY/AINAV017-N05.wav,input/CLEAN/AINAV017-N05.wav
input/NOISY/AINAV017-N06.wav,input/CLEAN/AINAV017-N06.wav
input/NOISY/AINAV017-N07.wav,input/CLEAN/AINAV017-N07.wav
input/NOISY/AINAV017-N08.wav,input/CLEAN/AINAV017-N08.wav
input/NOISY/AINAV017-N09.wav,input/CLEAN/AINAV017-N09.wav
input/NOISY/AINAV017-N10.wav,input/CLEAN/AINAV017-N10.wav
input/NOISY/AINAV017-N11.wav,input/CLEAN/AINAV017-N11.wav
input/NOISY/AINAV017-N12.wav,input/CLEAN/AINAV017-N12.wav
input/NOISY/AINAV017-N13.wav,input/CLEAN/AINAV017-N13.wav
input/NOISY/AINAV017-N14.wav,input/CLEAN/AINAV017-N14.wav
input/NOISY/AINAV017-N15.wav,input/CLEAN/AINAV017-N15.wav
input/NOISY/AINAV017-N16.wav,input/CLEAN/AINAV017-N16.wav
input/NOISY/AINAV017-N17.wav,input/CLEAN/AINAV017-N17.wav
input/NOISY/AINAV017-N18.wav,input/CLEAN/AINAV017-N18.wav
input/NOISY/AINAV017-N19.wav,input/CLEAN/AINAV017-N19.wav
input/NOISY/AINAV017-N20.wav,input/CLEAN/AINAV017-N20.wav
input/NOISY/AINAV017-N21.wav,input/CLEAN/AINAV017-N21.wav
input/NOISY/AINAV017-N22.wav,input/CLEAN/AINAV017-N22.wav
input/NOISY/AINAV017-N23.wav,input/CLEAN/AINAV017-N23.wav
input/NOISY/AINAV017-N24.wav,input/CLEAN/AINAV017-N24.wav
input/NOISY/AINAV017-N25.wav,input/CLEAN/AINAV017-N25.wav
input/NOISY/AINAV017-N26.wav,input/CLEAN/AINAV017-N26.wav
input/NOISY/AINAV017-N27.wav,input/CLEAN/AINAV017-N27.wav
input/NOISY/AINAV017-N28.wav,input/CLEAN/AINAV017-N28.wav
input/NOISY/AINAV017-N29.wav,input/CLEAN/AINAV017-N29.wav
input/NOISY/AINAV017-N30.wav,input/CLEAN/AINAV017-N30.wav
input/NOISY/AINAV017-N31.wav,input/CLEAN/AINAV017-N31.wav
input/NOISY/AINAV017-N32.wav,input/CLEAN/AINAV017-N32.wav
input/NOISY/AINAV017-N33.wav,input/CLEAN/AINAV017-N33.wav
input/NOISY/AINAV017-N34.wav,input/CLEAN/AINAV017-N34.wav
input/NOISY/AINAV017-N35.wav,input/CLEAN/AINAV017-N35.wav
input/NOISY/AINAV017-N36.wav,input/CLEAN/AINAV017-N36.wav
input/NOISY/AINAV017-N37.wav,input/CLEAN/AINAV017-N37.wav
input/NOISY/AINAV017-N38.wav,input/CLEAN/AINAV017-N38.wav
input/NOISY/AINAV017-N39.wav,input/CLEAN/AINAV017-N39.wav
input/NOISY/AINAV017-N40.wav,input/CLEAN/AINAV017-N40.wav
input/NOISY/AINAV017-N41.wav,input/CLEAN/AINAV017-N41.wav
input/NOISY/AINAV017-N42.wav,input/CLEAN/AINAV017-N42.wav
input/NOISY/AINAV017-N43.wav,input/CLEAN/AINAV017-N43.wav
input/NOISY/AINAV017-N44.wav,input/CLEAN/AINAV017-N44.wav
input/NOISY/AINAV017-N45.wav,input/CLEAN/AINAV017-N45.wav
input/NOISY/AINAV017-N46.wav,input/CLEAN/AINAV017-N46.wav
input/NOISY/AINAV017-N47.wav,input/CLEAN/AINAV017-N47.wav
input/NOISY/AINAV018-N01.wav,input/CLEAN/AINAV018-N01.wav
input/NOISY/AINAV018-N02.wav,input/CLEAN/AINAV018-N02.wav
input/NOISY/AINAV018-N03.wav,input/CLEAN/AINAV018-N03.wav
input/NOISY/AINAV018-N04.wav,input/CLEAN/AINAV018-N04.wav
input/NOISY/AINAV018-N05.wav,input/CLEAN/AINAV018-N05.wav
input/NOISY/AINAV018-N06.wav,input/CLEAN/AINAV018-N06.wav
input/NOISY/AINAV018-N07.wav,input/CLEAN/AINAV018-N07.wav
input/NOISY/AINAV018-N08.wav,input/CLEAN/AINAV018-N08.wav
input/NOISY/AINAV018-N09.wav,input/CLEAN/AINAV018-N09.wav
input/NOISY/AINAV018-N10.wav,input/CLEAN/AINAV018-N10.wav
input/NOISY/AINAV018-N11.wav,input/CLEAN/AINAV018-N11.wav
input/NOISY/AINAV018-N12.wav,input/CLEAN/AINAV018-N12.wav
input/NOISY/AINAV018-N13.wav,input/CLEAN/AINAV018-N13.wav
input/NOISY/AINAV018-N14.wav,input/CLEAN/AINAV018-N14.wav
input/NOISY/AINAV018-N15.wav,input/CLEAN/AINAV018-N15.wav
input/NOISY/AINAV018-N16.wav,input/CLEAN/AINAV018-N16.wav
input/NOISY/AINAV018-N17.wav,input/CLEAN/AINAV018-N17.wav
input/NOISY/AINAV018-N18.wav,input/CLEAN/AINAV018-N18.wav
input/NOISY/AINAV018-N19.wav,input/CLEAN/AINAV018-N19.wav
input/NOISY/AINAV018-N20.wav,input/CLEAN/AINAV018-N20.wav
input/NOISY/AINAV018-N21.wav,input/CLEAN/AINAV018-N21.wav
input/NOISY/AINAV018-N22.wav,input/CLEAN/AINAV018-N22.wav
input/NOISY/AINAV018-N23.wav,input/CLEAN/AINAV018-N23.wav
input/NOISY/AINAV018-N24.wav,input/CLEAN/AINAV018-N24.wav
input/NOISY/AINAV018-N25.wav,input/CLEAN/AINAV018-N25.wav
input/NOISY/AINAV018-N26.wav,input/CLEAN/AINAV018-N26.wav
input/NOISY/AINAV018-N27.wav,input/CLEAN/AINAV018-N27.wav
input/NOISY/AINAV018-N28.wav,input/CLEAN/AINAV018-N28.wav
input/NOISY/AINAV018-N29.wav,input/CLEAN/AINAV018-N29.wav
input/NOISY/AINAV018-N30.wav,input/CLEAN/AINAV018-N30.wav
input/NOISY/AINAV018-N31.wav,input/CLEAN/AINAV018-N31.wav
input/NOISY/AINAV018-N32.wav,input/CLEAN/AINAV018-N32.wav
input/NOISY/AINAV018-N33.wav,input/CLEAN/AINAV018-N33.wav
input/NOISY/AINAV018-N34.wav,input/CLEAN/AINAV018-N34.wav
input/NOISY/AINAV018-N35.wav,input/CLEAN/AINAV018-N35.wav
input/NOISY/AINAV018-N36.wav,input/CLEAN/AINAV018-N36.wav
input/NOISY/AINAV018-N37.wav,input/CLEAN/AINAV018-N37.wav
input/NOISY/AINAV018-N38.wav,input/CLEAN/AINAV018-N38.wav
input/NOISY/AINAV018-N39.wav,input/CLEAN/AINAV018-N39.wav
input/NOISY/AINAV018-N40.wav,input/CLEAN/AINAV018-N40.wav
input/NOISY/AINAV018-N41.wav,input/CLEAN/AINAV018-N41.wav
input/NOISY/AINAV018-N42.wav,input/CLEAN/AINAV018-N42.wav
input/NOISY/AINAV018-N43.wav,input/CLEAN/AINAV018-N43.wav
input/NOISY/AINAV018-N44.wav,input/CLEAN/AINAV018-N44.wav
input/NOISY/AINAV018-N45.wav,input/CLEAN/AINAV018-N45.wav
input/NOISY/AINAV018-N46.wav,input/CLEAN/AINAV018-N46.wav
input/NOISY/AINAV018-N47.wav,input/CLEAN/AINAV018-N47.wav
input/NOISY/AINAV019-N01.wav,input/CLEAN/AINAV019-N01.wav
input/NOISY/AINAV019-N02.wav,input/CLEAN/AINAV019-N02.wav
input/NOISY/AINAV019-N03.wav,input/CLEAN/AINAV019-N03.wav
input/NOISY/AINAV019-N04.wav,input/CLEAN/AINAV019-N04.wav
input/NOISY/AINAV019-N05.wav,input/CLEAN/AINAV019-N05.wav
input/NOISY/AINAV019-N06.wav,input/CLEAN/AINAV019-N06.wav
input/NOISY/AINAV019-N07.wav,input/CLEAN/AINAV019-N07.wav
input/NOISY/AINAV019-N08.wav,input/CLEAN/AINAV019-N08.wav
input/NOISY/AINAV019-N09.wav,input/CLEAN/AINAV019-N09.wav
input/NOISY/AINAV019-N10.wav,input/CLEAN/AINAV019-N10.wav
input/NOISY/AINAV019-N11.wav,input/CLEAN/AINAV019-N11.wav
input/NOISY/AINAV019-N12.wav,input/CLEAN/AINAV019-N12.wav
input/NOISY/AINAV019-N13.wav,input/CLEAN/AINAV019-N13.wav
input/NOISY/AINAV019-N14.wav,input/CLEAN/AINAV019-N14.wav
input/NOISY/AINAV019-N15.wav,input/CLEAN/AINAV019-N15.wav
input/NOISY/AINAV019-N16.wav,input/CLEAN/AINAV019-N16.wav
input/NOISY/AINAV019-N17.wav,input/CLEAN/AINAV019-N17.wav
input/NOISY/AINAV019-N18.wav,input/CLEAN/AINAV019-N18.wav
input/NOISY/AINAV019-N19.wav,input/CLEAN/AINAV019-N19.wav
input/NOISY/AINAV019-N20.wav,input/CLEAN/AINAV019-N20.wav
input/NOISY/AINAV019-N21.wav,input/CLEAN/AINAV019-N21.wav
input/NOISY/AINAV019-N22.wav,input/CLEAN/AINAV019-N22.wav
input/NOISY/AINAV019-N23.wav,input/CLEAN/AINAV019-N23.wav
input/NOISY/AINAV019-N24.wav,input/CLEAN/AINAV019-N24.wav
input/NOISY/AINAV019-N25.wav,input/CLEAN/AINAV019-N25.wav
input/NOISY/AINAV019-N26.wav,input/CLEAN/AINAV019-N26.wav
input/NOISY/AINAV019-N27.wav,input/CLEAN/AINAV019-N27.wav
input/NOISY/AINAV019-N28.wav,input/CLEAN/AINAV019-N28.wav
input/NOISY/AINAV019-N29.wav,input/CLEAN/AINAV019-N29.wav
input/NOISY/AINAV019-N30.wav,input/CLEAN/AINAV019-N30.wav
input/NOISY/AINAV019-N31.wav,input/CLEAN/AINAV019-N31.wav
input/NOISY/AINAV019-N32.wav,input/CLEAN/AINAV019-N32.wav
input/NOISY/AINAV019-N33.wav,input/CLEAN/AINAV019-N33.wav
input/NOISY/AINAV019-N34.wav,input/CLEAN/AINAV019-N34.wav
input/NOISY/AINAV019-N35.wav,input/CLEAN/AINAV019-N35.wav
input/NOISY/AINAV019-N36.wav,input/CLEAN/AINAV019-N36.wav
input/NOISY/AINAV019-N37.wav,input/CLEAN/AINAV019-N37.wav
input/NOISY/AINAV019-N38.wav,input/CLEAN/AINAV019-N38.wav
input/NOISY/AINAV019-N39.wav,input/CLEAN/AINAV019-N39.wav
input/NOISY/AINAV019-N40.wav,input/CLEAN/AINAV019-N40.wav
input/NOISY/AINAV019-N41.wav,input/CLEAN/AINAV019-N41.wav
input/NOISY/AINAV019-N42.wav,input/CLEAN/AINAV019-N42.wav
input/NOISY/AINAV019-N43.wav,input/CLEAN/AINAV019-N43.wav
input/NOISY/AINAV019-N44.wav,input/CLEAN/AINAV019-N44.wav
input/NOISY/AINAV019-N45.wav,input/CLEAN/AINAV019-N45.wav
input/NOISY/AINAV019-N46.wav,input/CLEAN/AINAV019-N46.wav
input/NOISY/AINAV019-N47.wav,input/CLEAN/AINAV019-N47.wav
input/NOISY/AINAV020-N01.wav,input/CLEAN/AINAV020-N01.wav
input/NOISY/AINAV020-N02.wav,input/CLEAN/AINAV020-N02.wav
input/NOISY/AINAV020-N03.wav,input/CLEAN/AINAV020-N03.wav
input/NOISY/AINAV020-N04.wav,input/CLEAN/AINAV020-N04.wav
input/NOISY/AINAV020-N05.wav,input/CLEAN/AINAV020-N05.wav
input/NOISY/AINAV020-N06.wav,input/CLEAN/AINAV020-N06.wav
input/NOISY/AINAV020-N07.wav,input/CLEAN/AINAV020-N07.wav
input/NOISY/AINAV020-N08.wav,input/CLEAN/AINAV020-N08.wav
input/NOISY/AINAV020-N09.wav,input/CLEAN/AINAV020-N09.wav
input/NOISY/AINAV020-N10.wav,input/CLEAN/AINAV020-N10.wav
input/NOISY/AINAV020-N11.wav,input/CLEAN/AINAV020-N11.wav
input/NOISY/AINAV020-N12.wav,input/CLEAN/AINAV020-N12.wav
input/NOISY/AINAV020-N13.wav,input/CLEAN/AINAV020-N13.wav
input/NOISY/AINAV020-N14.wav,input/CLEAN/AINAV020-N14.wav
input/NOISY/AINAV020-N15.wav,input/CLEAN/AINAV020-N15.wav
input/NOISY/AINAV020-N16.wav,input/CLEAN/AINAV020-N16.wav
input/NOISY/AINAV020-N17.wav,input/CLEAN/AINAV020-N17.wav
input/NOISY/AINAV020-N18.wav,input/CLEAN/AINAV020-N18.wav
input/NOISY/AINAV020-N19.wav,input/CLEAN/AINAV020-N19.wav
input/NOISY/AINAV020-N20.wav,input/CLEAN/AINAV020-N20.wav
input/NOISY/AINAV020-N21.wav,input/CLEAN/AINAV020-N21.wav
input/NOISY/AINAV020-N22.wav,input/CLEAN/AINAV020-N22.wav
input/NOISY/AINAV020-N23.wav,input/CLEAN/AINAV020-N23.wav
input/NOISY/AINAV020-N24.wav,input/CLEAN/AINAV020-N24.wav
input/NOISY/AINAV020-N25.wav,input/CLEAN/AINAV020-N25.wav
input/NOISY/AINAV020-N26.wav,input/CLEAN/AINAV020-N26.wav
input/NOISY/AINAV020-N27.wav,input/CLEAN/AINAV020-N27.wav
input/NOISY/AINAV020-N28.wav,input/CLEAN/AINAV020-N28.wav
input/NOISY/AINAV020-N29.wav,input/CLEAN/AINAV020-N29.wav
input/NOISY/AINAV020-N30.wav,input/CLEAN/AINAV020-N30.wav
input/NOISY/AINAV020-N31.wav,input/CLEAN/AINAV020-N31.wav
input/NOISY/AINAV020-N32.wav,input/CLEAN/AINAV020-N32.wav
input/NOISY/AINAV020-N33.wav,input/CLEAN/AINAV020-N33.wav
input/NOISY/AINAV020-N34.wav,input/CLEAN/AINAV020-N34.wav
input/NOISY/AINAV020-N35.wav,input/CLEAN/AINAV020-N35.wav
input/NOISY/AINAV020-N36.wav,input/CLEAN/AINAV020-N36.wav
input/NOISY/AINAV020-N37.wav,input/CLEAN/AINAV020-N37.wav
input/NOISY/AINAV020-N38.wav,input/CLEAN/AINAV020-N38.wav
input/NOISY/AINAV020-N39.wav,input/CLEAN/AINAV020-N39.wav
input/NOISY/AINAV020-N40.wav,input/CLEAN/AINAV020-N40.wav
input/NOISY/AINAV020-N41.wav,input/CLEAN/AINAV020-N41.wav
input/NOISY/AINAV020-N42.wav,input/CLEAN/AINAV020-N42.wav
input/NOISY/AINAV020-N43.wav,input/CLEAN/AINAV020-N43.wav
input/NOISY/AINAV020-N44.wav,input/CLEAN/AINAV020-N44.wav
input/NOISY/AINAV020-N45.wav,input/CLEAN/AINAV020-N45.wav
input/NOISY/AINAV020-N46.wav,input/CLEAN/AINAV020-N46.wav
input/NOISY/AINAV020-N47.wav,input/CLEAN/AINAV020-N47.wav
input/NOISY/RLBDV003-N01.wav,input/CLEAN/RLBDV003-N01.wav
input/NOISY/RLBDV003-N02.wav,input/CLEAN/RLBDV003-N02.wav
input/NOISY/RLBDV003-N03.wav,input/CLEAN/RLBDV003-N03.wav
input/NOISY/RLBDV003-N04.wav,input/CLEAN/RLBDV003-N04.wav
input/NOISY/RLBDV003-N05.wav,input/CLEAN/RLBDV003-N05.wav
input/NOISY/RLBDV003-N06.wav,input/CLEAN/RLBDV003-N06.wav
input/NOISY/RLBDV003-N07.wav,input/CLEAN/RLBDV003-N07.wav
input/NOISY/RLBDV003-N08.wav,input/CLEAN/RLBDV003-N08.wav
input/NOISY/RLBDV003-N09.wav,input/CLEAN/RLBDV003-N09.wav
input/NOISY/RLBDV003-N10.wav,input/CLEAN/RLBDV003-N10.wav
input/NOISY/RLBDV003-N11.wav,input/CLEAN/RLBDV003-N11.wav
input/NOISY/RLBDV003-N12.wav,input/CLEAN/RLBDV003-N12.wav
input/NOISY/RLBDV003-N13.wav,input/CLEAN/RLBDV003-N13.wav
input/NOISY/RLBDV003-N14.wav,input/CLEAN/RLBDV003-N14.wav
input/NOISY/RLBDV003-N15.wav,input/CLEAN/RLBDV003-N15.wav
input/NOISY/RLBDV003-N16.wav,input/CLEAN/RLBDV003-N16.wav
input/NOISY/RLBDV003-N17.wav,input/CLEAN/RLBDV003-N17.wav
input/NOISY/RLBDV003-N18.wav,input/CLEAN/RLBDV003-N18.wav
input/NOISY/RLBDV003-N19.wav,input/CLEAN/RLBDV003-N19.wav
input/NOISY/RLBDV003-N20.wav,input/CLEAN/RLBDV003-N20.wav
input/NOISY/RLBDV003-N21.wav,input/CLEAN/RLBDV003-N21.wav
input/NOISY/RLBDV003-N22.wav,input/CLEAN/RLBDV003-N22.wav
input/NOISY/RLBDV003-N23.wav,input/CLEAN/RLBDV003-N23.wav
input/NOISY/RLBDV003-N24.wav,input/CLEAN/RLBDV003-N24.wav
input/NOISY/RLBDV003-N25.wav,input/CLEAN/RLBDV003-N25.wav
input/NOISY/RLBDV003-N26.wav,input/CLEAN/RLBDV003-N26.wav
input/NOISY/RLBDV003-N27.wav,input/CLEAN/RLBDV003-N27.wav
input/NOISY/RLBDV003-N28.wav,input/CLEAN/RLBDV003-N28.wav
input/NOISY/RLBDV003-N29.wav,input/CLEAN/RLBDV003-N29.wav
input/NOISY/RLBDV003-N30.wav,input/CLEAN/RLBDV003-N30.wav
input/NOISY/RLBDV003-N31.wav,input/CLEAN/RLBDV003-N31.wav
input/NOISY/RLBDV003-N32.wav,input/CLEAN/RLBDV003-N32.wav
input/NOISY/RLBDV003-N33.wav,input/CLEAN/RLBDV003-N33.wav
input/NOISY/RLBDV003-N34.wav,input/CLEAN/RLBDV003-N34.wav
input/NOISY/RLBDV003-N35.wav,input/CLEAN/RLBDV003-N35.wav
input/NOISY/RLBDV003-N36.wav,input/CLEAN/RLBDV003-N36.wav
input/NOISY/RLBDV003-N37.wav,input/CLEAN/RLBDV003-N37.wav
input/NOISY/RLBDV003-N38.wav,input/CLEAN/RLBDV003-N38.wav
input/NOISY/RLBDV003-N39.wav,input/CLEAN/RLBDV003-N39.wav
input/NOISY/RLBDV003-N40.wav,input/CLEAN/RLBDV003-N40.wav
input/NOISY/RLBDV003-N41.wav,input/CLEAN/RLBDV003-N41.wav
input/NOISY/RLBDV003-N42.wav,input/CLEAN/RLBDV003-N42.wav
input/NOISY/RLBDV003-N43.wav,input/CLEAN/RLBDV003-N43.wav
input/NOISY/RLBDV003-N44.wav,input/CLEAN/RLBDV003-N44.wav
input/NOISY/RLBDV003-N45.wav,input/CLEAN/RLBDV003-N45.wav
input/NOISY/RLBDV003-N46.wav,input/CLEAN/RLBDV003-N46.wav
input/NOISY/RLBDV003-N47.wav,input/CLEAN/RLBDV003-N47.wav
input/NOISY/RLBDV004-N01.wav,input/CLEAN/RLBDV004-N01.wav
input/NOISY/RLBDV004-N02.wav,input/CLEAN/RLBDV004-N02.wav
input/NOISY/RLBDV004-N03.wav,input/CLEAN/RLBDV004-N03.wav
input/NOISY/RLBDV004-N04.wav,input/CLEAN/RLBDV004-N04.wav
input/NOISY/RLBDV004-N05.wav,input/CLEAN/RLBDV004-N05.wav
input/NOISY/RLBDV004-N06.wav,input/CLEAN/RLBDV004-N06.wav
input/NOISY/RLBDV004-N07.wav,input/CLEAN/RLBDV004-N07.wav
input/NOISY/RLBDV004-N08.wav,input/CLEAN/RLBDV004-N08.wav
input/NOISY/RLBDV004-N09.wav,input/CLEAN/RLBDV004-N09.wav
input/NOISY/RLBDV004-N10.wav,input/CLEAN/RLBDV004-N10.wav
input/NOISY/RLBDV004-N11.wav,input/CLEAN/RLBDV004-N11.wav
input/NOISY/RLBDV004-N12.wav,input/CLEAN/RLBDV004-N12.wav
input/NOISY/RLBDV004-N13.wav,input/CLEAN/RLBDV004-N13.wav
input/NOISY/RLBDV004-N14.wav,input/CLEAN/RLBDV004-N14.wav
input/NOISY/RLBDV004-N15.wav,input/CLEAN/RLBDV004-N15.wav
input/NOISY/RLBDV004-N16.wav,input/CLEAN/RLBDV004-N16.wav
input/NOISY/RLBDV004-N17.wav,input/CLEAN/RLBDV004-N17.wav
input/NOISY/RLBDV004-N18.wav,input/CLEAN/RLBDV004-N18.wav
input/NOISY/RLBDV004-N19.wav,input/CLEAN/RLBDV004-N19.wav
input/NOISY/RLBDV004-N20.wav,input/CLEAN/RLBDV004-N20.wav
input/NOISY/RLBDV004-N21.wav,input/CLEAN/RLBDV004-N21.wav
input/NOISY/RLBDV004-N22.wav,input/CLEAN/RLBDV004-N22.wav
input/NOISY/RLBDV004-N23.wav,input/CLEAN/RLBDV004-N23.wav
input/NOISY/RLBDV004-N24.wav,input/CLEAN/RLBDV004-N24.wav
input/NOISY/RLBDV004-N25.wav,input/CLEAN/RLBDV004-N25.wav
input/NOISY/RLBDV004-N26.wav,input/CLEAN/RLBDV004-N26.wav
input/NOISY/RLBDV004-N27.wav,input/CLEAN/RLBDV004-N27.wav
input/NOISY/RLBDV004-N28.wav,input/CLEAN/RLBDV004-N28.wav
input/NOISY/RLBDV004-N29.wav,input/CLEAN/RLBDV004-N29.wav
input/NOISY/RLBDV004-N30.wav,input/CLEAN/RLBDV004-N30.wav
input/NOISY/RLBDV004-N31.wav,input/CLEAN/RLBDV004-N31.wav
input/NOISY/RLBDV004-N32.wav,input/CLEAN/RLBDV004-N32.wav
input/NOISY/RLBDV004-N33.wav,input/CLEAN/RLBDV004-N33.wav
input/NOISY/RLBDV004-N34.wav,input/CLEAN/RLBDV004-N34.wav
input/NOISY/RLBDV004-N35.wav,input/CLEAN/RLBDV004-N35.wav
input/NOISY/RLBDV004-N36.wav,input/CLEAN/RLBDV004-N36.wav
input/NOISY/RLBDV004-N37.wav,input/CLEAN/RLBDV004-N37.wav
input/NOISY/RLBDV004-N38.wav,input/CLEAN/RLBDV004-N38.wav
input/NOISY/RLBDV004-N39.wav,input/CLEAN/RLBDV004-N39.wav
input/NOISY/RLBDV004-N40.wav,input/CLEAN/RLBDV004-N40.wav
input/NOISY/RLBDV004-N41.wav,input/CLEAN/RLBDV004-N41.wav
input/NOISY/RLBDV004-N42.wav,input/CLEAN/RLBDV004-N42.wav
input/NOISY/RLBDV004-N43.wav,input/CLEAN/RLBDV004-N43.wav
input/NOISY/RLBDV004-N44.wav,input/CLEAN/RLBDV004-N44.wav
input/NOISY/RLBDV004-N45.wav,input/CLEAN/RLBDV004-N45.wav
input/NOISY/RLBDV004-N46.wav,input/CLEAN/RLBDV004-N46.wav
input/NOISY/RLBDV004-N47.wav,input/CLEAN/RLBDV004-N47.wav
input/NOISY/RLBDV005-N01.wav,input/CLEAN/RLBDV005-N01.wav
input/NOISY/RLBDV005-N02.wav,input/CLEAN/RLBDV005-N02.wav
input/NOISY/RLBDV005-N03.wav,input/CLEAN/RLBDV005-N03.wav
input/NOISY/RLBDV005-N04.wav,input/CLEAN/RLBDV005-N04.wav
input/NOISY/RLBDV005-N05.wav,input/CLEAN/RLBDV005-N05.wav
input/NOISY/RLBDV005-N06.wav,input/CLEAN/RLBDV005-N06.wav
input/NOISY/RLBDV005-N07.wav,input/CLEAN/RLBDV005-N07.wav
input/NOISY/RLBDV005-N08.wav,input/CLEAN/RLBDV005-N08.wav
input/NOISY/RLBDV005-N09.wav,input/CLEAN/RLBDV005-N09.wav
input/NOISY/RLBDV005-N10.wav,input/CLEAN/RLBDV005-N10.wav
input/NOISY/RLBDV005-N11.wav,input/CLEAN/RLBDV005-N11.wav
input/NOISY/RLBDV005-N12.wav,input/CLEAN/RLBDV005-N12.wav
input/NOISY/RLBDV005-N13.wav,input/CLEAN/RLBDV005-N13.wav
input/NOISY/RLBDV005-N14.wav,input/CLEAN/RLBDV005-N14.wav
input/NOISY/RLBDV005-N15.wav,input/CLEAN/RLBDV005-N15.wav
input/NOISY/RLBDV005-N16.wav,input/CLEAN/RLBDV005-N16.wav
input/NOISY/RLBDV005-N17.wav,input/CLEAN/RLBDV005-N17.wav
input/NOISY/RLBDV005-N18.wav,input/CLEAN/RLBDV005-N18.wav
input/NOISY/RLBDV005-N19.wav,input/CLEAN/RLBDV005-N19.wav
input/NOISY/RLBDV005-N20.wav,input/CLEAN/RLBDV005-N20.wav
input/NOISY/RLBDV005-N21.wav,input/CLEAN/RLBDV005-N21.wav
input/NOISY/RLBDV005-N22.wav,input/CLEAN/RLBDV005-N22.wav
input/NOISY/RLBDV005-N23.wav,input/CLEAN/RLBDV005-N23.wav
input/NOISY/RLBDV005-N24.wav,input/CLEAN/RLBDV005-N24.wav
input/NOISY/RLBDV005-N25.wav,input/CLEAN/RLBDV005-N25.wav
input/NOISY/RLBDV005-N26.wav,input/CLEAN/RLBDV005-N26.wav
input/NOISY/RLBDV005-N27.wav,input/CLEAN/RLBDV005-N27.wav
input/NOISY/RLBDV005-N28.wav,input/CLEAN/RLBDV005-N28.wav
input/NOISY/RLBDV005-N29.wav,input/CLEAN/RLBDV005-N29.wav
input/NOISY/RLBDV005-N30.wav,input/CLEAN/RLBDV005-N30.wav
input/NOISY/RLBDV005-N31.wav,input/CLEAN/RLBDV005-N31.wav
input/NOISY/RLBDV005-N32.wav,input/CLEAN/RLBDV005-N32.wav
input/NOISY/RLBDV005-N33.wav,input/CLEAN/RLBDV005-N33.wav
input/NOISY/RLBDV005-N34.wav,input/CLEAN/RLBDV005-N34.wav
input/NOISY/RLBDV005-N35.wav,input/CLEAN/RLBDV005-N35.wav
input/NOISY/RLBDV005-N36.wav,input/CLEAN/RLBDV005-N36.wav
input/NOISY/RLBDV005-N37.wav,input/CLEAN/RLBDV005-N37.wav
input/NOISY/RLBDV005-N38.wav,input/CLEAN/RLBDV005-N38.wav
input/NOISY/RLBDV005-N39.wav,input/CLEAN/RLBDV005-N39.wav
input/NOISY/RLBDV005-N40.wav,input/CLEAN/RLBDV005-N40.wav
input/NOISY/RLBDV005-N41.wav,input/CLEAN/RLBDV005-N41.wav
input/NOISY/RLBDV005-N42.wav,input/CLEAN/RLBDV005-N42.wav
input/NOISY/RLBDV005-N43.wav,input/CLEAN/RLBDV005-N43.wav
input/NOISY/RLBDV005-N44.wav,input/CLEAN/RLBDV005-N44.wav
input/NOISY/RLBDV005-N45.wav,input/CLEAN/RLBDV005-N45.wav
input/NOISY/RLBDV005-N46.wav,input/CLEAN/RLBDV005-N46.wav
input/NOISY/RLBDV005-N47.wav,input/CLEAN/RLBDV005-N47.wav
input/NOISY/RLBDV006-N01.wav,input/CLEAN/RLBDV006-N01.wav
input/NOISY/RLBDV006-N02.wav,input/CLEAN/RLBDV006-N02.wav
input/NOISY/RLBDV006-N03.wav,input/CLEAN/RLBDV006-N03.wav
input/NOISY/RLBDV006-N04.wav,input/CLEAN/RLBDV006-N04.wav
input/NOISY/RLBDV006-N05.wav,input/CLEAN/RLBDV006-N05.wav
input/NOISY/RLBDV006-N06.wav,input/CLEAN/RLBDV006-N06.wav
input/NOISY/RLBDV006-N07.wav,input/CLEAN/RLBDV006-N07.wav
input/NOISY/RLBDV006-N08.wav,input/CLEAN/RLBDV006-N08.wav
input/NOISY/RLBDV006-N09.wav,input/CLEAN/RLBDV006-N09.wav
input/NOISY/RLBDV006-N10.wav,input/CLEAN/RLBDV006-N10.wav
input/NOISY/RLBDV006-N11.wav,input/CLEAN/RLBDV006-N11.wav
input/NOISY/RLBDV006-N12.wav,input/CLEAN/RLBDV006-N12.wav
input/NOISY/RLBDV006-N13.wav,input/CLEAN/RLBDV006-N13.wav
input/NOISY/RLBDV006-N14.wav,input/CLEAN/RLBDV006-N14.wav
input/NOISY/RLBDV006-N15.wav,input/CLEAN/RLBDV006-N15.wav
input/NOISY/RLBDV006-N16.wav,input/CLEAN/RLBDV006-N16.wav
input/NOISY/RLBDV006-N17.wav,input/CLEAN/RLBDV006-N17.wav
input/NOISY/RLBDV006-N18.wav,input/CLEAN/RLBDV006-N18.wav
input/NOISY/RLBDV006-N19.wav,input/CLEAN/RLBDV006-N19.wav
input/NOISY/RLBDV006-N20.wav,input/CLEAN/RLBDV006-N20.wav
input/NOISY/RLBDV006-N21.wav,input/CLEAN/RLBDV006-N21.wav
input/NOISY/RLBDV006-N22.wav,input/CLEAN/RLBDV006-N22.wav
input/NOISY/RLBDV006-N23.wav,input/CLEAN/RLBDV006-N23.wav
input/NOISY/RLBDV006-N24.wav,input/CLEAN/RLBDV006-N24.wav
input/NOISY/RLBDV006-N25.wav,input/CLEAN/RLBDV006-N25.wav
input/NOISY/RLBDV006-N26.wav,input/CLEAN/RLBDV006-N26.wav
input/NOISY/RLBDV006-N27.wav,input/CLEAN/RLBDV006-N27.wav
input/NOISY/RLBDV006-N28.wav,input/CLEAN/RLBDV006-N28.wav
input/NOISY/RLBDV006-N29.wav,input/CLEAN/RLBDV006-N29.wav
input/NOISY/RLBDV006-N30.wav,input/CLEAN/RLBDV006-N30.wav
input/NOISY/RLBDV006-N31.wav,input/CLEAN/RLBDV006-N31.wav
input/NOISY/RLBDV006-N32.wav,input/CLEAN/RLBDV006-N32.wav
input/NOISY/RLBDV006-N33.wav,input/CLEAN/RLBDV006-N33.wav
input/NOISY/RLBDV006-N34.wav,input/CLEAN/RLBDV006-N34.wav
input/NOISY/RLBDV006-N35.wav,input/CLEAN/RLBDV006-N35.wav
input/NOISY/RLBDV006-N36.wav,input/CLEAN/RLBDV006-N36.wav
input/NOISY/RLBDV006-N37.wav,input/CLEAN/RLBDV006-N37.wav
input/NOISY/RLBDV006-N38.wav,input/CLEAN/RLBDV006-N38.wav
input/NOISY/RLBDV006-N39.wav,input/CLEAN/RLBDV006-N39.wav
input/NOISY/RLBDV006-N40.wav,input/CLEAN/RLBDV006-N40.wav
input/NOISY/RLBDV006-N41.wav,input/CLEAN/RLBDV006-N41.wav
input/NOISY/RLBDV006-N42.wav,input/CLEAN/RLBDV006-N42.wav
input/NOISY/RLBDV006-N43.wav,input/CLEAN/RLBDV006-N43.wav
input/NOISY/RLBDV006-N44.wav,input/CLEAN/RLBDV006-N44.wav
input/NOISY/RLBDV006-N45.wav,input/CLEAN/RLBDV006-N45.wav
input/NOISY/RLBDV006-N46.wav,input/CLEAN/RLBDV006-N46.wav
input/NOISY/RLBDV006-N47.wav,input/CLEAN/RLBDV006-N47.wav
input/NOISY/RLBDV007-N01.wav,input/CLEAN/RLBDV007-N01.wav
input/NOISY/RLBDV007-N02.wav,input/CLEAN/RLBDV007-N02.wav
input/NOISY/RLBDV007-N03.wav,input/CLEAN/RLBDV007-N03.wav
input/NOISY/RLBDV007-N04.wav,input/CLEAN/RLBDV007-N04.wav
input/NOISY/RLBDV007-N05.wav,input/CLEAN/RLBDV007-N05.wav
input/NOISY/RLBDV007-N06.wav,input/CLEAN/RLBDV007-N06.wav
input/NOISY/RLBDV007-N07.wav,input/CLEAN/RLBDV007-N07.wav
input/NOISY/RLBDV007-N08.wav,input/CLEAN/RLBDV007-N08.wav
input/NOISY/RLBDV007-N09.wav,input/CLEAN/RLBDV007-N09.wav
input/NOISY/RLBDV007-N10.wav,input/CLEAN/RLBDV007-N10.wav
input/NOISY/RLBDV007-N11.wav,input/CLEAN/RLBDV007-N11.wav
input/NOISY/RLBDV007-N12.wav,input/CLEAN/RLBDV007-N12.wav
input/NOISY/RLBDV007-N13.wav,input/CLEAN/RLBDV007-N13.wav
input/NOISY/RLBDV007-N14.wav,input/CLEAN/RLBDV007-N14.wav
input/NOISY/RLBDV007-N15.wav,input/CLEAN/RLBDV007-N15.wav
input/NOISY/RLBDV007-N16.wav,input/CLEAN/RLBDV007-N16.wav
input/NOISY/RLBDV007-N17.wav,input/CLEAN/RLBDV007-N17.wav
input/NOISY/RLBDV007-N18.wav,input/CLEAN/RLBDV007-N18.wav
input/NOISY/RLBDV007-N19.wav,input/CLEAN/RLBDV007-N19.wav
input/NOISY/RLBDV007-N20.wav,input/CLEAN/RLBDV007-N20.wav
input/NOISY/RLBDV007-N21.wav,input/CLEAN/RLBDV007-N21.wav
input/NOISY/RLBDV007-N22.wav,input/CLEAN/RLBDV007-N22.wav
input/NOISY/RLBDV007-N23.wav,input/CLEAN/RLBDV007-N23.wav
input/NOISY/RLBDV007-N24.wav,input/CLEAN/RLBDV007-N24.wav
input/NOISY/RLBDV007-N25.wav,input/CLEAN/RLBDV007-N25.wav
input/NOISY/RLBDV007-N26.wav,input/CLEAN/RLBDV007-N26.wav
input/NOISY/RLBDV007-N27.wav,input/CLEAN/RLBDV007-N27.wav
input/NOISY/RLBDV007-N28.wav,input/CLEAN/RLBDV007-N28.wav
input/NOISY/RLBDV007-N29.wav,input/CLEAN/RLBDV007-N29.wav
input/NOISY/RLBDV007-N30.wav,input/CLEAN/RLBDV007-N30.wav
input/NOISY/RLBDV007-N31.wav,input/CLEAN/RLBDV007-N31.wav
input/NOISY/RLBDV007-N32.wav,input/CLEAN/RLBDV007-N32.wav
input/NOISY/RLBDV007-N33.wav,input/CLEAN/RLBDV007-N33.wav
input/NOISY/RLBDV007-N34.wav,input/CLEAN/RLBDV007-N34.wav
input/NOISY/RLBDV007-N35.wav,input/CLEAN/RLBDV007-N35.wav
input/NOISY/RLBDV007-N36.wav,input/CLEAN/RLBDV007-N36.wav
input/NOISY/RLBDV007-N37.wav,input/CLEAN/RLBDV007-N37.wav
input/NOISY/RLBDV007-N38.wav,input/CLEAN/RLBDV007-N38.wav
input/NOISY/RLBDV007-N39.wav,input/CLEAN/RLBDV007-N39.wav
input/NOISY/RLBDV007-N40.wav,input/CLEAN/RLBDV007-N40.wav
input/NOISY/RLBDV007-N41.wav,input/CLEAN/RLBDV007-N41.wav
input/NOISY/RLBDV007-N42.wav,input/CLEAN/RLBDV007-N42.wav
input/NOISY/RLBDV007-N43.wav,input/CLEAN/RLBDV007-N43.wav
input/NOISY/RLBDV007-N44.wav,input/CLEAN/RLBDV007-N44.wav
input/NOISY/RLBDV007-N45.wav,input/CLEAN/RLBDV007-N45.wav
input/NOISY/RLBDV007-N46.wav,input/CLEAN/RLBDV007-N46.wav
input/NOISY/RLBDV007-N47.wav,input/CLEAN/RLBDV007-N47.wav
input/NOISY/RLBDV008-N01.wav,input/CLEAN/RLBDV008-N01.wav
input/NOISY/RLBDV008-N02.wav,input/CLEAN/RLBDV008-N02.wav
input/NOISY/RLBDV008-N03.wav,input/CLEAN/RLBDV008-N03.wav
input/NOISY/RLBDV008-N04.wav,input/CLEAN/RLBDV008-N04.wav
input/NOISY/RLBDV008-N05.wav,input/CLEAN/RLBDV008-N05.wav
input/NOISY/RLBDV008-N06.wav,input/CLEAN/RLBDV008-N06.wav
input/NOISY/RLBDV008-N07.wav,input/CLEAN/RLBDV008-N07.wav
input/NOISY/RLBDV008-N08.wav,input/CLEAN/RLBDV008-N08.wav
input/NOISY/RLBDV008-N09.wav,input/CLEAN/RLBDV008-N09.wav
input/NOISY/RLBDV008-N10.wav,input/CLEAN/RLBDV008-N10.wav
input/NOISY/RLBDV008-N11.wav,input/CLEAN/RLBDV008-N11.wav
input/NOISY/RLBDV008-N12.wav,input/CLEAN/RLBDV008-N12.wav
input/NOISY/RLBDV008-N13.wav,input/CLEAN/RLBDV008-N13.wav
input/NOISY/RLBDV008-N14.wav,input/CLEAN/RLBDV008-N14.wav
input/NOISY/RLBDV008-N15.wav,input/CLEAN/RLBDV008-N15.wav
input/NOISY/RLBDV008-N16.wav,input/CLEAN/RLBDV008-N16.wav
input/NOISY/RLBDV008-N17.wav,input/CLEAN/RLBDV008-N17.wav
input/NOISY/RLBDV008-N18.wav,input/CLEAN/RLBDV008-N18.wav
input/NOISY/RLBDV008-N19.wav,input/CLEAN/RLBDV008-N19.wav
input/NOISY/RLBDV008-N20.wav,input/CLEAN/RLBDV008-N20.wav
input/NOISY/RLBDV008-N21.wav,input/CLEAN/RLBDV008-N21.wav
input/NOISY/RLBDV008-N22.wav,input/CLEAN/RLBDV008-N22.wav
input/NOISY/RLBDV008-N23.wav,input/CLEAN/RLBDV008-N23.wav
input/NOISY/RLBDV008-N24.wav,input/CLEAN/RLBDV008-N24.wav
input/NOISY/RLBDV008-N25.wav,input/CLEAN/RLBDV008-N25.wav
input/NOISY/RLBDV008-N26.wav,input/CLEAN/RLBDV008-N26.wav
input/NOISY/RLBDV008-N27.wav,input/CLEAN/RLBDV008-N27.wav
input/NOISY/RLBDV008-N28.wav,input/CLEAN/RLBDV008-N28.wav
input/NOISY/RLBDV008-N29.wav,input/CLEAN/RLBDV008-N29.wav
input/NOISY/RLBDV008-N30.wav,input/CLEAN/RLBDV008-N30.wav
input/NOISY/RLBDV008-N31.wav,input/CLEAN/RLBDV008-N31.wav
input/NOISY/RLBDV008-N32.wav,input/CLEAN/RLBDV008-N32.wav
input/NOISY/RLBDV008-N33.wav,input/CLEAN/RLBDV008-N33.wav
input/NOISY/RLBDV008-N34.wav,input/CLEAN/RLBDV008-N34.wav
input/NOISY/RLBDV008-N35.wav,input/CLEAN/RLBDV008-N35.wav
input/NOISY/RLBDV008-N36.wav,input/CLEAN/RLBDV008-N36.wav
input/NOISY/RLBDV008-N37.wav,input/CLEAN/RLBDV008-N37.wav
input/NOISY/RLBDV008-N38.wav,input/CLEAN/RLBDV008-N38.wav
input/NOISY/RLBDV008-N39.wav,input/CLEAN/RLBDV008-N39.wav
input/NOISY/RLBDV008-N40.wav,input/CLEAN/RLBDV008-N40.wav
input/NOISY/RLBDV008-N41.wav,input/CLEAN/RLBDV008-N41.wav
input/NOISY/RLBDV008-N42.wav,input/CLEAN/RLBDV008-N42.wav
input/NOISY/RLBDV008-N43.wav,input/CLEAN/RLBDV008-N43.wav
input/NOISY/RLBDV008-N44.wav,input/CLEAN/RLBDV008-N44.wav
input/NOISY/RLBDV008-N45.wav,input/CLEAN/RLBDV008-N45.wav
input/NOISY/RLBDV008-N46.wav,input/CLEAN/RLBDV008-N46.wav
input/NOISY/RLBDV008-N47.wav,input/CLEAN/RLBDV008-N47.wav
input/NOISY/RLBDV009-N01.wav,input/CLEAN/RLBDV009-N01.wav
input/NOISY/RLBDV009-N02.wav,input/CLEAN/RLBDV009-N02.wav
input/NOISY/RLBDV009-N03.wav,input/CLEAN/RLBDV009-N03.wav
input/NOISY/RLBDV009-N04.wav,input/CLEAN/RLBDV009-N04.wav
input/NOISY/RLBDV009-N05.wav,input/CLEAN/RLBDV009-N05.wav
input/NOISY/RLBDV009-N06.wav,input/CLEAN/RLBDV009-N06.wav
input/NOISY/RLBDV009-N07.wav,input/CLEAN/RLBDV009-N07.wav
input/NOISY/RLBDV009-N08.wav,input/CLEAN/RLBDV009-N08.wav
input/NOISY/RLBDV009-N09.wav,input/CLEAN/RLBDV009-N09.wav
input/NOISY/RLBDV009-N10.wav,input/CLEAN/RLBDV009-N10.wav
input/NOISY/RLBDV009-N11.wav,input/CLEAN/RLBDV009-N11.wav
input/NOISY/RLBDV009-N12.wav,input/CLEAN/RLBDV009-N12.wav
input/NOISY/RLBDV009-N13.wav,input/CLEAN/RLBDV009-N13.wav
input/NOISY/RLBDV009-N14.wav,input/CLEAN/RLBDV009-N14.wav
input/NOISY/RLBDV009-N15.wav,input/CLEAN/RLBDV009-N15.wav
input/NOISY/RLBDV009-N16.wav,input/CLEAN/RLBDV009-N16.wav
input/NOISY/RLBDV009-N17.wav,input/CLEAN/RLBDV009-N17.wav
input/NOISY/RLBDV009-N18.wav,input/CLEAN/RLBDV009-N18.wav
input/NOISY/RLBDV009-N19.wav,input/CLEAN/RLBDV009-N19.wav
input/NOISY/RLBDV009-N20.wav,input/CLEAN/RLBDV009-N20.wav
input/NOISY/RLBDV009-N21.wav,input/CLEAN/RLBDV009-N21.wav
input/NOISY/RLBDV009-N22.wav,input/CLEAN/RLBDV009-N22.wav
input/NOISY/RLBDV009-N23.wav,input/CLEAN/RLBDV009-N23.wav
input/NOISY/RLBDV009-N24.wav,input/CLEAN/RLBDV009-N24.wav
input/NOISY/RLBDV009-N25.wav,input/CLEAN/RLBDV009-N25.wav
input/NOISY/RLBDV009-N26.wav,input/CLEAN/RLBDV009-N26.wav
input/NOISY/RLBDV009-N27.wav,input/CLEAN/RLBDV009-N27.wav
input/NOISY/RLBDV009-N28.wav,input/CLEAN/RLBDV009-N28.wav
input/NOISY/RLBDV009-N29.wav,input/CLEAN/RLBDV009-N29.wav
input/NOISY/RLBDV009-N30.wav,input/CLEAN/RLBDV009-N30.wav
input/NOISY/RLBDV009-N31.wav,input/CLEAN/RLBDV009-N31.wav
input/NOISY/RLBDV009-N32.wav,input/CLEAN/RLBDV009-N32.wav
input/NOISY/RLBDV009-N33.wav,input/CLEAN/RLBDV009-N33.wav
input/NOISY/RLBDV009-N34.wav,input/CLEAN/RLBDV009-N34.wav
input/NOISY/RLBDV009-N35.wav,input/CLEAN/RLBDV009-N35.wav
input/NOISY/RLBDV009-N36.wav,input/CLEAN/RLBDV009-N36.wav
input/NOISY/RLBDV009-N37.wav,input/CLEAN/RLBDV009-N37.wav
input/NOISY/RLBDV009-N38.wav,input/CLEAN/RLBDV009-N38.wav
input/NOISY/RLBDV009-N39.wav,input/CLEAN/RLBDV009-N39.wav
input/NOISY/RLBDV009-N40.wav,input/CLEAN/RLBDV009-N40.wav
input/NOISY/RLBDV009-N41.wav,input/CLEAN/RLBDV009-N41.wav
input/NOISY/RLBDV009-N42.wav,input/CLEAN/RLBDV009-N42.wav
input/NOISY/RLBDV009-N43.wav,input/CLEAN/RLBDV009-N43.wav
input/NOISY/RLBDV009-N44.wav,input/CLEAN/RLBDV009-N44.wav
input/NOISY/RLBDV009-N45.wav,input/CLEAN/RLBDV009-N45.wav
input/NOISY/RLBDV009-N46.wav,input/CLEAN/RLBDV009-N46.wav
input/NOISY/RLBDV009-N47.wav,input/CLEAN/RLBDV009-N47.wav
input/NOISY/RLBDV010-N01.wav,input/CLEAN/RLBDV010-N01.wav
input/NOISY/RLBDV010-N02.wav,input/CLEAN/RLBDV010-N02.wav
input/NOISY/RLBDV010-N03.wav,input/CLEAN/RLBDV010-N03.wav
input/NOISY/RLBDV010-N04.wav,input/CLEAN/RLBDV010-N04.wav
input/NOISY/RLBDV010-N05.wav,input/CLEAN/RLBDV010-N05.wav
input/NOISY/RLBDV010-N06.wav,input/CLEAN/RLBDV010-N06.wav
input/NOISY/RLBDV010-N07.wav,input/CLEAN/RLBDV010-N07.wav
input/NOISY/RLBDV010-N08.wav,input/CLEAN/RLBDV010-N08.wav
input/NOISY/RLBDV010-N09.wav,input/CLEAN/RLBDV010-N09.wav
input/NOISY/RLBDV010-N10.wav,input/CLEAN/RLBDV010-N10.wav
input/NOISY/RLBDV010-N11.wav,input/CLEAN/RLBDV010-N11.wav
input/NOISY/RLBDV010-N12.wav,input/CLEAN/RLBDV010-N12.wav
input/NOISY/RLBDV010-N13.wav,input/CLEAN/RLBDV010-N13.wav
input/NOISY/RLBDV010-N14.wav,input/CLEAN/RLBDV010-N14.wav
input/NOISY/RLBDV010-N15.wav,input/CLEAN/RLBDV010-N15.wav
input/NOISY/RLBDV010-N16.wav,input/CLEAN/RLBDV010-N16.wav
input/NOISY/RLBDV010-N17.wav,input/CLEAN/RLBDV010-N17.wav
input/NOISY/RLBDV010-N18.wav,input/CLEAN/RLBDV010-N18.wav
input/NOISY/RLBDV010-N19.wav,input/CLEAN/RLBDV010-N19.wav
input/NOISY/RLBDV010-N20.wav,input/CLEAN/RLBDV010-N20.wav
input/NOISY/RLBDV010-N21.wav,input/CLEAN/RLBDV010-N21.wav
input/NOISY/RLBDV010-N22.wav,input/CLEAN/RLBDV010-N22.wav
input/NOISY/RLBDV010-N23.wav,input/CLEAN/RLBDV010-N23.wav
input/NOISY/RLBDV010-N24.wav,input/CLEAN/RLBDV010-N24.wav
input/NOISY/RLBDV010-N25.wav,input/CLEAN/RLBDV010-N25.wav
input/NOISY/RLBDV010-N26.wav,input/CLEAN/RLBDV010-N26.wav
input/NOISY/RLBDV010-N27.wav,input/CLEAN/RLBDV010-N27.wav
input/NOISY/RLBDV010-N28.wav,input/CLEAN/RLBDV010-N28.wav
input/NOISY/RLBDV010-N29.wav,input/CLEAN/RLBDV010-N29.wav
input/NOISY/RLBDV010-N30.wav,input/CLEAN/RLBDV010-N30.wav
input/NOISY/RLBDV010-N31.wav,input/CLEAN/RLBDV010-N31.wav
input/NOISY/RLBDV010-N32.wav,input/CLEAN/RLBDV010-N32.wav
input/NOISY/RLBDV010-N33.wav,input/CLEAN/RLBDV010-N33.wav
input/NOISY/RLBDV010-N34.wav,input/CLEAN/RLBDV010-N34.wav
input/NOISY/RLBDV010-N35.wav,input/CLEAN/RLBDV010-N35.wav
input/NOISY/RLBDV010-N36.wav,input/CLEAN/RLBDV010-N36.wav
input/NOISY/RLBDV010-N37.wav,input/CLEAN/RLBDV010-N37.wav
input/NOISY/RLBDV010-N38.wav,input/CLEAN/RLBDV010-N38.wav
input/NOISY/RLBDV010-N39.wav,input/CLEAN/RLBDV010-N39.wav
input/NOISY/RLBDV010-N40.wav,input/CLEAN/RLBDV010-N40.wav
input/NOISY/RLBDV010-N41.wav,input/CLEAN/RLBDV010-N41.wav
input/NOISY/RLBDV010-N42.wav,input/CLEAN/RLBDV010-N42.wav
input/NOISY/RLBDV010-N43.wav,input/CLEAN/RLBDV010-N43.wav
input/NOISY/RLBDV010-N44.wav,input/CLEAN/RLBDV010-N44.wav
input/NOISY/RLBDV010-N45.wav,input/CLEAN/RLBDV010-N45.wav
input/NOISY/RLBDV010-N46.wav,input/CLEAN/RLBDV010-N46.wav
input/NOISY/RLBDV010-N47.wav,input/CLEAN/RLBDV010-N47.wav
input/NOISY/RLBDV011-N01.wav,input/CLEAN/RLBDV011-N01.wav
input/NOISY/RLBDV011-N02.wav,input/CLEAN/RLBDV011-N02.wav
input/NOISY/RLBDV011-N03.wav,input/CLEAN/RLBDV011-N03.wav
input/NOISY/RLBDV011-N04.wav,input/CLEAN/RLBDV011-N04.wav
input/NOISY/RLBDV011-N05.wav,input/CLEAN/RLBDV011-N05.wav
input/NOISY/RLBDV011-N06.wav,input/CLEAN/RLBDV011-N06.wav
input/NOISY/RLBDV011-N07.wav,input/CLEAN/RLBDV011-N07.wav
input/NOISY/RLBDV011-N08.wav,input/CLEAN/RLBDV011-N08.wav
input/NOISY/RLBDV011-N09.wav,input/CLEAN/RLBDV011-N09.wav
input/NOISY/RLBDV011-N10.wav,input/CLEAN/RLBDV011-N10.wav
input/NOISY/RLBDV011-N11.wav,input/CLEAN/RLBDV011-N11.wav
input/NOISY/RLBDV011-N12.wav,input/CLEAN/RLBDV011-N12.wav
input/NOISY/RLBDV011-N13.wav,input/CLEAN/RLBDV011-N13.wav
input/NOISY/RLBDV011-N14.wav,input/CLEAN/RLBDV011-N14.wav
input/NOISY/RLBDV011-N15.wav,input/CLEAN/RLBDV011-N15.wav
input/NOISY/RLBDV011-N16.wav,input/CLEAN/RLBDV011-N16.wav
input/NOISY/RLBDV011-N17.wav,input/CLEAN/RLBDV011-N17.wav
input/NOISY/RLBDV011-N18.wav,input/CLEAN/RLBDV011-N18.wav
input/NOISY/RLBDV011-N19.wav,input/CLEAN/RLBDV011-N19.wav
input/NOISY/RLBDV011-N20.wav,input/CLEAN/RLBDV011-N20.wav
input/NOISY/RLBDV011-N21.wav,input/CLEAN/RLBDV011-N21.wav
input/NOISY/RLBDV011-N22.wav,input/CLEAN/RLBDV011-N22.wav
input/NOISY/RLBDV011-N23.wav,input/CLEAN/RLBDV011-N23.wav
input/NOISY/RLBDV011-N24.wav,input/CLEAN/RLBDV011-N24.wav
input/NOISY/RLBDV011-N25.wav,input/CLEAN/RLBDV011-N25.wav
input/NOISY/RLBDV011-N26.wav,input/CLEAN/RLBDV011-N26.wav
input/NOISY/RLBDV011-N27.wav,input/CLEAN/RLBDV011-N27.wav
input/NOISY/RLBDV011-N28.wav,input/CLEAN/RLBDV011-N28.wav
input/NOISY/RLBDV011-N29.wav,input/CLEAN/RLBDV011-N29.wav
input/NOISY/RLBDV011-N30.wav,input/CLEAN/RLBDV011-N30.wav
input/NOISY/RLBDV011-N31.wav,input/CLEAN/RLBDV011-N31.wav
input/NOISY/RLBDV011-N32.wav,input/CLEAN/RLBDV011-N32.wav
input/NOISY/RLBDV011-N33.wav,input/CLEAN/RLBDV011-N33.wav
input/NOISY/RLBDV011-N34.wav,input/CLEAN/RLBDV011-N34.wav
input/NOISY/RLBDV011-N35.wav,input/CLEAN/RLBDV011-N35.wav
input/NOISY/RLBDV011-N36.wav,input/CLEAN/RLBDV011-N36.wav
input/NOISY/RLBDV011-N37.wav,input/CLEAN/RLBDV011-N37.wav
input/NOISY/RLBDV011-N38.wav,input/CLEAN/RLBDV011-N38.wav
input/NOISY/RLBDV011-N39.wav,input/CLEAN/RLBDV011-N39.wav
input/NOISY/RLBDV011-N40.wav,input/CLEAN/RLBDV011-N40.wav
input/NOISY/RLBDV011-N41.wav,input/CLEAN/RLBDV011-N41.wav
input/NOISY/RLBDV011-N42.wav,input/CLEAN/RLBDV011-N42.wav
input/NOISY/RLBDV011-N43.wav,input/CLEAN/RLBDV011-N43.wav
input/NOISY/RLBDV011-N44.wav,input/CLEAN/RLBDV011-N44.wav
input/NOISY/RLBDV011-N45.wav,input/CLEAN/RLBDV011-N45.wav
input/NOISY/RLBDV011-N46.wav,input/CLEAN/RLBDV011-N46.wav
input/NOISY/RLBDV011-N47.wav,input/CLEAN/RLBDV011-N47.wav
input/NOISY/RLBDV012-N01.wav,input/CLEAN/RLBDV012-N01.wav
input/NOISY/RLBDV012-N02.wav,input/CLEAN/RLBDV012-N02.wav
input/NOISY/RLBDV012-N03.wav,input/CLEAN/RLBDV012-N03.wav
input/NOISY/RLBDV012-N04.wav,input/CLEAN/RLBDV012-N04.wav
input/NOISY/RLBDV012-N05.wav,input/CLEAN/RLBDV012-N05.wav
input/NOISY/RLBDV012-N06.wav,input/CLEAN/RLBDV012-N06.wav
input/NOISY/RLBDV012-N07.wav,input/CLEAN/RLBDV012-N07.wav
input/NOISY/RLBDV012-N08.wav,input/CLEAN/RLBDV012-N08.wav
input/NOISY/RLBDV012-N09.wav,input/CLEAN/RLBDV012-N09.wav
input/NOISY/RLBDV012-N10.wav,input/CLEAN/RLBDV012-N10.wav
input/NOISY/RLBDV012-N11.wav,input/CLEAN/RLBDV012-N11.wav
input/NOISY/RLBDV012-N12.wav,input/CLEAN/RLBDV012-N12.wav
input/NOISY/RLBDV012-N13.wav,input/CLEAN/RLBDV012-N13.wav
input/NOISY/RLBDV012-N14.wav,input/CLEAN/RLBDV012-N14.wav
input/NOISY/RLBDV012-N15.wav,input/CLEAN/RLBDV012-N15.wav
input/NOISY/RLBDV012-N16.wav,input/CLEAN/RLBDV012-N16.wav
input/NOISY/RLBDV012-N17.wav,input/CLEAN/RLBDV012-N17.wav
input/NOISY/RLBDV012-N18.wav,input/CLEAN/RLBDV012-N18.wav
input/NOISY/RLBDV012-N19.wav,input/CLEAN/RLBDV012-N19.wav
input/NOISY/RLBDV012-N20.wav,input/CLEAN/RLBDV012-N20.wav
input/NOISY/RLBDV012-N21.wav,input/CLEAN/RLBDV012-N21.wav
input/NOISY/RLBDV012-N22.wav,input/CLEAN/RLBDV012-N22.wav
input/NOISY/RLBDV012-N23.wav,input/CLEAN/RLBDV012-N23.wav
input/NOISY/RLBDV012-N24.wav,input/CLEAN/RLBDV012-N24.wav
input/NOISY/RLBDV012-N25.wav,input/CLEAN/RLBDV012-N25.wav
input/NOISY/RLBDV012-N26.wav,input/CLEAN/RLBDV012-N26.wav
input/NOISY/RLBDV012-N27.wav,input/CLEAN/RLBDV012-N27.wav
input/NOISY/RLBDV012-N28.wav,input/CLEAN/RLBDV012-N28.wav
input/NOISY/RLBDV012-N29.wav,input/CLEAN/RLBDV012-N29.wav
input/NOISY/RLBDV012-N30.wav,input/CLEAN/RLBDV012-N30.wav
input/NOISY/RLBDV012-N31.wav,input/CLEAN/RLBDV012-N31.wav
input/NOISY/RLBDV012-N32.wav,input/CLEAN/RLBDV012-N32.wav
input/NOISY/RLBDV012-N33.wav,input/CLEAN/RLBDV012-N33.wav
input/NOISY/RLBDV012-N34.wav,input/CLEAN/RLBDV012-N34.wav
input/NOISY/RLBDV012-N35.wav,input/CLEAN/RLBDV012-N35.wav
input/NOISY/RLBDV012-N36.wav,input/CLEAN/RLBDV012-N36.wav
input/NOISY/RLBDV012-N37.wav,input/CLEAN/RLBDV012-N37.wav
input/NOISY/RLBDV012-N38.wav,input/CLEAN/RLBDV012-N38.wav
input/NOISY/RLBDV012-N39.wav,input/CLEAN/RLBDV012-N39.wav
input/NOISY/RLBDV012-N40.wav,input/CLEAN/RLBDV012-N40.wav
input/NOISY/RLBDV012-N41.wav,input/CLEAN/RLBDV012-N41.wav
input/NOISY/RLBDV012-N42.wav,input/CLEAN/RLBDV012-N42.wav
input/NOISY/RLBDV012-N43.wav,input/CLEAN/RLBDV012-N43.wav
input/NOISY/RLBDV012-N44.wav,input/CLEAN/RLBDV012-N44.wav
input/NOISY/RLBDV012-N45.wav,input/CLEAN/RLBDV012-N45.wav
input/NOISY/RLBDV012-N46.wav,input/CLEAN/RLBDV012-N46.wav
input/NOISY/RLBDV012-N47.wav,input/CLEAN/RLBDV012-N47.wav
input/NOISY/RLBDV013-N01.wav,input/CLEAN/RLBDV013-N01.wav
input/NOISY/RLBDV013-N02.wav,input/CLEAN/RLBDV013-N02.wav
input/NOISY/RLBDV013-N03.wav,input/CLEAN/RLBDV013-N03.wav
input/NOISY/RLBDV013-N04.wav,input/CLEAN/RLBDV013-N04.wav
input/NOISY/RLBDV013-N05.wav,input/CLEAN/RLBDV013-N05.wav
input/NOISY/RLBDV013-N06.wav,input/CLEAN/RLBDV013-N06.wav
input/NOISY/RLBDV013-N07.wav,input/CLEAN/RLBDV013-N07.wav
input/NOISY/RLBDV013-N08.wav,input/CLEAN/RLBDV013-N08.wav
input/NOISY/RLBDV013-N09.wav,input/CLEAN/RLBDV013-N09.wav
input/NOISY/RLBDV013-N10.wav,input/CLEAN/RLBDV013-N10.wav
input/NOISY/RLBDV013-N11.wav,input/CLEAN/RLBDV013-N11.wav
input/NOISY/RLBDV013-N12.wav,input/CLEAN/RLBDV013-N12.wav
input/NOISY/RLBDV013-N13.wav,input/CLEAN/RLBDV013-N13.wav
input/NOISY/RLBDV013-N14.wav,input/CLEAN/RLBDV013-N14.wav
input/NOISY/RLBDV013-N15.wav,input/CLEAN/RLBDV013-N15.wav
input/NOISY/RLBDV013-N16.wav,input/CLEAN/RLBDV013-N16.wav
input/NOISY/RLBDV013-N17.wav,input/CLEAN/RLBDV013-N17.wav
input/NOISY/RLBDV013-N18.wav,input/CLEAN/RLBDV013-N18.wav
input/NOISY/RLBDV013-N19.wav,input/CLEAN/RLBDV013-N19.wav
input/NOISY/RLBDV013-N20.wav,input/CLEAN/RLBDV013-N20.wav
input/NOISY/RLBDV013-N21.wav,input/CLEAN/RLBDV013-N21.wav
input/NOISY/RLBDV013-N22.wav,input/CLEAN/RLBDV013-N22.wav
input/NOISY/RLBDV013-N23.wav,input/CLEAN/RLBDV013-N23.wav
input/NOISY/RLBDV013-N24.wav,input/CLEAN/RLBDV013-N24.wav
input/NOISY/RLBDV013-N25.wav,input/CLEAN/RLBDV013-N25.wav
input/NOISY/RLBDV013-N26.wav,input/CLEAN/RLBDV013-N26.wav
input/NOISY/RLBDV013-N27.wav,input/CLEAN/RLBDV013-N27.wav
input/NOISY/RLBDV013-N28.wav,input/CLEAN/RLBDV013-N28.wav
input/NOISY/RLBDV013-N29.wav,input/CLEAN/RLBDV013-N29.wav
input/NOISY/RLBDV013-N30.wav,input/CLEAN/RLBDV013-N30.wav
input/NOISY/RLBDV013-N31.wav,input/CLEAN/RLBDV013-N31.wav
input/NOISY/RLBDV013-N32.wav,input/CLEAN/RLBDV013-N32.wav
input/NOISY/RLBDV013-N33.wav,input/CLEAN/RLBDV013-N33.wav
input/NOISY/RLBDV013-N34.wav,input/CLEAN/RLBDV013-N34.wav
input/NOISY/RLBDV013-N35.wav,input/CLEAN/RLBDV013-N35.wav
input/NOISY/RLBDV013-N36.wav,input/CLEAN/RLBDV013-N36.wav
input/NOISY/RLBDV013-N37.wav,input/CLEAN/RLBDV013-N37.wav
input/NOISY/RLBDV013-N38.wav,input/CLEAN/RLBDV013-N38.wav
input/NOISY/RLBDV013-N39.wav,input/CLEAN/RLBDV013-N39.wav
input/NOISY/RLBDV013-N40.wav,input/CLEAN/RLBDV013-N40.wav
input/NOISY/RLBDV013-N41.wav,input/CLEAN/RLBDV013-N41.wav
input/NOISY/RLBDV013-N42.wav,input/CLEAN/RLBDV013-N42.wav
input/NOISY/RLBDV013-N43.wav,input/CLEAN/RLBDV013-N43.wav
input/NOISY/RLBDV013-N44.wav,input/CLEAN/RLBDV013-N44.wav
input/NOISY/RLBDV013-N45.wav,input/CLEAN/RLBDV013-N45.wav
input/NOISY/RLBDV013-N46.wav,input/CLEAN/RLBDV013-N46.wav
input/NOISY/RLBDV013-N47.wav,input/CLEAN/RLBDV013-N47.wav
input/NOISY/RLBDV014-N01.wav,input/CLEAN/RLBDV014-N01.wav
input/NOISY/RLBDV014-N02.wav,input/CLEAN/RLBDV014-N02.wav
input/NOISY/RLBDV014-N03.wav,input/CLEAN/RLBDV014-N03.wav
input/NOISY/RLBDV014-N04.wav,input/CLEAN/RLBDV014-N04.wav
input/NOISY/RLBDV014-N05.wav,input/CLEAN/RLBDV014-N05.wav
input/NOISY/RLBDV014-N06.wav,input/CLEAN/RLBDV014-N06.wav
input/NOISY/RLBDV014-N07.wav,input/CLEAN/RLBDV014-N07.wav
input/NOISY/RLBDV014-N08.wav,input/CLEAN/RLBDV014-N08.wav
input/NOISY/RLBDV014-N09.wav,input/CLEAN/RLBDV014-N09.wav
input/NOISY/RLBDV014-N10.wav,input/CLEAN/RLBDV014-N10.wav
input/NOISY/RLBDV014-N11.wav,input/CLEAN/RLBDV014-N11.wav
input/NOISY/RLBDV014-N12.wav,input/CLEAN/RLBDV014-N12.wav
input/NOISY/RLBDV014-N13.wav,input/CLEAN/RLBDV014-N13.wav
input/NOISY/RLBDV014-N14.wav,input/CLEAN/RLBDV014-N14.wav
input/NOISY/RLBDV014-N15.wav,input/CLEAN/RLBDV014-N15.wav
input/NOISY/RLBDV014-N16.wav,input/CLEAN/RLBDV014-N16.wav
input/NOISY/RLBDV014-N17.wav,input/CLEAN/RLBDV014-N17.wav
input/NOISY/RLBDV014-N18.wav,input/CLEAN/RLBDV014-N18.wav
input/NOISY/RLBDV014-N19.wav,input/CLEAN/RLBDV014-N19.wav
input/NOISY/RLBDV014-N20.wav,input/CLEAN/RLBDV014-N20.wav
input/NOISY/RLBDV014-N21.wav,input/CLEAN/RLBDV014-N21.wav
input/NOISY/RLBDV014-N22.wav,input/CLEAN/RLBDV014-N22.wav
input/NOISY/RLBDV014-N23.wav,input/CLEAN/RLBDV014-N23.wav
input/NOISY/RLBDV014-N24.wav,input/CLEAN/RLBDV014-N24.wav
input/NOISY/RLBDV014-N25.wav,input/CLEAN/RLBDV014-N25.wav
input/NOISY/RLBDV014-N26.wav,input/CLEAN/RLBDV014-N26.wav
input/NOISY/RLBDV014-N27.wav,input/CLEAN/RLBDV014-N27.wav
input/NOISY/RLBDV014-N28.wav,input/CLEAN/RLBDV014-N28.wav
input/NOISY/RLBDV014-N29.wav,input/CLEAN/RLBDV014-N29.wav
input/NOISY/RLBDV014-N30.wav,input/CLEAN/RLBDV014-N30.wav
input/NOISY/RLBDV014-N31.wav,input/CLEAN/RLBDV014-N31.wav
input/NOISY/RLBDV014-N32.wav,input/CLEAN/RLBDV014-N32.wav
input/NOISY/RLBDV014-N33.wav,input/CLEAN/RLBDV014-N33.wav
input/NOISY/RLBDV014-N34.wav,input/CLEAN/RLBDV014-N34.wav
input/NOISY/RLBDV014-N35.wav,input/CLEAN/RLBDV014-N35.wav
input/NOISY/RLBDV014-N36.wav,input/CLEAN/RLBDV014-N36.wav
input/NOISY/RLBDV014-N37.wav,input/CLEAN/RLBDV014-N37.wav
input/NOISY/RLBDV014-N38.wav,input/CLEAN/RLBDV014-N38.wav
input/NOISY/RLBDV014-N39.wav,input/CLEAN/RLBDV014-N39.wav
input/NOISY/RLBDV014-N40.wav,input/CLEAN/RLBDV014-N40.wav
input/NOISY/RLBDV014-N41.wav,input/CLEAN/RLBDV014-N41.wav
input/NOISY/RLBDV014-N42.wav,input/CLEAN/RLBDV014-N42.wav
input/NOISY/RLBDV014-N43.wav,input/CLEAN/RLBDV014-N43.wav
input/NOISY/RLBDV014-N44.wav,input/CLEAN/RLBDV014-N44.wav
input/NOISY/RLBDV014-N45.wav,input/CLEAN/RLBDV014-N45.wav
input/NOISY/RLBDV014-N46.wav,input/CLEAN/RLBDV014-N46.wav
input/NOISY/RLBDV014-N47.wav,input/CLEAN/RLBDV014-N47.wav
input/NOISY/RLBDV015-N01.wav,input/CLEAN/RLBDV015-N01.wav
input/NOISY/RLBDV015-N02.wav,input/CLEAN/RLBDV015-N02.wav
input/NOISY/RLBDV015-N03.wav,input/CLEAN/RLBDV015-N03.wav
input/NOISY/RLBDV015-N04.wav,input/CLEAN/RLBDV015-N04.wav
input/NOISY/RLBDV015-N05.wav,input/CLEAN/RLBDV015-N05.wav
input/NOISY/RLBDV015-N06.wav,input/CLEAN/RLBDV015-N06.wav
input/NOISY/RLBDV015-N07.wav,input/CLEAN/RLBDV015-N07.wav
input/NOISY/RLBDV015-N08.wav,input/CLEAN/RLBDV015-N08.wav
input/NOISY/RLBDV015-N09.wav,input/CLEAN/RLBDV015-N09.wav
input/NOISY/RLBDV015-N10.wav,input/CLEAN/RLBDV015-N10.wav
input/NOISY/RLBDV015-N11.wav,input/CLEAN/RLBDV015-N11.wav
input/NOISY/RLBDV015-N12.wav,input/CLEAN/RLBDV015-N12.wav
input/NOISY/RLBDV015-N13.wav,input/CLEAN/RLBDV015-N13.wav
input/NOISY/RLBDV015-N14.wav,input/CLEAN/RLBDV015-N14.wav
input/NOISY/RLBDV015-N15.wav,input/CLEAN/RLBDV015-N15.wav
input/NOISY/RLBDV015-N16.wav,input/CLEAN/RLBDV015-N16.wav
input/NOISY/RLBDV015-N17.wav,input/CLEAN/RLBDV015-N17.wav
input/NOISY/RLBDV015-N18.wav,input/CLEAN/RLBDV015-N18.wav
input/NOISY/RLBDV015-N19.wav,input/CLEAN/RLBDV015-N19.wav
input/NOISY/RLBDV015-N20.wav,input/CLEAN/RLBDV015-N20.wav
input/NOISY/RLBDV015-N21.wav,input/CLEAN/RLBDV015-N21.wav
input/NOISY/RLBDV015-N22.wav,input/CLEAN/RLBDV015-N22.wav
input/NOISY/RLBDV015-N23.wav,input/CLEAN/RLBDV015-N23.wav
input/NOISY/RLBDV015-N24.wav,input/CLEAN/RLBDV015-N24.wav
input/NOISY/RLBDV015-N25.wav,input/CLEAN/RLBDV015-N25.wav
input/NOISY/RLBDV015-N26.wav,input/CLEAN/RLBDV015-N26.wav
input/NOISY/RLBDV015-N27.wav,input/CLEAN/RLBDV015-N27.wav
input/NOISY/RLBDV015-N28.wav,input/CLEAN/RLBDV015-N28.wav
input/NOISY/RLBDV015-N29.wav,input/CLEAN/RLBDV015-N29.wav
input/NOISY/RLBDV015-N30.wav,input/CLEAN/RLBDV015-N30.wav
input/NOISY/RLBDV015-N31.wav,input/CLEAN/RLBDV015-N31.wav
input/NOISY/RLBDV015-N32.wav,input/CLEAN/RLBDV015-N32.wav
input/NOISY/RLBDV015-N33.wav,input/CLEAN/RLBDV015-N33.wav
input/NOISY/RLBDV015-N34.wav,input/CLEAN/RLBDV015-N34.wav
input/NOISY/RLBDV015-N35.wav,input/CLEAN/RLBDV015-N35.wav
input/NOISY/RLBDV015-N36.wav,input/CLEAN/RLBDV015-N36.wav
input/NOISY/RLBDV015-N37.wav,input/CLEAN/RLBDV015-N37.wav
input/NOISY/RLBDV015-N38.wav,input/CLEAN/RLBDV015-N38.wav
input/NOISY/RLBDV015-N39.wav,input/CLEAN/RLBDV015-N39.wav
input/NOISY/RLBDV015-N40.wav,input/CLEAN/RLBDV015-N40.wav
input/NOISY/RLBDV015-N41.wav,input/CLEAN/RLBDV015-N41.wav
input/NOISY/RLBDV015-N42.wav,input/CLEAN/RLBDV015-N42.wav
input/NOISY/RLBDV015-N43.wav,input/CLEAN/RLBDV015-N43.wav
input/NOISY/RLBDV015-N44.wav,input/CLEAN/RLBDV015-N44.wav
input/NOISY/RLBDV015-N45.wav,input/CLEAN/RLBDV015-N45.wav
input/NOISY/RLBDV015-N46.wav,input/CLEAN/RLBDV015-N46.wav
input/NOISY/RLBDV015-N47.wav,input/CLEAN/RLBDV015-N47.wav
input/NOISY/RLBDV016-N01.wav,input/CLEAN/RLBDV016-N01.wav
input/NOISY/RLBDV016-N02.wav,input/CLEAN/RLBDV016-N02.wav
input/NOISY/RLBDV016-N03.wav,input/CLEAN/RLBDV016-N03.wav
input/NOISY/RLBDV016-N04.wav,input/CLEAN/RLBDV016-N04.wav
input/NOISY/RLBDV016-N05.wav,input/CLEAN/RLBDV016-N05.wav
input/NOISY/RLBDV016-N06.wav,input/CLEAN/RLBDV016-N06.wav
input/NOISY/RLBDV016-N07.wav,input/CLEAN/RLBDV016-N07.wav
input/NOISY/RLBDV016-N08.wav,input/CLEAN/RLBDV016-N08.wav
input/NOISY/RLBDV016-N09.wav,input/CLEAN/RLBDV016-N09.wav
input/NOISY/RLBDV016-N10.wav,input/CLEAN/RLBDV016-N10.wav
input/NOISY/RLBDV016-N11.wav,input/CLEAN/RLBDV016-N11.wav
input/NOISY/RLBDV016-N12.wav,input/CLEAN/RLBDV016-N12.wav
input/NOISY/RLBDV016-N13.wav,input/CLEAN/RLBDV016-N13.wav
input/NOISY/RLBDV016-N14.wav,input/CLEAN/RLBDV016-N14.wav
input/NOISY/RLBDV016-N15.wav,input/CLEAN/RLBDV016-N15.wav
input/NOISY/RLBDV016-N16.wav,input/CLEAN/RLBDV016-N16.wav
input/NOISY/RLBDV016-N17.wav,input/CLEAN/RLBDV016-N17.wav
input/NOISY/RLBDV016-N18.wav,input/CLEAN/RLBDV016-N18.wav
input/NOISY/RLBDV016-N19.wav,input/CLEAN/RLBDV016-N19.wav
input/NOISY/RLBDV016-N20.wav,input/CLEAN/RLBDV016-N20.wav
input/NOISY/RLBDV016-N21.wav,input/CLEAN/RLBDV016-N21.wav
input/NOISY/RLBDV016-N22.wav,input/CLEAN/RLBDV016-N22.wav
input/NOISY/RLBDV016-N23.wav,input/CLEAN/RLBDV016-N23.wav
input/NOISY/RLBDV016-N24.wav,input/CLEAN/RLBDV016-N24.wav
input/NOISY/RLBDV016-N25.wav,input/CLEAN/RLBDV016-N25.wav
input/NOISY/RLBDV016-N26.wav,input/CLEAN/RLBDV016-N26.wav
input/NOISY/RLBDV016-N27.wav,input/CLEAN/RLBDV016-N27.wav
input/NOISY/RLBDV016-N28.wav,input/CLEAN/RLBDV016-N28.wav
input/NOISY/RLBDV016-N29.wav,input/CLEAN/RLBDV016-N29.wav
input/NOISY/RLBDV016-N30.wav,input/CLEAN/RLBDV016-N30.wav
input/NOISY/RLBDV016-N31.wav,input/CLEAN/RLBDV016-N31.wav
input/NOISY/RLBDV016-N32.wav,input/CLEAN/RLBDV016-N32.wav
input/NOISY/RLBDV016-N33.wav,input/CLEAN/RLBDV016-N33.wav
input/NOISY/RLBDV016-N34.wav,input/CLEAN/RLBDV016-N34.wav
input/NOISY/RLBDV016-N35.wav,input/CLEAN/RLBDV016-N35.wav
input/NOISY/RLBDV016-N36.wav,input/CLEAN/RLBDV016-N36.wav
input/NOISY/RLBDV016-N37.wav,input/CLEAN/RLBDV016-N37.wav
input/NOISY/RLBDV016-N38.wav,input/CLEAN/RLBDV016-N38.wav
input/NOISY/RLBDV016-N39.wav,input/CLEAN/RLBDV016-N39.wav
input/NOISY/RLBDV016-N40.wav,input/CLEAN/RLBDV016-N40.wav
input/NOISY/RLBDV016-N41.wav,input/CLEAN/RLBDV016-N41.wav
input/NOISY/RLBDV016-N42.wav,input/CLEAN/RLBDV016-N42.wav
input/NOISY/RLBDV016-N43.wav,input/CLEAN/RLBDV016-N43.wav
input/NOISY/RLBDV016-N44.wav,input/CLEAN/RLBDV016-N44.wav
input/NOISY/RLBDV016-N45.wav,input/CLEAN/RLBDV016-N45.wav
input/NOISY/RLBDV016-N46.wav,input/CLEAN/RLBDV016-N46.wav
input/NOISY/RLBDV016-N47.wav,input/CLEAN/RLBDV016-N47.wav
input/NOISY/RLBDV017-N01.wav,input/CLEAN/RLBDV017-N01.wav
input/NOISY/RLBDV017-N02.wav,input/CLEAN/RLBDV017-N02.wav
input/NOISY/RLBDV017-N03.wav,input/CLEAN/RLBDV017-N03.wav
input/NOISY/RLBDV017-N04.wav,input/CLEAN/RLBDV017-N04.wav
input/NOISY/RLBDV017-N05.wav,input/CLEAN/RLBDV017-N05.wav
input/NOISY/RLBDV017-N06.wav,input/CLEAN/RLBDV017-N06.wav
input/NOISY/RLBDV017-N07.wav,input/CLEAN/RLBDV017-N07.wav
input/NOISY/RLBDV017-N08.wav,input/CLEAN/RLBDV017-N08.wav
input/NOISY/RLBDV017-N09.wav,input/CLEAN/RLBDV017-N09.wav
input/NOISY/RLBDV017-N10.wav,input/CLEAN/RLBDV017-N10.wav
input/NOISY/RLBDV017-N11.wav,input/CLEAN/RLBDV017-N11.wav
input/NOISY/RLBDV017-N12.wav,input/CLEAN/RLBDV017-N12.wav
input/NOISY/RLBDV017-N13.wav,input/CLEAN/RLBDV017-N13.wav
input/NOISY/RLBDV017-N14.wav,input/CLEAN/RLBDV017-N14.wav
input/NOISY/RLBDV017-N15.wav,input/CLEAN/RLBDV017-N15.wav
input/NOISY/RLBDV017-N16.wav,input/CLEAN/RLBDV017-N16.wav
input/NOISY/RLBDV017-N17.wav,input/CLEAN/RLBDV017-N17.wav
input/NOISY/RLBDV017-N18.wav,input/CLEAN/RLBDV017-N18.wav
input/NOISY/RLBDV017-N19.wav,input/CLEAN/RLBDV017-N19.wav
input/NOISY/RLBDV017-N20.wav,input/CLEAN/RLBDV017-N20.wav
input/NOISY/RLBDV017-N21.wav,input/CLEAN/RLBDV017-N21.wav
input/NOISY/RLBDV017-N22.wav,input/CLEAN/RLBDV017-N22.wav
input/NOISY/RLBDV017-N23.wav,input/CLEAN/RLBDV017-N23.wav
input/NOISY/RLBDV017-N24.wav,input/CLEAN/RLBDV017-N24.wav
input/NOISY/RLBDV017-N25.wav,input/CLEAN/RLBDV017-N25.wav
input/NOISY/RLBDV017-N26.wav,input/CLEAN/RLBDV017-N26.wav
input/NOISY/RLBDV017-N27.wav,input/CLEAN/RLBDV017-N27.wav
input/NOISY/RLBDV017-N28.wav,input/CLEAN/RLBDV017-N28.wav
input/NOISY/RLBDV017-N29.wav,input/CLEAN/RLBDV017-N29.wav
input/NOISY/RLBDV017-N30.wav,input/CLEAN/RLBDV017-N30.wav
input/NOISY/RLBDV017-N31.wav,input/CLEAN/RLBDV017-N31.wav
input/NOISY/RLBDV017-N32.wav,input/CLEAN/RLBDV017-N32.wav
input/NOISY/RLBDV017-N33.wav,input/CLEAN/RLBDV017-N33.wav
input/NOISY/RLBDV017-N34.wav,input/CLEAN/RLBDV017-N34.wav
input/NOISY/RLBDV017-N35.wav,input/CLEAN/RLBDV017-N35.wav
input/NOISY/RLBDV017-N36.wav,input/CLEAN/RLBDV017-N36.wav
input/NOISY/RLBDV017-N37.wav,input/CLEAN/RLBDV017-N37.wav
input/NOISY/RLBDV017-N38.wav,input/CLEAN/RLBDV017-N38.wav
input/NOISY/RLBDV017-N39.wav,input/CLEAN/RLBDV017-N39.wav
input/NOISY/RLBDV017-N40.wav,input/CLEAN/RLBDV017-N40.wav
input/NOISY/RLBDV017-N41.wav,input/CLEAN/RLBDV017-N41.wav
input/NOISY/RLBDV017-N42.wav,input/CLEAN/RLBDV017-N42.wav
input/NOISY/RLBDV017-N43.wav,input/CLEAN/RLBDV017-N43.wav
input/NOISY/RLBDV017-N44.wav,input/CLEAN/RLBDV017-N44.wav
input/NOISY/RLBDV017-N45.wav,input/CLEAN/RLBDV017-N45.wav
input/NOISY/RLBDV017-N46.wav,input/CLEAN/RLBDV017-N46.wav
input/NOISY/RLBDV017-N47.wav,input/CLEAN/RLBDV017-N47.wav
input/NOISY/RLBDV018-N01.wav,input/CLEAN/RLBDV018-N01.wav
input/NOISY/RLBDV018-N02.wav,input/CLEAN/RLBDV018-N02.wav
input/NOISY/RLBDV018-N03.wav,input/CLEAN/RLBDV018-N03.wav
input/NOISY/RLBDV018-N04.wav,input/CLEAN/RLBDV018-N04.wav
input/NOISY/RLBDV018-N05.wav,input/CLEAN/RLBDV018-N05.wav
input/NOISY/RLBDV018-N06.wav,input/CLEAN/RLBDV018-N06.wav
input/NOISY/RLBDV018-N07.wav,input/CLEAN/RLBDV018-N07.wav
input/NOISY/RLBDV018-N08.wav,input/CLEAN/RLBDV018-N08.wav
input/NOISY/RLBDV018-N09.wav,input/CLEAN/RLBDV018-N09.wav
input/NOISY/RLBDV018-N10.wav,input/CLEAN/RLBDV018-N10.wav
input/NOISY/RLBDV018-N11.wav,input/CLEAN/RLBDV018-N11.wav
input/NOISY/RLBDV018-N12.wav,input/CLEAN/RLBDV018-N12.wav
input/NOISY/RLBDV018-N13.wav,input/CLEAN/RLBDV018-N13.wav
input/NOISY/RLBDV018-N14.wav,input/CLEAN/RLBDV018-N14.wav
input/NOISY/RLBDV018-N15.wav,input/CLEAN/RLBDV018-N15.wav
input/NOISY/RLBDV018-N16.wav,input/CLEAN/RLBDV018-N16.wav
input/NOISY/RLBDV018-N17.wav,input/CLEAN/RLBDV018-N17.wav
input/NOISY/RLBDV018-N18.wav,input/CLEAN/RLBDV018-N18.wav
input/NOISY/RLBDV018-N19.wav,input/CLEAN/RLBDV018-N19.wav
input/NOISY/RLBDV018-N20.wav,input/CLEAN/RLBDV018-N20.wav
input/NOISY/RLBDV018-N21.wav,input/CLEAN/RLBDV018-N21.wav
input/NOISY/RLBDV018-N22.wav,input/CLEAN/RLBDV018-N22.wav
input/NOISY/RLBDV018-N23.wav,input/CLEAN/RLBDV018-N23.wav
input/NOISY/RLBDV018-N24.wav,input/CLEAN/RLBDV018-N24.wav
input/NOISY/RLBDV018-N25.wav,input/CLEAN/RLBDV018-N25.wav
input/NOISY/RLBDV018-N26.wav,input/CLEAN/RLBDV018-N26.wav
input/NOISY/RLBDV018-N27.wav,input/CLEAN/RLBDV018-N27.wav
input/NOISY/RLBDV018-N28.wav,input/CLEAN/RLBDV018-N28.wav
input/NOISY/RLBDV018-N29.wav,input/CLEAN/RLBDV018-N29.wav
input/NOISY/RLBDV018-N30.wav,input/CLEAN/RLBDV018-N30.wav
input/NOISY/RLBDV018-N31.wav,input/CLEAN/RLBDV018-N31.wav
input/NOISY/RLBDV018-N32.wav,input/CLEAN/RLBDV018-N32.wav
input/NOISY/RLBDV018-N33.wav,input/CLEAN/RLBDV018-N33.wav
input/NOISY/RLBDV018-N34.wav,input/CLEAN/RLBDV018-N34.wav
input/NOISY/RLBDV018-N35.wav,input/CLEAN/RLBDV018-N35.wav
input/NOISY/RLBDV018-N36.wav,input/CLEAN/RLBDV018-N36.wav
input/NOISY/RLBDV018-N37.wav,input/CLEAN/RLBDV018-N37.wav
input/NOISY/RLBDV018-N38.wav,input/CLEAN/RLBDV018-N38.wav
input/NOISY/RLBDV018-N39.wav,input/CLEAN/RLBDV018-N39.wav
input/NOISY/RLBDV018-N40.wav,input/CLEAN/RLBDV018-N40.wav
input/NOISY/RLBDV018-N41.wav,input/CLEAN/RLBDV018-N41.wav
input/NOISY/RLBDV018-N42.wav,input/CLEAN/RLBDV018-N42.wav
input/NOISY/RLBDV018-N43.wav,input/CLEAN/RLBDV018-N43.wav
input/NOISY/RLBDV018-N44.wav,input/CLEAN/RLBDV018-N44.wav
input/NOISY/RLBDV018-N45.wav,input/CLEAN/RLBDV018-N45.wav
input/NOISY/RLBDV018-N46.wav,input/CLEAN/RLBDV018-N46.wav
input/NOISY/RLBDV018-N47.wav,input/CLEAN/RLBDV018-N47.wav
input/NOISY/RLBDV019-N01.wav,input/CLEAN/RLBDV019-N01.wav
input/NOISY/RLBDV019-N02.wav,input/CLEAN/RLBDV019-N02.wav
input/NOISY/RLBDV019-N03.wav,input/CLEAN/RLBDV019-N03.wav
input/NOISY/RLBDV019-N04.wav,input/CLEAN/RLBDV019-N04.wav
input/NOISY/RLBDV019-N05.wav,input/CLEAN/RLBDV019-N05.wav
input/NOISY/RLBDV019-N06.wav,input/CLEAN/RLBDV019-N06.wav
input/NOISY/RLBDV019-N07.wav,input/CLEAN/RLBDV019-N07.wav
input/NOISY/RLBDV019-N08.wav,input/CLEAN/RLBDV019-N08.wav
input/NOISY/RLBDV019-N09.wav,input/CLEAN/RLBDV019-N09.wav
input/NOISY/RLBDV019-N10.wav,input/CLEAN/RLBDV019-N10.wav
input/NOISY/RLBDV019-N11.wav,input/CLEAN/RLBDV019-N11.wav
input/NOISY/RLBDV019-N12.wav,input/CLEAN/RLBDV019-N12.wav
input/NOISY/RLBDV019-N13.wav,input/CLEAN/RLBDV019-N13.wav
input/NOISY/RLBDV019-N14.wav,input/CLEAN/RLBDV019-N14.wav
input/NOISY/RLBDV019-N15.wav,input/CLEAN/RLBDV019-N15.wav
input/NOISY/RLBDV019-N16.wav,input/CLEAN/RLBDV019-N16.wav
input/NOISY/RLBDV019-N17.wav,input/CLEAN/RLBDV019-N17.wav
input/NOISY/RLBDV019-N18.wav,input/CLEAN/RLBDV019-N18.wav
input/NOISY/RLBDV019-N19.wav,input/CLEAN/RLBDV019-N19.wav
input/NOISY/RLBDV019-N20.wav,input/CLEAN/RLBDV019-N20.wav
input/NOISY/RLBDV019-N21.wav,input/CLEAN/RLBDV019-N21.wav
input/NOISY/RLBDV019-N22.wav,input/CLEAN/RLBDV019-N22.wav
input/NOISY/RLBDV019-N23.wav,input/CLEAN/RLBDV019-N23.wav
input/NOISY/RLBDV019-N24.wav,input/CLEAN/RLBDV019-N24.wav
input/NOISY/RLBDV019-N25.wav,input/CLEAN/RLBDV019-N25.wav
input/NOISY/RLBDV019-N26.wav,input/CLEAN/RLBDV019-N26.wav
input/NOISY/RLBDV019-N27.wav,input/CLEAN/RLBDV019-N27.wav
input/NOISY/RLBDV019-N28.wav,input/CLEAN/RLBDV019-N28.wav
input/NOISY/RLBDV019-N29.wav,input/CLEAN/RLBDV019-N29.wav
input/NOISY/RLBDV019-N30.wav,input/CLEAN/RLBDV019-N30.wav
input/NOISY/RLBDV019-N31.wav,input/CLEAN/RLBDV019-N31.wav
input/NOISY/RLBDV019-N32.wav,input/CLEAN/RLBDV019-N32.wav
input/NOISY/RLBDV019-N33.wav,input/CLEAN/RLBDV019-N33.wav
input/NOISY/RLBDV019-N34.wav,input/CLEAN/RLBDV019-N34.wav
input/NOISY/RLBDV019-N35.wav,input/CLEAN/RLBDV019-N35.wav
input/NOISY/RLBDV019-N36.wav,input/CLEAN/RLBDV019-N36.wav
input/NOISY/RLBDV019-N37.wav,input/CLEAN/RLBDV019-N37.wav
input/NOISY/RLBDV019-N38.wav,input/CLEAN/RLBDV019-N38.wav
input/NOISY/RLBDV019-N39.wav,input/CLEAN/RLBDV019-N39.wav
input/NOISY/RLBDV019-N40.wav,input/CLEAN/RLBDV019-N40.wav
input/NOISY/RLBDV019-N41.wav,input/CLEAN/RLBDV019-N41.wav
input/NOISY/RLBDV019-N42.wav,input/CLEAN/RLBDV019-N42.wav
input/NOISY/RLBDV019-N43.wav,input/CLEAN/RLBDV019-N43.wav
input/NOISY/RLBDV019-N44.wav,input/CLEAN/RLBDV019-N44.wav
input/NOISY/RLBDV019-N45.wav,input/CLEAN/RLBDV019-N45.wav
input/NOISY/RLBDV019-N46.wav,input/CLEAN/RLBDV019-N46.wav
input/NOISY/RLBDV019-N47.wav,input/CLEAN/RLBDV019-N47.wav
input/NOISY/RLHUV003-N01.wav,input/CLEAN/RLHUV003-N01.wav
input/NOISY/RLHUV003-N02.wav,input/CLEAN/RLHUV003-N02.wav
input/NOISY/RLHUV003-N03.wav,input/CLEAN/RLHUV003-N03.wav
input/NOISY/RLHUV003-N04.wav,input/CLEAN/RLHUV003-N04.wav
input/NOISY/RLHUV003-N05.wav,input/CLEAN/RLHUV003-N05.wav
input/NOISY/RLHUV003-N06.wav,input/CLEAN/RLHUV003-N06.wav
input/NOISY/RLHUV003-N07.wav,input/CLEAN/RLHUV003-N07.wav
input/NOISY/RLHUV003-N08.wav,input/CLEAN/RLHUV003-N08.wav
input/NOISY/RLHUV003-N09.wav,input/CLEAN/RLHUV003-N09.wav
input/NOISY/RLHUV003-N10.wav,input/CLEAN/RLHUV003-N10.wav
input/NOISY/RLHUV003-N11.wav,input/CLEAN/RLHUV003-N11.wav
input/NOISY/RLHUV003-N12.wav,input/CLEAN/RLHUV003-N12.wav
input/NOISY/RLHUV003-N13.wav,input/CLEAN/RLHUV003-N13.wav
input/NOISY/RLHUV003-N14.wav,input/CLEAN/RLHUV003-N14.wav
input/NOISY/RLHUV003-N15.wav,input/CLEAN/RLHUV003-N15.wav
input/NOISY/RLHUV003-N16.wav,input/CLEAN/RLHUV003-N16.wav
input/NOISY/RLHUV003-N17.wav,input/CLEAN/RLHUV003-N17.wav
input/NOISY/RLHUV003-N18.wav,input/CLEAN/RLHUV003-N18.wav
input/NOISY/RLHUV003-N19.wav,input/CLEAN/RLHUV003-N19.wav
input/NOISY/RLHUV003-N20.wav,input/CLEAN/RLHUV003-N20.wav
input/NOISY/RLHUV003-N21.wav,input/CLEAN/RLHUV003-N21.wav
input/NOISY/RLHUV003-N22.wav,input/CLEAN/RLHUV003-N22.wav
input/NOISY/RLHUV003-N23.wav,input/CLEAN/RLHUV003-N23.wav
input/NOISY/RLHUV003-N24.wav,input/CLEAN/RLHUV003-N24.wav
input/NOISY/RLHUV003-N25.wav,input/CLEAN/RLHUV003-N25.wav
input/NOISY/RLHUV003-N26.wav,input/CLEAN/RLHUV003-N26.wav
input/NOISY/RLHUV003-N27.wav,input/CLEAN/RLHUV003-N27.wav
input/NOISY/RLHUV003-N28.wav,input/CLEAN/RLHUV003-N28.wav
input/NOISY/RLHUV003-N29.wav,input/CLEAN/RLHUV003-N29.wav
input/NOISY/RLHUV003-N30.wav,input/CLEAN/RLHUV003-N30.wav
input/NOISY/RLHUV003-N31.wav,input/CLEAN/RLHUV003-N31.wav
input/NOISY/RLHUV003-N32.wav,input/CLEAN/RLHUV003-N32.wav
input/NOISY/RLHUV003-N33.wav,input/CLEAN/RLHUV003-N33.wav
input/NOISY/RLHUV003-N34.wav,input/CLEAN/RLHUV003-N34.wav
input/NOISY/RLHUV003-N35.wav,input/CLEAN/RLHUV003-N35.wav
input/NOISY/RLHUV003-N36.wav,input/CLEAN/RLHUV003-N36.wav
input/NOISY/RLHUV003-N37.wav,input/CLEAN/RLHUV003-N37.wav
input/NOISY/RLHUV003-N38.wav,input/CLEAN/RLHUV003-N38.wav
input/NOISY/RLHUV003-N39.wav,input/CLEAN/RLHUV003-N39.wav
input/NOISY/RLHUV003-N40.wav,input/CLEAN/RLHUV003-N40.wav
input/NOISY/RLHUV003-N41.wav,input/CLEAN/RLHUV003-N41.wav
input/NOISY/RLHUV003-N42.wav,input/CLEAN/RLHUV003-N42.wav
input/NOISY/RLHUV003-N43.wav,input/CLEAN/RLHUV003-N43.wav
input/NOISY/RLHUV003-N44.wav,input/CLEAN/RLHUV003-N44.wav
input/NOISY/RLHUV003-N45.wav,input/CLEAN/RLHUV003-N45.wav
input/NOISY/RLHUV003-N46.wav,input/CLEAN/RLHUV003-N46.wav
input/NOISY/RLHUV003-N47.wav,input/CLEAN/RLHUV003-N47.wav
input/NOISY/RLHUV004-N01.wav,input/CLEAN/RLHUV004-N01.wav
input/NOISY/RLHUV004-N02.wav,input/CLEAN/RLHUV004-N02.wav
input/NOISY/RLHUV004-N03.wav,input/CLEAN/RLHUV004-N03.wav
input/NOISY/RLHUV004-N04.wav,input/CLEAN/RLHUV004-N04.wav
input/NOISY/RLHUV004-N05.wav,input/CLEAN/RLHUV004-N05.wav
input/NOISY/RLHUV004-N06.wav,input/CLEAN/RLHUV004-N06.wav
input/NOISY/RLHUV004-N07.wav,input/CLEAN/RLHUV004-N07.wav
input/NOISY/RLHUV004-N08.wav,input/CLEAN/RLHUV004-N08.wav
input/NOISY/RLHUV004-N09.wav,input/CLEAN/RLHUV004-N09.wav
input/NOISY/RLHUV004-N10.wav,input/CLEAN/RLHUV004-N10.wav
input/NOISY/RLHUV004-N11.wav,input/CLEAN/RLHUV004-N11.wav
input/NOISY/RLHUV004-N12.wav,input/CLEAN/RLHUV004-N12.wav
input/NOISY/RLHUV004-N13.wav,input/CLEAN/RLHUV004-N13.wav
input/NOISY/RLHUV004-N14.wav,input/CLEAN/RLHUV004-N14.wav
input/NOISY/RLHUV004-N15.wav,input/CLEAN/RLHUV004-N15.wav
input/NOISY/RLHUV004-N16.wav,input/CLEAN/RLHUV004-N16.wav
input/NOISY/RLHUV004-N17.wav,input/CLEAN/RLHUV004-N17.wav
input/NOISY/RLHUV004-N18.wav,input/CLEAN/RLHUV004-N18.wav
input/NOISY/RLHUV004-N19.wav,input/CLEAN/RLHUV004-N19.wav
input/NOISY/RLHUV004-N20.wav,input/CLEAN/RLHUV004-N20.wav
input/NOISY/RLHUV004-N21.wav,input/CLEAN/RLHUV004-N21.wav
input/NOISY/RLHUV004-N22.wav,input/CLEAN/RLHUV004-N22.wav
input/NOISY/RLHUV004-N23.wav,input/CLEAN/RLHUV004-N23.wav
input/NOISY/RLHUV004-N24.wav,input/CLEAN/RLHUV004-N24.wav
input/NOISY/RLHUV004-N25.wav,input/CLEAN/RLHUV004-N25.wav
input/NOISY/RLHUV004-N26.wav,input/CLEAN/RLHUV004-N26.wav
input/NOISY/RLHUV004-N27.wav,input/CLEAN/RLHUV004-N27.wav
input/NOISY/RLHUV004-N28.wav,input/CLEAN/RLHUV004-N28.wav
input/NOISY/RLHUV004-N29.wav,input/CLEAN/RLHUV004-N29.wav
input/NOISY/RLHUV004-N30.wav,input/CLEAN/RLHUV004-N30.wav
input/NOISY/RLHUV004-N31.wav,input/CLEAN/RLHUV004-N31.wav
input/NOISY/RLHUV004-N32.wav,input/CLEAN/RLHUV004-N32.wav
input/NOISY/RLHUV004-N33.wav,input/CLEAN/RLHUV004-N33.wav
input/NOISY/RLHUV004-N34.wav,input/CLEAN/RLHUV004-N34.wav
input/NOISY/RLHUV004-N35.wav,input/CLEAN/RLHUV004-N35.wav
input/NOISY/RLHUV004-N36.wav,input/CLEAN/RLHUV004-N36.wav
input/NOISY/RLHUV004-N37.wav,input/CLEAN/RLHUV004-N37.wav
input/NOISY/RLHUV004-N38.wav,input/CLEAN/RLHUV004-N38.wav
input/NOISY/RLHUV004-N39.wav,input/CLEAN/RLHUV004-N39.wav
input/NOISY/RLHUV004-N40.wav,input/CLEAN/RLHUV004-N40.wav
input/NOISY/RLHUV004-N41.wav,input/CLEAN/RLHUV004-N41.wav
input/NOISY/RLHUV004-N42.wav,input/CLEAN/RLHUV004-N42.wav
input/NOISY/RLHUV004-N43.wav,input/CLEAN/RLHUV004-N43.wav
input/NOISY/RLHUV004-N44.wav,input/CLEAN/RLHUV004-N44.wav
input/NOISY/RLHUV004-N45.wav,input/CLEAN/RLHUV004-N45.wav
input/NOISY/RLHUV004-N46.wav,input/CLEAN/RLHUV004-N46.wav
input/NOISY/RLHUV004-N47.wav,input/CLEAN/RLHUV004-N47.wav
input/NOISY/RLHUV005-N01.wav,input/CLEAN/RLHUV005-N01.wav
input/NOISY/RLHUV005-N02.wav,input/CLEAN/RLHUV005-N02.wav
input/NOISY/RLHUV005-N03.wav,input/CLEAN/RLHUV005-N03.wav
input/NOISY/RLHUV005-N04.wav,input/CLEAN/RLHUV005-N04.wav
input/NOISY/RLHUV005-N05.wav,input/CLEAN/RLHUV005-N05.wav
input/NOISY/RLHUV005-N06.wav,input/CLEAN/RLHUV005-N06.wav
input/NOISY/RLHUV005-N07.wav,input/CLEAN/RLHUV005-N07.wav
input/NOISY/RLHUV005-N08.wav,input/CLEAN/RLHUV005-N08.wav
input/NOISY/RLHUV005-N09.wav,input/CLEAN/RLHUV005-N09.wav
input/NOISY/RLHUV005-N10.wav,input/CLEAN/RLHUV005-N10.wav
input/NOISY/RLHUV005-N11.wav,input/CLEAN/RLHUV005-N11.wav
input/NOISY/RLHUV005-N12.wav,input/CLEAN/RLHUV005-N12.wav
input/NOISY/RLHUV005-N13.wav,input/CLEAN/RLHUV005-N13.wav
input/NOISY/RLHUV005-N14.wav,input/CLEAN/RLHUV005-N14.wav
input/NOISY/RLHUV005-N15.wav,input/CLEAN/RLHUV005-N15.wav
input/NOISY/RLHUV005-N16.wav,input/CLEAN/RLHUV005-N16.wav
input/NOISY/RLHUV005-N17.wav,input/CLEAN/RLHUV005-N17.wav
input/NOISY/RLHUV005-N18.wav,input/CLEAN/RLHUV005-N18.wav
input/NOISY/RLHUV005-N19.wav,input/CLEAN/RLHUV005-N19.wav
input/NOISY/RLHUV005-N20.wav,input/CLEAN/RLHUV005-N20.wav
input/NOISY/RLHUV005-N21.wav,input/CLEAN/RLHUV005-N21.wav
input/NOISY/RLHUV005-N22.wav,input/CLEAN/RLHUV005-N22.wav
input/NOISY/RLHUV005-N23.wav,input/CLEAN/RLHUV005-N23.wav
input/NOISY/RLHUV005-N24.wav,input/CLEAN/RLHUV005-N24.wav
input/NOISY/RLHUV005-N25.wav,input/CLEAN/RLHUV005-N25.wav
input/NOISY/RLHUV005-N26.wav,input/CLEAN/RLHUV005-N26.wav
input/NOISY/RLHUV005-N27.wav,input/CLEAN/RLHUV005-N27.wav
input/NOISY/RLHUV005-N28.wav,input/CLEAN/RLHUV005-N28.wav
input/NOISY/RLHUV005-N29.wav,input/CLEAN/RLHUV005-N29.wav
input/NOISY/RLHUV005-N30.wav,input/CLEAN/RLHUV005-N30.wav
input/NOISY/RLHUV005-N31.wav,input/CLEAN/RLHUV005-N31.wav
input/NOISY/RLHUV005-N32.wav,input/CLEAN/RLHUV005-N32.wav
input/NOISY/RLHUV005-N33.wav,input/CLEAN/RLHUV005-N33.wav
input/NOISY/RLHUV005-N34.wav,input/CLEAN/RLHUV005-N34.wav
input/NOISY/RLHUV005-N35.wav,input/CLEAN/RLHUV005-N35.wav
input/NOISY/RLHUV005-N36.wav,input/CLEAN/RLHUV005-N36.wav
input/NOISY/RLHUV005-N37.wav,input/CLEAN/RLHUV005-N37.wav
input/NOISY/RLHUV005-N38.wav,input/CLEAN/RLHUV005-N38.wav
input/NOISY/RLHUV005-N39.wav,input/CLEAN/RLHUV005-N39.wav
input/NOISY/RLHUV005-N40.wav,input/CLEAN/RLHUV005-N40.wav
input/NOISY/RLHUV005-N41.wav,input/CLEAN/RLHUV005-N41.wav
input/NOISY/RLHUV005-N42.wav,input/CLEAN/RLHUV005-N42.wav
input/NOISY/RLHUV005-N43.wav,input/CLEAN/RLHUV005-N43.wav
input/NOISY/RLHUV005-N44.wav,input/CLEAN/RLHUV005-N44.wav
input/NOISY/RLHUV005-N45.wav,input/CLEAN/RLHUV005-N45.wav
input/NOISY/RLHUV005-N46.wav,input/CLEAN/RLHUV005-N46.wav
input/NOISY/RLHUV005-N47.wav,input/CLEAN/RLHUV005-N47.wav
input/NOISY/RLHUV006-N01.wav,input/CLEAN/RLHUV006-N01.wav
input/NOISY/RLHUV006-N02.wav,input/CLEAN/RLHUV006-N02.wav
input/NOISY/RLHUV006-N03.wav,input/CLEAN/RLHUV006-N03.wav
input/NOISY/RLHUV006-N04.wav,input/CLEAN/RLHUV006-N04.wav
input/NOISY/RLHUV006-N05.wav,input/CLEAN/RLHUV006-N05.wav
input/NOISY/RLHUV006-N06.wav,input/CLEAN/RLHUV006-N06.wav
input/NOISY/RLHUV006-N07.wav,input/CLEAN/RLHUV006-N07.wav
input/NOISY/RLHUV006-N08.wav,input/CLEAN/RLHUV006-N08.wav
input/NOISY/RLHUV006-N09.wav,input/CLEAN/RLHUV006-N09.wav
input/NOISY/RLHUV006-N10.wav,input/CLEAN/RLHUV006-N10.wav
input/NOISY/RLHUV006-N11.wav,input/CLEAN/RLHUV006-N11.wav
input/NOISY/RLHUV006-N12.wav,input/CLEAN/RLHUV006-N12.wav
input/NOISY/RLHUV006-N13.wav,input/CLEAN/RLHUV006-N13.wav
input/NOISY/RLHUV006-N14.wav,input/CLEAN/RLHUV006-N14.wav
input/NOISY/RLHUV006-N15.wav,input/CLEAN/RLHUV006-N15.wav
input/NOISY/RLHUV006-N16.wav,input/CLEAN/RLHUV006-N16.wav
input/NOISY/RLHUV006-N17.wav,input/CLEAN/RLHUV006-N17.wav
input/NOISY/RLHUV006-N18.wav,input/CLEAN/RLHUV006-N18.wav
input/NOISY/RLHUV006-N19.wav,input/CLEAN/RLHUV006-N19.wav
input/NOISY/RLHUV006-N20.wav,input/CLEAN/RLHUV006-N20.wav
input/NOISY/RLHUV006-N21.wav,input/CLEAN/RLHUV006-N21.wav
input/NOISY/RLHUV006-N22.wav,input/CLEAN/RLHUV006-N22.wav
input/NOISY/RLHUV006-N23.wav,input/CLEAN/RLHUV006-N23.wav
input/NOISY/RLHUV006-N24.wav,input/CLEAN/RLHUV006-N24.wav
input/NOISY/RLHUV006-N25.wav,input/CLEAN/RLHUV006-N25.wav
input/NOISY/RLHUV006-N26.wav,input/CLEAN/RLHUV006-N26.wav
input/NOISY/RLHUV006-N27.wav,input/CLEAN/RLHUV006-N27.wav
input/NOISY/RLHUV006-N28.wav,input/CLEAN/RLHUV006-N28.wav
input/NOISY/RLHUV006-N29.wav,input/CLEAN/RLHUV006-N29.wav
input/NOISY/RLHUV006-N30.wav,input/CLEAN/RLHUV006-N30.wav
input/NOISY/RLHUV006-N31.wav,input/CLEAN/RLHUV006-N31.wav
input/NOISY/RLHUV006-N32.wav,input/CLEAN/RLHUV006-N32.wav
input/NOISY/RLHUV006-N33.wav,input/CLEAN/RLHUV006-N33.wav
input/NOISY/RLHUV006-N34.wav,input/CLEAN/RLHUV006-N34.wav
input/NOISY/RLHUV006-N35.wav,input/CLEAN/RLHUV006-N35.wav
input/NOISY/RLHUV006-N36.wav,input/CLEAN/RLHUV006-N36.wav
input/NOISY/RLHUV006-N37.wav,input/CLEAN/RLHUV006-N37.wav
input/NOISY/RLHUV006-N38.wav,input/CLEAN/RLHUV006-N38.wav
input/NOISY/RLHUV006-N39.wav,input/CLEAN/RLHUV006-N39.wav
input/NOISY/RLHUV006-N40.wav,input/CLEAN/RLHUV006-N40.wav
input/NOISY/RLHUV006-N41.wav,input/CLEAN/RLHUV006-N41.wav
input/NOISY/RLHUV006-N42.wav,input/CLEAN/RLHUV006-N42.wav
input/NOISY/RLHUV006-N43.wav,input/CLEAN/RLHUV006-N43.wav
input/NOISY/RLHUV006-N44.wav,input/CLEAN/RLHUV006-N44.wav
input/NOISY/RLHUV006-N45.wav,input/CLEAN/RLHUV006-N45.wav
input/NOISY/RLHUV006-N46.wav,input/CLEAN/RLHUV006-N46.wav
input/NOISY/RLHUV006-N47.wav,input/CLEAN/RLHUV006-N47.wav
input/NOISY/RLHUV007-N01.wav,input/CLEAN/RLHUV007-N01.wav
input/NOISY/RLHUV007-N02.wav,input/CLEAN/RLHUV007-N02.wav
input/NOISY/RLHUV007-N03.wav,input/CLEAN/RLHUV007-N03.wav
input/NOISY/RLHUV007-N04.wav,input/CLEAN/RLHUV007-N04.wav
input/NOISY/RLHUV007-N05.wav,input/CLEAN/RLHUV007-N05.wav
input/NOISY/RLHUV007-N06.wav,input/CLEAN/RLHUV007-N06.wav
input/NOISY/RLHUV007-N07.wav,input/CLEAN/RLHUV007-N07.wav
input/NOISY/RLHUV007-N08.wav,input/CLEAN/RLHUV007-N08.wav
input/NOISY/RLHUV007-N09.wav,input/CLEAN/RLHUV007-N09.wav
input/NOISY/RLHUV007-N10.wav,input/CLEAN/RLHUV007-N10.wav
input/NOISY/RLHUV007-N11.wav,input/CLEAN/RLHUV007-N11.wav
input/NOISY/RLHUV007-N12.wav,input/CLEAN/RLHUV007-N12.wav
input/NOISY/RLHUV007-N13.wav,input/CLEAN/RLHUV007-N13.wav
input/NOISY/RLHUV007-N14.wav,input/CLEAN/RLHUV007-N14.wav
input/NOISY/RLHUV007-N15.wav,input/CLEAN/RLHUV007-N15.wav
input/NOISY/RLHUV007-N16.wav,input/CLEAN/RLHUV007-N16.wav
input/NOISY/RLHUV007-N17.wav,input/CLEAN/RLHUV007-N17.wav
input/NOISY/RLHUV007-N18.wav,input/CLEAN/RLHUV007-N18.wav
input/NOISY/RLHUV007-N19.wav,input/CLEAN/RLHUV007-N19.wav
input/NOISY/RLHUV007-N20.wav,input/CLEAN/RLHUV007-N20.wav
input/NOISY/RLHUV007-N21.wav,input/CLEAN/RLHUV007-N21.wav
input/NOISY/RLHUV007-N22.wav,input/CLEAN/RLHUV007-N22.wav
input/NOISY/RLHUV007-N23.wav,input/CLEAN/RLHUV007-N23.wav
input/NOISY/RLHUV007-N24.wav,input/CLEAN/RLHUV007-N24.wav
input/NOISY/RLHUV007-N25.wav,input/CLEAN/RLHUV007-N25.wav
input/NOISY/RLHUV007-N26.wav,input/CLEAN/RLHUV007-N26.wav
input/NOISY/RLHUV007-N27.wav,input/CLEAN/RLHUV007-N27.wav
input/NOISY/RLHUV007-N28.wav,input/CLEAN/RLHUV007-N28.wav
input/NOISY/RLHUV007-N29.wav,input/CLEAN/RLHUV007-N29.wav
input/NOISY/RLHUV007-N30.wav,input/CLEAN/RLHUV007-N30.wav
input/NOISY/RLHUV007-N31.wav,input/CLEAN/RLHUV007-N31.wav
input/NOISY/RLHUV007-N32.wav,input/CLEAN/RLHUV007-N32.wav
input/NOISY/RLHUV007-N33.wav,input/CLEAN/RLHUV007-N33.wav
input/NOISY/RLHUV007-N34.wav,input/CLEAN/RLHUV007-N34.wav
input/NOISY/RLHUV007-N35.wav,input/CLEAN/RLHUV007-N35.wav
input/NOISY/RLHUV007-N36.wav,input/CLEAN/RLHUV007-N36.wav
input/NOISY/RLHUV007-N37.wav,input/CLEAN/RLHUV007-N37.wav
input/NOISY/RLHUV007-N38.wav,input/CLEAN/RLHUV007-N38.wav
input/NOISY/RLHUV007-N39.wav,input/CLEAN/RLHUV007-N39.wav
input/NOISY/RLHUV007-N40.wav,input/CLEAN/RLHUV007-N40.wav
input/NOISY/RLHUV007-N41.wav,input/CLEAN/RLHUV007-N41.wav
input/NOISY/RLHUV007-N42.wav,input/CLEAN/RLHUV007-N42.wav
input/NOISY/RLHUV007-N43.wav,input/CLEAN/RLHUV007-N43.wav
input/NOISY/RLHUV007-N44.wav,input/CLEAN/RLHUV007-N44.wav
input/NOISY/RLHUV007-N45.wav,input/CLEAN/RLHUV007-N45.wav
input/NOISY/RLHUV007-N46.wav,input/CLEAN/RLHUV007-N46.wav
input/NOISY/RLHUV007-N47.wav,input/CLEAN/RLHUV007-N47.wav
input/NOISY/RLHUV008-N01.wav,input/CLEAN/RLHUV008-N01.wav
input/NOISY/RLHUV008-N02.wav,input/CLEAN/RLHUV008-N02.wav
input/NOISY/RLHUV008-N03.wav,input/CLEAN/RLHUV008-N03.wav
input/NOISY/RLHUV008-N04.wav,input/CLEAN/RLHUV008-N04.wav
input/NOISY/RLHUV008-N05.wav,input/CLEAN/RLHUV008-N05.wav
input/NOISY/RLHUV008-N06.wav,input/CLEAN/RLHUV008-N06.wav
input/NOISY/RLHUV008-N07.wav,input/CLEAN/RLHUV008-N07.wav
input/NOISY/RLHUV008-N08.wav,input/CLEAN/RLHUV008-N08.wav
input/NOISY/RLHUV008-N09.wav,input/CLEAN/RLHUV008-N09.wav
input/NOISY/RLHUV008-N10.wav,input/CLEAN/RLHUV008-N10.wav
input/NOISY/RLHUV008-N11.wav,input/CLEAN/RLHUV008-N11.wav
input/NOISY/RLHUV008-N12.wav,input/CLEAN/RLHUV008-N12.wav
input/NOISY/RLHUV008-N13.wav,input/CLEAN/RLHUV008-N13.wav
input/NOISY/RLHUV008-N14.wav,input/CLEAN/RLHUV008-N14.wav
input/NOISY/RLHUV008-N15.wav,input/CLEAN/RLHUV008-N15.wav
input/NOISY/RLHUV008-N16.wav,input/CLEAN/RLHUV008-N16.wav
input/NOISY/RLHUV008-N17.wav,input/CLEAN/RLHUV008-N17.wav
input/NOISY/RLHUV008-N18.wav,input/CLEAN/RLHUV008-N18.wav
input/NOISY/RLHUV008-N19.wav,input/CLEAN/RLHUV008-N19.wav
input/NOISY/RLHUV008-N20.wav,input/CLEAN/RLHUV008-N20.wav
input/NOISY/RLHUV008-N21.wav,input/CLEAN/RLHUV008-N21.wav
input/NOISY/RLHUV008-N22.wav,input/CLEAN/RLHUV008-N22.wav
input/NOISY/RLHUV008-N23.wav,input/CLEAN/RLHUV008-N23.wav
input/NOISY/RLHUV008-N24.wav,input/CLEAN/RLHUV008-N24.wav
input/NOISY/RLHUV008-N25.wav,input/CLEAN/RLHUV008-N25.wav
input/NOISY/RLHUV008-N26.wav,input/CLEAN/RLHUV008-N26.wav
input/NOISY/RLHUV008-N27.wav,input/CLEAN/RLHUV008-N27.wav
input/NOISY/RLHUV008-N28.wav,input/CLEAN/RLHUV008-N28.wav
input/NOISY/RLHUV008-N29.wav,input/CLEAN/RLHUV008-N29.wav
input/NOISY/RLHUV008-N30.wav,input/CLEAN/RLHUV008-N30.wav
input/NOISY/RLHUV008-N31.wav,input/CLEAN/RLHUV008-N31.wav
input/NOISY/RLHUV008-N32.wav,input/CLEAN/RLHUV008-N32.wav
input/NOISY/RLHUV008-N33.wav,input/CLEAN/RLHUV008-N33.wav
input/NOISY/RLHUV008-N34.wav,input/CLEAN/RLHUV008-N34.wav
input/NOISY/RLHUV008-N35.wav,input/CLEAN/RLHUV008-N35.wav
input/NOISY/RLHUV008-N36.wav,input/CLEAN/RLHUV008-N36.wav
input/NOISY/RLHUV008-N37.wav,input/CLEAN/RLHUV008-N37.wav
input/NOISY/RLHUV008-N38.wav,input/CLEAN/RLHUV008-N38.wav
input/NOISY/RLHUV008-N39.wav,input/CLEAN/RLHUV008-N39.wav
input/NOISY/RLHUV008-N40.wav,input/CLEAN/RLHUV008-N40.wav
input/NOISY/RLHUV008-N41.wav,input/CLEAN/RLHUV008-N41.wav
input/NOISY/RLHUV008-N42.wav,input/CLEAN/RLHUV008-N42.wav
input/NOISY/RLHUV008-N43.wav,input/CLEAN/RLHUV008-N43.wav
input/NOISY/RLHUV008-N44.wav,input/CLEAN/RLHUV008-N44.wav
input/NOISY/RLHUV008-N45.wav,input/CLEAN/RLHUV008-N45.wav
input/NOISY/RLHUV008-N46.wav,input/CLEAN/RLHUV008-N46.wav
input/NOISY/RLHUV008-N47.wav,input/CLEAN/RLHUV008-N47.wav
input/NOISY/RLHUV009-N01.wav,input/CLEAN/RLHUV009-N01.wav
input/NOISY/RLHUV009-N02.wav,input/CLEAN/RLHUV009-N02.wav
input/NOISY/RLHUV009-N03.wav,input/CLEAN/RLHUV009-N03.wav
input/NOISY/RLHUV009-N04.wav,input/CLEAN/RLHUV009-N04.wav
input/NOISY/RLHUV009-N05.wav,input/CLEAN/RLHUV009-N05.wav
input/NOISY/RLHUV009-N06.wav,input/CLEAN/RLHUV009-N06.wav
input/NOISY/RLHUV009-N07.wav,input/CLEAN/RLHUV009-N07.wav
input/NOISY/RLHUV009-N08.wav,input/CLEAN/RLHUV009-N08.wav
input/NOISY/RLHUV009-N09.wav,input/CLEAN/RLHUV009-N09.wav
input/NOISY/RLHUV009-N10.wav,input/CLEAN/RLHUV009-N10.wav
input/NOISY/RLHUV009-N11.wav,input/CLEAN/RLHUV009-N11.wav
input/NOISY/RLHUV009-N12.wav,input/CLEAN/RLHUV009-N12.wav
input/NOISY/RLHUV009-N13.wav,input/CLEAN/RLHUV009-N13.wav
input/NOISY/RLHUV009-N14.wav,input/CLEAN/RLHUV009-N14.wav
input/NOISY/RLHUV009-N15.wav,input/CLEAN/RLHUV009-N15.wav
input/NOISY/RLHUV009-N16.wav,input/CLEAN/RLHUV009-N16.wav
input/NOISY/RLHUV009-N17.wav,input/CLEAN/RLHUV009-N17.wav
input/NOISY/RLHUV009-N18.wav,input/CLEAN/RLHUV009-N18.wav
input/NOISY/RLHUV009-N19.wav,input/CLEAN/RLHUV009-N19.wav
input/NOISY/RLHUV009-N20.wav,input/CLEAN/RLHUV009-N20.wav
input/NOISY/RLHUV009-N21.wav,input/CLEAN/RLHUV009-N21.wav
input/NOISY/RLHUV009-N22.wav,input/CLEAN/RLHUV009-N22.wav
input/NOISY/RLHUV009-N23.wav,input/CLEAN/RLHUV009-N23.wav
input/NOISY/RLHUV009-N24.wav,input/CLEAN/RLHUV009-N24.wav
input/NOISY/RLHUV009-N25.wav,input/CLEAN/RLHUV009-N25.wav
input/NOISY/RLHUV009-N26.wav,input/CLEAN/RLHUV009-N26.wav
input/NOISY/RLHUV009-N27.wav,input/CLEAN/RLHUV009-N27.wav
input/NOISY/RLHUV009-N28.wav,input/CLEAN/RLHUV009-N28.wav
input/NOISY/RLHUV009-N29.wav,input/CLEAN/RLHUV009-N29.wav
input/NOISY/RLHUV009-N30.wav,input/CLEAN/RLHUV009-N30.wav
input/NOISY/RLHUV009-N31.wav,input/CLEAN/RLHUV009-N31.wav
input/NOISY/RLHUV009-N32.wav,input/CLEAN/RLHUV009-N32.wav
input/NOISY/RLHUV009-N33.wav,input/CLEAN/RLHUV009-N33.wav
input/NOISY/RLHUV009-N34.wav,input/CLEAN/RLHUV009-N34.wav
input/NOISY/RLHUV009-N35.wav,input/CLEAN/RLHUV009-N35.wav
input/NOISY/RLHUV009-N36.wav,input/CLEAN/RLHUV009-N36.wav
input/NOISY/RLHUV009-N37.wav,input/CLEAN/RLHUV009-N37.wav
input/NOISY/RLHUV009-N38.wav,input/CLEAN/RLHUV009-N38.wav
input/NOISY/RLHUV009-N39.wav,input/CLEAN/RLHUV009-N39.wav
input/NOISY/RLHUV009-N40.wav,input/CLEAN/RLHUV009-N40.wav
input/NOISY/RLHUV009-N41.wav,input/CLEAN/RLHUV009-N41.wav
input/NOISY/RLHUV009-N42.wav,input/CLEAN/RLHUV009-N42.wav
input/NOISY/RLHUV009-N43.wav,input/CLEAN/RLHUV009-N43.wav
input/NOISY/RLHUV009-N44.wav,input/CLEAN/RLHUV009-N44.wav
input/NOISY/RLHUV009-N45.wav,input/CLEAN/RLHUV009-N45.wav
input/NOISY/RLHUV009-N46.wav,input/CLEAN/RLHUV009-N46.wav
input/NOISY/RLHUV009-N47.wav,input/CLEAN/RLHUV009-N47.wav
input/NOISY/RLHUV010-N01.wav,input/CLEAN/RLHUV010-N01.wav
input/NOISY/RLHUV010-N02.wav,input/CLEAN/RLHUV010-N02.wav
input/NOISY/RLHUV010-N03.wav,input/CLEAN/RLHUV010-N03.wav
input/NOISY/RLHUV010-N04.wav,input/CLEAN/RLHUV010-N04.wav
input/NOISY/RLHUV010-N05.wav,input/CLEAN/RLHUV010-N05.wav
input/NOISY/RLHUV010-N06.wav,input/CLEAN/RLHUV010-N06.wav
input/NOISY/RLHUV010-N07.wav,input/CLEAN/RLHUV010-N07.wav
input/NOISY/RLHUV010-N08.wav,input/CLEAN/RLHUV010-N08.wav
input/NOISY/RLHUV010-N09.wav,input/CLEAN/RLHUV010-N09.wav
input/NOISY/RLHUV010-N10.wav,input/CLEAN/RLHUV010-N10.wav
input/NOISY/RLHUV010-N11.wav,input/CLEAN/RLHUV010-N11.wav
input/NOISY/RLHUV010-N12.wav,input/CLEAN/RLHUV010-N12.wav
input/NOISY/RLHUV010-N13.wav,input/CLEAN/RLHUV010-N13.wav
input/NOISY/RLHUV010-N14.wav,input/CLEAN/RLHUV010-N14.wav
input/NOISY/RLHUV010-N15.wav,input/CLEAN/RLHUV010-N15.wav
input/NOISY/RLHUV010-N16.wav,input/CLEAN/RLHUV010-N16.wav
input/NOISY/RLHUV010-N17.wav,input/CLEAN/RLHUV010-N17.wav
input/NOISY/RLHUV010-N18.wav,input/CLEAN/RLHUV010-N18.wav
input/NOISY/RLHUV010-N19.wav,input/CLEAN/RLHUV010-N19.wav
input/NOISY/RLHUV010-N20.wav,input/CLEAN/RLHUV010-N20.wav
input/NOISY/RLHUV010-N21.wav,input/CLEAN/RLHUV010-N21.wav
input/NOISY/RLHUV010-N22.wav,input/CLEAN/RLHUV010-N22.wav
input/NOISY/RLHUV010-N23.wav,input/CLEAN/RLHUV010-N23.wav
input/NOISY/RLHUV010-N24.wav,input/CLEAN/RLHUV010-N24.wav
input/NOISY/RLHUV010-N25.wav,input/CLEAN/RLHUV010-N25.wav
input/NOISY/RLHUV010-N26.wav,input/CLEAN/RLHUV010-N26.wav
input/NOISY/RLHUV010-N27.wav,input/CLEAN/RLHUV010-N27.wav
input/NOISY/RLHUV010-N28.wav,input/CLEAN/RLHUV010-N28.wav
input/NOISY/RLHUV010-N29.wav,input/CLEAN/RLHUV010-N29.wav
input/NOISY/RLHUV010-N30.wav,input/CLEAN/RLHUV010-N30.wav
input/NOISY/RLHUV010-N31.wav,input/CLEAN/RLHUV010-N31.wav
input/NOISY/RLHUV010-N32.wav,input/CLEAN/RLHUV010-N32.wav
input/NOISY/RLHUV010-N33.wav,input/CLEAN/RLHUV010-N33.wav
input/NOISY/RLHUV010-N34.wav,input/CLEAN/RLHUV010-N34.wav
input/NOISY/RLHUV010-N35.wav,input/CLEAN/RLHUV010-N35.wav
input/NOISY/RLHUV010-N36.wav,input/CLEAN/RLHUV010-N36.wav
input/NOISY/RLHUV010-N37.wav,input/CLEAN/RLHUV010-N37.wav
input/NOISY/RLHUV010-N38.wav,input/CLEAN/RLHUV010-N38.wav
input/NOISY/RLHUV010-N39.wav,input/CLEAN/RLHUV010-N39.wav
input/NOISY/RLHUV010-N40.wav,input/CLEAN/RLHUV010-N40.wav
input/NOISY/RLHUV010-N41.wav,input/CLEAN/RLHUV010-N41.wav
input/NOISY/RLHUV010-N42.wav,input/CLEAN/RLHUV010-N42.wav
input/NOISY/RLHUV010-N43.wav,input/CLEAN/RLHUV010-N43.wav
input/NOISY/RLHUV010-N44.wav,input/CLEAN/RLHUV010-N44.wav
input/NOISY/RLHUV010-N45.wav,input/CLEAN/RLHUV010-N45.wav
input/NOISY/RLHUV010-N46.wav,input/CLEAN/RLHUV010-N46.wav
input/NOISY/RLHUV010-N47.wav,input/CLEAN/RLHUV010-N47.wav
input/NOISY/RLHUV011-N01.wav,input/CLEAN/RLHUV011-N01.wav
input/NOISY/RLHUV011-N02.wav,input/CLEAN/RLHUV011-N02.wav
input/NOISY/RLHUV011-N03.wav,input/CLEAN/RLHUV011-N03.wav
input/NOISY/RLHUV011-N04.wav,input/CLEAN/RLHUV011-N04.wav
input/NOISY/RLHUV011-N05.wav,input/CLEAN/RLHUV011-N05.wav
input/NOISY/RLHUV011-N06.wav,input/CLEAN/RLHUV011-N06.wav
input/NOISY/RLHUV011-N07.wav,input/CLEAN/RLHUV011-N07.wav
input/NOISY/RLHUV011-N08.wav,input/CLEAN/RLHUV011-N08.wav
input/NOISY/RLHUV011-N09.wav,input/CLEAN/RLHUV011-N09.wav
input/NOISY/RLHUV011-N10.wav,input/CLEAN/RLHUV011-N10.wav
input/NOISY/RLHUV011-N11.wav,input/CLEAN/RLHUV011-N11.wav
input/NOISY/RLHUV011-N12.wav,input/CLEAN/RLHUV011-N12.wav
input/NOISY/RLHUV011-N13.wav,input/CLEAN/RLHUV011-N13.wav
input/NOISY/RLHUV011-N14.wav,input/CLEAN/RLHUV011-N14.wav
input/NOISY/RLHUV011-N15.wav,input/CLEAN/RLHUV011-N15.wav
input/NOISY/RLHUV011-N16.wav,input/CLEAN/RLHUV011-N16.wav
input/NOISY/RLHUV011-N17.wav,input/CLEAN/RLHUV011-N17.wav
input/NOISY/RLHUV011-N18.wav,input/CLEAN/RLHUV011-N18.wav
input/NOISY/RLHUV011-N19.wav,input/CLEAN/RLHUV011-N19.wav
input/NOISY/RLHUV011-N20.wav,input/CLEAN/RLHUV011-N20.wav
input/NOISY/RLHUV011-N21.wav,input/CLEAN/RLHUV011-N21.wav
input/NOISY/RLHUV011-N22.wav,input/CLEAN/RLHUV011-N22.wav
input/NOISY/RLHUV011-N23.wav,input/CLEAN/RLHUV011-N23.wav
input/NOISY/RLHUV011-N24.wav,input/CLEAN/RLHUV011-N24.wav
input/NOISY/RLHUV011-N25.wav,input/CLEAN/RLHUV011-N25.wav
input/NOISY/RLHUV011-N26.wav,input/CLEAN/RLHUV011-N26.wav
input/NOISY/RLHUV011-N27.wav,input/CLEAN/RLHUV011-N27.wav
input/NOISY/RLHUV011-N28.wav,input/CLEAN/RLHUV011-N28.wav
input/NOISY/RLHUV011-N29.wav,input/CLEAN/RLHUV011-N29.wav
input/NOISY/RLHUV011-N30.wav,input/CLEAN/RLHUV011-N30.wav
input/NOISY/RLHUV011-N31.wav,input/CLEAN/RLHUV011-N31.wav
input/NOISY/RLHUV011-N32.wav,input/CLEAN/RLHUV011-N32.wav
input/NOISY/RLHUV011-N33.wav,input/CLEAN/RLHUV011-N33.wav
input/NOISY/RLHUV011-N34.wav,input/CLEAN/RLHUV011-N34.wav
input/NOISY/RLHUV011-N35.wav,input/CLEAN/RLHUV011-N35.wav
input/NOISY/RLHUV011-N36.wav,input/CLEAN/RLHUV011-N36.wav
input/NOISY/RLHUV011-N37.wav,input/CLEAN/RLHUV011-N37.wav
input/NOISY/RLHUV011-N38.wav,input/CLEAN/RLHUV011-N38.wav
input/NOISY/RLHUV011-N39.wav,input/CLEAN/RLHUV011-N39.wav
input/NOISY/RLHUV011-N40.wav,input/CLEAN/RLHUV011-N40.wav
input/NOISY/RLHUV011-N41.wav,input/CLEAN/RLHUV011-N41.wav
input/NOISY/RLHUV011-N42.wav,input/CLEAN/RLHUV011-N42.wav
input/NOISY/RLHUV011-N43.wav,input/CLEAN/RLHUV011-N43.wav
input/NOISY/RLHUV011-N44.wav,input/CLEAN/RLHUV011-N44.wav
input/NOISY/RLHUV011-N45.wav,input/CLEAN/RLHUV011-N45.wav
input/NOISY/RLHUV011-N46.wav,input/CLEAN/RLHUV011-N46.wav
input/NOISY/RLHUV011-N47.wav,input/CLEAN/RLHUV011-N47.wav
input/NOISY/RLHUV012-N01.wav,input/CLEAN/RLHUV012-N01.wav
input/NOISY/RLHUV012-N02.wav,input/CLEAN/RLHUV012-N02.wav
input/NOISY/RLHUV012-N03.wav,input/CLEAN/RLHUV012-N03.wav
input/NOISY/RLHUV012-N04.wav,input/CLEAN/RLHUV012-N04.wav
input/NOISY/RLHUV012-N05.wav,input/CLEAN/RLHUV012-N05.wav
input/NOISY/RLHUV012-N06.wav,input/CLEAN/RLHUV012-N06.wav
input/NOISY/RLHUV012-N07.wav,input/CLEAN/RLHUV012-N07.wav
input/NOISY/RLHUV012-N08.wav,input/CLEAN/RLHUV012-N08.wav
input/NOISY/RLHUV012-N09.wav,input/CLEAN/RLHUV012-N09.wav
input/NOISY/RLHUV012-N10.wav,input/CLEAN/RLHUV012-N10.wav
input/NOISY/RLHUV012-N11.wav,input/CLEAN/RLHUV012-N11.wav
input/NOISY/RLHUV012-N12.wav,input/CLEAN/RLHUV012-N12.wav
input/NOISY/RLHUV012-N13.wav,input/CLEAN/RLHUV012-N13.wav
input/NOISY/RLHUV012-N14.wav,input/CLEAN/RLHUV012-N14.wav
input/NOISY/RLHUV012-N15.wav,input/CLEAN/RLHUV012-N15.wav
input/NOISY/RLHUV012-N16.wav,input/CLEAN/RLHUV012-N16.wav
input/NOISY/RLHUV012-N17.wav,input/CLEAN/RLHUV012-N17.wav
input/NOISY/RLHUV012-N18.wav,input/CLEAN/RLHUV012-N18.wav
input/NOISY/RLHUV012-N19.wav,input/CLEAN/RLHUV012-N19.wav
input/NOISY/RLHUV012-N20.wav,input/CLEAN/RLHUV012-N20.wav
input/NOISY/RLHUV012-N21.wav,input/CLEAN/RLHUV012-N21.wav
input/NOISY/RLHUV012-N22.wav,input/CLEAN/RLHUV012-N22.wav
input/NOISY/RLHUV012-N23.wav,input/CLEAN/RLHUV012-N23.wav
input/NOISY/RLHUV012-N24.wav,input/CLEAN/RLHUV012-N24.wav
input/NOISY/RLHUV012-N25.wav,input/CLEAN/RLHUV012-N25.wav
input/NOISY/RLHUV012-N26.wav,input/CLEAN/RLHUV012-N26.wav
input/NOISY/RLHUV012-N27.wav,input/CLEAN/RLHUV012-N27.wav
input/NOISY/RLHUV012-N28.wav,input/CLEAN/RLHUV012-N28.wav
input/NOISY/RLHUV012-N29.wav,input/CLEAN/RLHUV012-N29.wav
input/NOISY/RLHUV012-N30.wav,input/CLEAN/RLHUV012-N30.wav
input/NOISY/RLHUV012-N31.wav,input/CLEAN/RLHUV012-N31.wav
input/NOISY/RLHUV012-N32.wav,input/CLEAN/RLHUV012-N32.wav
input/NOISY/RLHUV012-N33.wav,input/CLEAN/RLHUV012-N33.wav
input/NOISY/RLHUV012-N34.wav,input/CLEAN/RLHUV012-N34.wav
input/NOISY/RLHUV012-N35.wav,input/CLEAN/RLHUV012-N35.wav
input/NOISY/RLHUV012-N36.wav,input/CLEAN/RLHUV012-N36.wav
input/NOISY/RLHUV012-N37.wav,input/CLEAN/RLHUV012-N37.wav
input/NOISY/RLHUV012-N38.wav,input/CLEAN/RLHUV012-N38.wav
input/NOISY/RLHUV012-N39.wav,input/CLEAN/RLHUV012-N39.wav
input/NOISY/RLHUV012-N40.wav,input/CLEAN/RLHUV012-N40.wav
input/NOISY/RLHUV012-N41.wav,input/CLEAN/RLHUV012-N41.wav
input/NOISY/RLHUV012-N42.wav,input/CLEAN/RLHUV012-N42.wav
input/NOISY/RLHUV012-N43.wav,input/CLEAN/RLHUV012-N43.wav
input/NOISY/RLHUV012-N44.wav,input/CLEAN/RLHUV012-N44.wav
input/NOISY/RLHUV012-N45.wav,input/CLEAN/RLHUV012-N45.wav
input/NOISY/RLHUV012-N46.wav,input/CLEAN/RLHUV012-N46.wav
input/NOISY/RLHUV012-N47.wav,input/CLEAN/RLHUV012-N47.wav
input/NOISY/RLHUV013-N01.wav,input/CLEAN/RLHUV013-N01.wav
input/NOISY/RLHUV013-N02.wav,input/CLEAN/RLHUV013-N02.wav
input/NOISY/RLHUV013-N03.wav,input/CLEAN/RLHUV013-N03.wav
input/NOISY/RLHUV013-N04.wav,input/CLEAN/RLHUV013-N04.wav
input/NOISY/RLHUV013-N05.wav,input/CLEAN/RLHUV013-N05.wav
input/NOISY/RLHUV013-N06.wav,input/CLEAN/RLHUV013-N06.wav
input/NOISY/RLHUV013-N07.wav,input/CLEAN/RLHUV013-N07.wav
input/NOISY/RLHUV013-N08.wav,input/CLEAN/RLHUV013-N08.wav
input/NOISY/RLHUV013-N09.wav,input/CLEAN/RLHUV013-N09.wav
input/NOISY/RLHUV013-N10.wav,input/CLEAN/RLHUV013-N10.wav
input/NOISY/RLHUV013-N11.wav,input/CLEAN/RLHUV013-N11.wav
input/NOISY/RLHUV013-N12.wav,input/CLEAN/RLHUV013-N12.wav
input/NOISY/RLHUV013-N13.wav,input/CLEAN/RLHUV013-N13.wav
input/NOISY/RLHUV013-N14.wav,input/CLEAN/RLHUV013-N14.wav
input/NOISY/RLHUV013-N15.wav,input/CLEAN/RLHUV013-N15.wav
input/NOISY/RLHUV013-N16.wav,input/CLEAN/RLHUV013-N16.wav
input/NOISY/RLHUV013-N17.wav,input/CLEAN/RLHUV013-N17.wav
input/NOISY/RLHUV013-N18.wav,input/CLEAN/RLHUV013-N18.wav
input/NOISY/RLHUV013-N19.wav,input/CLEAN/RLHUV013-N19.wav
input/NOISY/RLHUV013-N20.wav,input/CLEAN/RLHUV013-N20.wav
input/NOISY/RLHUV013-N21.wav,input/CLEAN/RLHUV013-N21.wav
input/NOISY/RLHUV013-N22.wav,input/CLEAN/RLHUV013-N22.wav
input/NOISY/RLHUV013-N23.wav,input/CLEAN/RLHUV013-N23.wav
input/NOISY/RLHUV013-N24.wav,input/CLEAN/RLHUV013-N24.wav
input/NOISY/RLHUV013-N25.wav,input/CLEAN/RLHUV013-N25.wav
input/NOISY/RLHUV013-N26.wav,input/CLEAN/RLHUV013-N26.wav
input/NOISY/RLHUV013-N27.wav,input/CLEAN/RLHUV013-N27.wav
input/NOISY/RLHUV013-N28.wav,input/CLEAN/RLHUV013-N28.wav
input/NOISY/RLHUV013-N29.wav,input/CLEAN/RLHUV013-N29.wav
input/NOISY/RLHUV013-N30.wav,input/CLEAN/RLHUV013-N30.wav
input/NOISY/RLHUV013-N31.wav,input/CLEAN/RLHUV013-N31.wav
input/NOISY/RLHUV013-N32.wav,input/CLEAN/RLHUV013-N32.wav
input/NOISY/RLHUV013-N33.wav,input/CLEAN/RLHUV013-N33.wav
input/NOISY/RLHUV013-N34.wav,input/CLEAN/RLHUV013-N34.wav
input/NOISY/RLHUV013-N35.wav,input/CLEAN/RLHUV013-N35.wav
input/NOISY/RLHUV013-N36.wav,input/CLEAN/RLHUV013-N36.wav
input/NOISY/RLHUV013-N37.wav,input/CLEAN/RLHUV013-N37.wav
input/NOISY/RLHUV013-N38.wav,input/CLEAN/RLHUV013-N38.wav
input/NOISY/RLHUV013-N39.wav,input/CLEAN/RLHUV013-N39.wav
input/NOISY/RLHUV013-N40.wav,input/CLEAN/RLHUV013-N40.wav
input/NOISY/RLHUV013-N41.wav,input/CLEAN/RLHUV013-N41.wav
input/NOISY/RLHUV013-N42.wav,input/CLEAN/RLHUV013-N42.wav
input/NOISY/RLHUV013-N43.wav,input/CLEAN/RLHUV013-N43.wav
input/NOISY/RLHUV013-N44.wav,input/CLEAN/RLHUV013-N44.wav
input/NOISY/RLHUV013-N45.wav,input/CLEAN/RLHUV013-N45.wav
input/NOISY/RLHUV013-N46.wav,input/CLEAN/RLHUV013-N46.wav
input/NOISY/RLHUV013-N47.wav,input/CLEAN/RLHUV013-N47.wav
input/NOISY/RLHUV014-N01.wav,input/CLEAN/RLHUV014-N01.wav
input/NOISY/RLHUV014-N02.wav,input/CLEAN/RLHUV014-N02.wav
input/NOISY/RLHUV014-N03.wav,input/CLEAN/RLHUV014-N03.wav
input/NOISY/RLHUV014-N04.wav,input/CLEAN/RLHUV014-N04.wav
input/NOISY/RLHUV014-N05.wav,input/CLEAN/RLHUV014-N05.wav
input/NOISY/RLHUV014-N06.wav,input/CLEAN/RLHUV014-N06.wav
input/NOISY/RLHUV014-N07.wav,input/CLEAN/RLHUV014-N07.wav
input/NOISY/RLHUV014-N08.wav,input/CLEAN/RLHUV014-N08.wav
input/NOISY/RLHUV014-N09.wav,input/CLEAN/RLHUV014-N09.wav
input/NOISY/RLHUV014-N10.wav,input/CLEAN/RLHUV014-N10.wav
input/NOISY/RLHUV014-N11.wav,input/CLEAN/RLHUV014-N11.wav
input/NOISY/RLHUV014-N12.wav,input/CLEAN/RLHUV014-N12.wav
input/NOISY/RLHUV014-N13.wav,input/CLEAN/RLHUV014-N13.wav
input/NOISY/RLHUV014-N14.wav,input/CLEAN/RLHUV014-N14.wav
input/NOISY/RLHUV014-N15.wav,input/CLEAN/RLHUV014-N15.wav
input/NOISY/RLHUV014-N16.wav,input/CLEAN/RLHUV014-N16.wav
input/NOISY/RLHUV014-N17.wav,input/CLEAN/RLHUV014-N17.wav
input/NOISY/RLHUV014-N18.wav,input/CLEAN/RLHUV014-N18.wav
input/NOISY/RLHUV014-N19.wav,input/CLEAN/RLHUV014-N19.wav
input/NOISY/RLHUV014-N20.wav,input/CLEAN/RLHUV014-N20.wav
input/NOISY/RLHUV014-N21.wav,input/CLEAN/RLHUV014-N21.wav
input/NOISY/RLHUV014-N22.wav,input/CLEAN/RLHUV014-N22.wav
input/NOISY/RLHUV014-N23.wav,input/CLEAN/RLHUV014-N23.wav
input/NOISY/RLHUV014-N24.wav,input/CLEAN/RLHUV014-N24.wav
input/NOISY/RLHUV014-N25.wav,input/CLEAN/RLHUV014-N25.wav
input/NOISY/RLHUV014-N26.wav,input/CLEAN/RLHUV014-N26.wav
input/NOISY/RLHUV014-N27.wav,input/CLEAN/RLHUV014-N27.wav
input/NOISY/RLHUV014-N28.wav,input/CLEAN/RLHUV014-N28.wav
input/NOISY/RLHUV014-N29.wav,input/CLEAN/RLHUV014-N29.wav
input/NOISY/RLHUV014-N30.wav,input/CLEAN/RLHUV014-N30.wav
input/NOISY/RLHUV014-N31.wav,input/CLEAN/RLHUV014-N31.wav
input/NOISY/RLHUV014-N32.wav,input/CLEAN/RLHUV014-N32.wav
input/NOISY/RLHUV014-N33.wav,input/CLEAN/RLHUV014-N33.wav
input/NOISY/RLHUV014-N34.wav,input/CLEAN/RLHUV014-N34.wav
input/NOISY/RLHUV014-N35.wav,input/CLEAN/RLHUV014-N35.wav
input/NOISY/RLHUV014-N36.wav,input/CLEAN/RLHUV014-N36.wav
input/NOISY/RLHUV014-N37.wav,input/CLEAN/RLHUV014-N37.wav
input/NOISY/RLHUV014-N38.wav,input/CLEAN/RLHUV014-N38.wav
input/NOISY/RLHUV014-N39.wav,input/CLEAN/RLHUV014-N39.wav
input/NOISY/RLHUV014-N40.wav,input/CLEAN/RLHUV014-N40.wav
input/NOISY/RLHUV014-N41.wav,input/CLEAN/RLHUV014-N41.wav
input/NOISY/RLHUV014-N42.wav,input/CLEAN/RLHUV014-N42.wav
input/NOISY/RLHUV014-N43.wav,input/CLEAN/RLHUV014-N43.wav
input/NOISY/RLHUV014-N44.wav,input/CLEAN/RLHUV014-N44.wav
input/NOISY/RLHUV014-N45.wav,input/CLEAN/RLHUV014-N45.wav
input/NOISY/RLHUV014-N46.wav,input/CLEAN/RLHUV014-N46.wav
input/NOISY/RLHUV014-N47.wav,input/CLEAN/RLHUV014-N47.wav
input/NOISY/RLHUV015-N01.wav,input/CLEAN/RLHUV015-N01.wav
input/NOISY/RLHUV015-N02.wav,input/CLEAN/RLHUV015-N02.wav
input/NOISY/RLHUV015-N03.wav,input/CLEAN/RLHUV015-N03.wav
input/NOISY/RLHUV015-N04.wav,input/CLEAN/RLHUV015-N04.wav
input/NOISY/RLHUV015-N05.wav,input/CLEAN/RLHUV015-N05.wav
input/NOISY/RLHUV015-N06.wav,input/CLEAN/RLHUV015-N06.wav
input/NOISY/RLHUV015-N07.wav,input/CLEAN/RLHUV015-N07.wav
input/NOISY/RLHUV015-N08.wav,input/CLEAN/RLHUV015-N08.wav
input/NOISY/RLHUV015-N09.wav,input/CLEAN/RLHUV015-N09.wav
input/NOISY/RLHUV015-N10.wav,input/CLEAN/RLHUV015-N10.wav
input/NOISY/RLHUV015-N11.wav,input/CLEAN/RLHUV015-N11.wav
input/NOISY/RLHUV015-N12.wav,input/CLEAN/RLHUV015-N12.wav
input/NOISY/RLHUV015-N13.wav,input/CLEAN/RLHUV015-N13.wav
input/NOISY/RLHUV015-N14.wav,input/CLEAN/RLHUV015-N14.wav
input/NOISY/RLHUV015-N15.wav,input/CLEAN/RLHUV015-N15.wav
input/NOISY/RLHUV015-N16.wav,input/CLEAN/RLHUV015-N16.wav
input/NOISY/RLHUV015-N17.wav,input/CLEAN/RLHUV015-N17.wav
input/NOISY/RLHUV015-N18.wav,input/CLEAN/RLHUV015-N18.wav
input/NOISY/RLHUV015-N19.wav,input/CLEAN/RLHUV015-N19.wav
input/NOISY/RLHUV015-N20.wav,input/CLEAN/RLHUV015-N20.wav
input/NOISY/RLHUV015-N21.wav,input/CLEAN/RLHUV015-N21.wav
input/NOISY/RLHUV015-N22.wav,input/CLEAN/RLHUV015-N22.wav
input/NOISY/RLHUV015-N23.wav,input/CLEAN/RLHUV015-N23.wav
input/NOISY/RLHUV015-N24.wav,input/CLEAN/RLHUV015-N24.wav
input/NOISY/RLHUV015-N25.wav,input/CLEAN/RLHUV015-N25.wav
input/NOISY/RLHUV015-N26.wav,input/CLEAN/RLHUV015-N26.wav
input/NOISY/RLHUV015-N27.wav,input/CLEAN/RLHUV015-N27.wav
input/NOISY/RLHUV015-N28.wav,input/CLEAN/RLHUV015-N28.wav
input/NOISY/RLHUV015-N29.wav,input/CLEAN/RLHUV015-N29.wav
input/NOISY/RLHUV015-N30.wav,input/CLEAN/RLHUV015-N30.wav
input/NOISY/RLHUV015-N31.wav,input/CLEAN/RLHUV015-N31.wav
input/NOISY/RLHUV015-N32.wav,input/CLEAN/RLHUV015-N32.wav
input/NOISY/RLHUV015-N33.wav,input/CLEAN/RLHUV015-N33.wav
input/NOISY/RLHUV015-N34.wav,input/CLEAN/RLHUV015-N34.wav
input/NOISY/RLHUV015-N35.wav,input/CLEAN/RLHUV015-N35.wav
input/NOISY/RLHUV015-N36.wav,input/CLEAN/RLHUV015-N36.wav
input/NOISY/RLHUV015-N37.wav,input/CLEAN/RLHUV015-N37.wav
input/NOISY/RLHUV015-N38.wav,input/CLEAN/RLHUV015-N38.wav
input/NOISY/RLHUV015-N39.wav,input/CLEAN/RLHUV015-N39.wav
input/NOISY/RLHUV015-N40.wav,input/CLEAN/RLHUV015-N40.wav
input/NOISY/RLHUV015-N41.wav,input/CLEAN/RLHUV015-N41.wav
input/NOISY/RLHUV015-N42.wav,input/CLEAN/RLHUV015-N42.wav
input/NOISY/RLHUV015-N43.wav,input/CLEAN/RLHUV015-N43.wav
input/NOISY/RLHUV015-N44.wav,input/CLEAN/RLHUV015-N44.wav
input/NOISY/RLHUV015-N45.wav,input/CLEAN/RLHUV015-N45.wav
input/NOISY/RLHUV015-N46.wav,input/CLEAN/RLHUV015-N46.wav
input/NOISY/RLHUV015-N47.wav,input/CLEAN/RLHUV015-N47.wav
input/NOISY/RLHUV016-N01.wav,input/CLEAN/RLHUV016-N01.wav
input/NOISY/RLHUV016-N02.wav,input/CLEAN/RLHUV016-N02.wav
input/NOISY/RLHUV016-N03.wav,input/CLEAN/RLHUV016-N03.wav
input/NOISY/RLHUV016-N04.wav,input/CLEAN/RLHUV016-N04.wav
input/NOISY/RLHUV016-N05.wav,input/CLEAN/RLHUV016-N05.wav
input/NOISY/RLHUV016-N06.wav,input/CLEAN/RLHUV016-N06.wav
input/NOISY/RLHUV016-N07.wav,input/CLEAN/RLHUV016-N07.wav
input/NOISY/RLHUV016-N08.wav,input/CLEAN/RLHUV016-N08.wav
input/NOISY/RLHUV016-N09.wav,input/CLEAN/RLHUV016-N09.wav
input/NOISY/RLHUV016-N10.wav,input/CLEAN/RLHUV016-N10.wav
input/NOISY/RLHUV016-N11.wav,input/CLEAN/RLHUV016-N11.wav
input/NOISY/RLHUV016-N12.wav,input/CLEAN/RLHUV016-N12.wav
input/NOISY/RLHUV016-N13.wav,input/CLEAN/RLHUV016-N13.wav
input/NOISY/RLHUV016-N14.wav,input/CLEAN/RLHUV016-N14.wav
input/NOISY/RLHUV016-N15.wav,input/CLEAN/RLHUV016-N15.wav
input/NOISY/RLHUV016-N16.wav,input/CLEAN/RLHUV016-N16.wav
input/NOISY/RLHUV016-N17.wav,input/CLEAN/RLHUV016-N17.wav
input/NOISY/RLHUV016-N18.wav,input/CLEAN/RLHUV016-N18.wav
input/NOISY/RLHUV016-N19.wav,input/CLEAN/RLHUV016-N19.wav
input/NOISY/RLHUV016-N20.wav,input/CLEAN/RLHUV016-N20.wav
input/NOISY/RLHUV016-N21.wav,input/CLEAN/RLHUV016-N21.wav
input/NOISY/RLHUV016-N22.wav,input/CLEAN/RLHUV016-N22.wav
input/NOISY/RLHUV016-N23.wav,input/CLEAN/RLHUV016-N23.wav
input/NOISY/RLHUV016-N24.wav,input/CLEAN/RLHUV016-N24.wav
input/NOISY/RLHUV016-N25.wav,input/CLEAN/RLHUV016-N25.wav
input/NOISY/RLHUV016-N26.wav,input/CLEAN/RLHUV016-N26.wav
input/NOISY/RLHUV016-N27.wav,input/CLEAN/RLHUV016-N27.wav
input/NOISY/RLHUV016-N28.wav,input/CLEAN/RLHUV016-N28.wav
input/NOISY/RLHUV016-N29.wav,input/CLEAN/RLHUV016-N29.wav
input/NOISY/RLHUV016-N30.wav,input/CLEAN/RLHUV016-N30.wav
input/NOISY/RLHUV016-N31.wav,input/CLEAN/RLHUV016-N31.wav
input/NOISY/RLHUV016-N32.wav,input/CLEAN/RLHUV016-N32.wav
input/NOISY/RLHUV016-N33.wav,input/CLEAN/RLHUV016-N33.wav
input/NOISY/RLHUV016-N34.wav,input/CLEAN/RLHUV016-N34.wav
input/NOISY/RLHUV016-N35.wav,input/CLEAN/RLHUV016-N35.wav
input/NOISY/RLHUV016-N36.wav,input/CLEAN/RLHUV016-N36.wav
input/NOISY/RLHUV016-N37.wav,input/CLEAN/RLHUV016-N37.wav
input/NOISY/RLHUV016-N38.wav,input/CLEAN/RLHUV016-N38.wav
input/NOISY/RLHUV016-N39.wav,input/CLEAN/RLHUV016-N39.wav
input/NOISY/RLHUV016-N40.wav,input/CLEAN/RLHUV016-N40.wav
input/NOISY/RLHUV016-N41.wav,input/CLEAN/RLHUV016-N41.wav
input/NOISY/RLHUV016-N42.wav,input/CLEAN/RLHUV016-N42.wav
input/NOISY/RLHUV016-N43.wav,input/CLEAN/RLHUV016-N43.wav
input/NOISY/RLHUV016-N44.wav,input/CLEAN/RLHUV016-N44.wav
input/NOISY/RLHUV016-N45.wav,input/CLEAN/RLHUV016-N45.wav
input/NOISY/RLHUV016-N46.wav,input/CLEAN/RLHUV016-N46.wav
input/NOISY/RLHUV016-N47.wav,input/CLEAN/RLHUV016-N47.wav
input/NOISY/RLHUV017-N01.wav,input/CLEAN/RLHUV017-N01.wav
input/NOISY/RLHUV017-N02.wav,input/CLEAN/RLHUV017-N02.wav
input/NOISY/RLHUV017-N03.wav,input/CLEAN/RLHUV017-N03.wav
input/NOISY/RLHUV017-N04.wav,input/CLEAN/RLHUV017-N04.wav
input/NOISY/RLHUV017-N05.wav,input/CLEAN/RLHUV017-N05.wav
input/NOISY/RLHUV017-N06.wav,input/CLEAN/RLHUV017-N06.wav
input/NOISY/RLHUV017-N07.wav,input/CLEAN/RLHUV017-N07.wav
input/NOISY/RLHUV017-N08.wav,input/CLEAN/RLHUV017-N08.wav
input/NOISY/RLHUV017-N09.wav,input/CLEAN/RLHUV017-N09.wav
input/NOISY/RLHUV017-N10.wav,input/CLEAN/RLHUV017-N10.wav
input/NOISY/RLHUV017-N11.wav,input/CLEAN/RLHUV017-N11.wav
input/NOISY/RLHUV017-N12.wav,input/CLEAN/RLHUV017-N12.wav
input/NOISY/RLHUV017-N13.wav,input/CLEAN/RLHUV017-N13.wav
input/NOISY/RLHUV017-N14.wav,input/CLEAN/RLHUV017-N14.wav
input/NOISY/RLHUV017-N15.wav,input/CLEAN/RLHUV017-N15.wav
input/NOISY/RLHUV017-N16.wav,input/CLEAN/RLHUV017-N16.wav
input/NOISY/RLHUV017-N17.wav,input/CLEAN/RLHUV017-N17.wav
input/NOISY/RLHUV017-N18.wav,input/CLEAN/RLHUV017-N18.wav
input/NOISY/RLHUV017-N19.wav,input/CLEAN/RLHUV017-N19.wav
input/NOISY/RLHUV017-N20.wav,input/CLEAN/RLHUV017-N20.wav
input/NOISY/RLHUV017-N21.wav,input/CLEAN/RLHUV017-N21.wav
input/NOISY/RLHUV017-N22.wav,input/CLEAN/RLHUV017-N22.wav
input/NOISY/RLHUV017-N23.wav,input/CLEAN/RLHUV017-N23.wav
input/NOISY/RLHUV017-N24.wav,input/CLEAN/RLHUV017-N24.wav
input/NOISY/RLHUV017-N25.wav,input/CLEAN/RLHUV017-N25.wav
input/NOISY/RLHUV017-N26.wav,input/CLEAN/RLHUV017-N26.wav
input/NOISY/RLHUV017-N27.wav,input/CLEAN/RLHUV017-N27.wav
input/NOISY/RLHUV017-N28.wav,input/CLEAN/RLHUV017-N28.wav
input/NOISY/RLHUV017-N29.wav,input/CLEAN/RLHUV017-N29.wav
input/NOISY/RLHUV017-N30.wav,input/CLEAN/RLHUV017-N30.wav
input/NOISY/RLHUV017-N31.wav,input/CLEAN/RLHUV017-N31.wav
input/NOISY/RLHUV017-N32.wav,input/CLEAN/RLHUV017-N32.wav
input/NOISY/RLHUV017-N33.wav,input/CLEAN/RLHUV017-N33.wav
input/NOISY/RLHUV017-N34.wav,input/CLEAN/RLHUV017-N34.wav
input/NOISY/RLHUV017-N35.wav,input/CLEAN/RLHUV017-N35.wav
input/NOISY/RLHUV017-N36.wav,input/CLEAN/RLHUV017-N36.wav
input/NOISY/RLHUV017-N37.wav,input/CLEAN/RLHUV017-N37.wav
input/NOISY/RLHUV017-N38.wav,input/CLEAN/RLHUV017-N38.wav
input/NOISY/RLHUV017-N39.wav,input/CLEAN/RLHUV017-N39.wav
input/NOISY/RLHUV017-N40.wav,input/CLEAN/RLHUV017-N40.wav
input/NOISY/RLHUV017-N41.wav,input/CLEAN/RLHUV017-N41.wav
input/NOISY/RLHUV017-N42.wav,input/CLEAN/RLHUV017-N42.wav
input/NOISY/RLHUV017-N43.wav,input/CLEAN/RLHUV017-N43.wav
input/NOISY/RLHUV017-N44.wav,input/CLEAN/RLHUV017-N44.wav
input/NOISY/RLHUV017-N45.wav,input/CLEAN/RLHUV017-N45.wav
input/NOISY/RLHUV017-N46.wav,input/CLEAN/RLHUV017-N46.wav
input/NOISY/RLHUV017-N47.wav,input/CLEAN/RLHUV017-N47.wav
input/NOISY/RLHUV018-N01.wav,input/CLEAN/RLHUV018-N01.wav
input/NOISY/RLHUV018-N02.wav,input/CLEAN/RLHUV018-N02.wav
input/NOISY/RLHUV018-N03.wav,input/CLEAN/RLHUV018-N03.wav
input/NOISY/RLHUV018-N04.wav,input/CLEAN/RLHUV018-N04.wav
input/NOISY/RLHUV018-N05.wav,input/CLEAN/RLHUV018-N05.wav
input/NOISY/RLHUV018-N06.wav,input/CLEAN/RLHUV018-N06.wav
input/NOISY/RLHUV018-N07.wav,input/CLEAN/RLHUV018-N07.wav
input/NOISY/RLHUV018-N08.wav,input/CLEAN/RLHUV018-N08.wav
input/NOISY/RLHUV018-N09.wav,input/CLEAN/RLHUV018-N09.wav
input/NOISY/RLHUV018-N10.wav,input/CLEAN/RLHUV018-N10.wav
input/NOISY/RLHUV018-N11.wav,input/CLEAN/RLHUV018-N11.wav
input/NOISY/RLHUV018-N12.wav,input/CLEAN/RLHUV018-N12.wav
input/NOISY/RLHUV018-N13.wav,input/CLEAN/RLHUV018-N13.wav
input/NOISY/RLHUV018-N14.wav,input/CLEAN/RLHUV018-N14.wav
input/NOISY/RLHUV018-N15.wav,input/CLEAN/RLHUV018-N15.wav
input/NOISY/RLHUV018-N16.wav,input/CLEAN/RLHUV018-N16.wav
input/NOISY/RLHUV018-N17.wav,input/CLEAN/RLHUV018-N17.wav
input/NOISY/RLHUV018-N18.wav,input/CLEAN/RLHUV018-N18.wav
input/NOISY/RLHUV018-N19.wav,input/CLEAN/RLHUV018-N19.wav
input/NOISY/RLHUV018-N20.wav,input/CLEAN/RLHUV018-N20.wav
input/NOISY/RLHUV018-N21.wav,input/CLEAN/RLHUV018-N21.wav
input/NOISY/RLHUV018-N22.wav,input/CLEAN/RLHUV018-N22.wav
input/NOISY/RLHUV018-N23.wav,input/CLEAN/RLHUV018-N23.wav
input/NOISY/RLHUV018-N24.wav,input/CLEAN/RLHUV018-N24.wav
input/NOISY/RLHUV018-N25.wav,input/CLEAN/RLHUV018-N25.wav
input/NOISY/RLHUV018-N26.wav,input/CLEAN/RLHUV018-N26.wav
input/NOISY/RLHUV018-N27.wav,input/CLEAN/RLHUV018-N27.wav
input/NOISY/RLHUV018-N28.wav,input/CLEAN/RLHUV018-N28.wav
input/NOISY/RLHUV018-N29.wav,input/CLEAN/RLHUV018-N29.wav
input/NOISY/RLHUV018-N30.wav,input/CLEAN/RLHUV018-N30.wav
input/NOISY/RLHUV018-N31.wav,input/CLEAN/RLHUV018-N31.wav
input/NOISY/RLHUV018-N32.wav,input/CLEAN/RLHUV018-N32.wav
input/NOISY/RLHUV018-N33.wav,input/CLEAN/RLHUV018-N33.wav
input/NOISY/RLHUV018-N34.wav,input/CLEAN/RLHUV018-N34.wav
input/NOISY/RLHUV018-N35.wav,input/CLEAN/RLHUV018-N35.wav
input/NOISY/RLHUV018-N36.wav,input/CLEAN/RLHUV018-N36.wav
input/NOISY/RLHUV018-N37.wav,input/CLEAN/RLHUV018-N37.wav
input/NOISY/RLHUV018-N38.wav,input/CLEAN/RLHUV018-N38.wav
input/NOISY/RLHUV018-N39.wav,input/CLEAN/RLHUV018-N39.wav
input/NOISY/RLHUV018-N40.wav,input/CLEAN/RLHUV018-N40.wav
input/NOISY/RLHUV018-N41.wav,input/CLEAN/RLHUV018-N41.wav
input/NOISY/RLHUV018-N42.wav,input/CLEAN/RLHUV018-N42.wav
input/NOISY/RLHUV018-N43.wav,input/CLEAN/RLHUV018-N43.wav
input/NOISY/RLHUV018-N44.wav,input/CLEAN/RLHUV018-N44.wav
input/NOISY/RLHUV018-N45.wav,input/CLEAN/RLHUV018-N45.wav
input/NOISY/RLHUV018-N46.wav,input/CLEAN/RLHUV018-N46.wav
input/NOISY/RLHUV018-N47.wav,input/CLEAN/RLHUV018-N47.wav
input/NOISY/RLHUV019-N01.wav,input/CLEAN/RLHUV019-N01.wav
input/NOISY/RLHUV019-N02.wav,input/CLEAN/RLHUV019-N02.wav
input/NOISY/RLHUV019-N03.wav,input/CLEAN/RLHUV019-N03.wav
input/NOISY/RLHUV019-N04.wav,input/CLEAN/RLHUV019-N04.wav
input/NOISY/RLHUV019-N05.wav,input/CLEAN/RLHUV019-N05.wav
input/NOISY/RLHUV019-N06.wav,input/CLEAN/RLHUV019-N06.wav
input/NOISY/RLHUV019-N07.wav,input/CLEAN/RLHUV019-N07.wav
input/NOISY/RLHUV019-N08.wav,input/CLEAN/RLHUV019-N08.wav
input/NOISY/RLHUV019-N09.wav,input/CLEAN/RLHUV019-N09.wav
input/NOISY/RLHUV019-N10.wav,input/CLEAN/RLHUV019-N10.wav
input/NOISY/RLHUV019-N11.wav,input/CLEAN/RLHUV019-N11.wav
input/NOISY/RLHUV019-N12.wav,input/CLEAN/RLHUV019-N12.wav
input/NOISY/RLHUV019-N13.wav,input/CLEAN/RLHUV019-N13.wav
input/NOISY/RLHUV019-N14.wav,input/CLEAN/RLHUV019-N14.wav
input/NOISY/RLHUV019-N15.wav,input/CLEAN/RLHUV019-N15.wav
input/NOISY/RLHUV019-N16.wav,input/CLEAN/RLHUV019-N16.wav
input/NOISY/RLHUV019-N17.wav,input/CLEAN/RLHUV019-N17.wav
input/NOISY/RLHUV019-N18.wav,input/CLEAN/RLHUV019-N18.wav
input/NOISY/RLHUV019-N19.wav,input/CLEAN/RLHUV019-N19.wav
input/NOISY/RLHUV019-N20.wav,input/CLEAN/RLHUV019-N20.wav
input/NOISY/RLHUV019-N21.wav,input/CLEAN/RLHUV019-N21.wav
input/NOISY/RLHUV019-N22.wav,input/CLEAN/RLHUV019-N22.wav
input/NOISY/RLHUV019-N23.wav,input/CLEAN/RLHUV019-N23.wav
input/NOISY/RLHUV019-N24.wav,input/CLEAN/RLHUV019-N24.wav
input/NOISY/RLHUV019-N25.wav,input/CLEAN/RLHUV019-N25.wav
input/NOISY/RLHUV019-N26.wav,input/CLEAN/RLHUV019-N26.wav
input/NOISY/RLHUV019-N27.wav,input/CLEAN/RLHUV019-N27.wav
input/NOISY/RLHUV019-N28.wav,input/CLEAN/RLHUV019-N28.wav
input/NOISY/RLHUV019-N29.wav,input/CLEAN/RLHUV019-N29.wav
input/NOISY/RLHUV019-N30.wav,input/CLEAN/RLHUV019-N30.wav
input/NOISY/RLHUV019-N31.wav,input/CLEAN/RLHUV019-N31.wav
input/NOISY/RLHUV019-N32.wav,input/CLEAN/RLHUV019-N32.wav
input/NOISY/RLHUV019-N33.wav,input/CLEAN/RLHUV019-N33.wav
input/NOISY/RLHUV019-N34.wav,input/CLEAN/RLHUV019-N34.wav
input/NOISY/RLHUV019-N35.wav,input/CLEAN/RLHUV019-N35.wav
input/NOISY/RLHUV019-N36.wav,input/CLEAN/RLHUV019-N36.wav
input/NOISY/RLHUV019-N37.wav,input/CLEAN/RLHUV019-N37.wav
input/NOISY/RLHUV019-N38.wav,input/CLEAN/RLHUV019-N38.wav
input/NOISY/RLHUV019-N39.wav,input/CLEAN/RLHUV019-N39.wav
input/NOISY/RLHUV019-N40.wav,input/CLEAN/RLHUV019-N40.wav
input/NOISY/RLHUV019-N41.wav,input/CLEAN/RLHUV019-N41.wav
input/NOISY/RLHUV019-N42.wav,input/CLEAN/RLHUV019-N42.wav
input/NOISY/RLHUV019-N43.wav,input/CLEAN/RLHUV019-N43.wav
input/NOISY/RLHUV019-N44.wav,input/CLEAN/RLHUV019-N44.wav
input/NOISY/RLHUV019-N45.wav,input/CLEAN/RLHUV019-N45.wav
input/NOISY/RLHUV019-N46.wav,input/CLEAN/RLHUV019-N46.wav
input/NOISY/RLHUV019-N47.wav,input/CLEAN/RLHUV019-N47.wav
input/NOISY/RLHUV020-N01.wav,input/CLEAN/RLHUV020-N01.wav
input/NOISY/RLHUV020-N02.wav,input/CLEAN/RLHUV020-N02.wav
input/NOISY/RLHUV020-N03.wav,input/CLEAN/RLHUV020-N03.wav
input/NOISY/RLHUV020-N04.wav,input/CLEAN/RLHUV020-N04.wav
input/NOISY/RLHUV020-N05.wav,input/CLEAN/RLHUV020-N05.wav
input/NOISY/RLHUV020-N06.wav,input/CLEAN/RLHUV020-N06.wav
input/NOISY/RLHUV020-N07.wav,input/CLEAN/RLHUV020-N07.wav
input/NOISY/RLHUV020-N08.wav,input/CLEAN/RLHUV020-N08.wav
input/NOISY/RLHUV020-N09.wav,input/CLEAN/RLHUV020-N09.wav
input/NOISY/RLHUV020-N10.wav,input/CLEAN/RLHUV020-N10.wav
input/NOISY/RLHUV020-N11.wav,input/CLEAN/RLHUV020-N11.wav
input/NOISY/RLHUV020-N12.wav,input/CLEAN/RLHUV020-N12.wav
input/NOISY/RLHUV020-N13.wav,input/CLEAN/RLHUV020-N13.wav
input/NOISY/RLHUV020-N14.wav,input/CLEAN/RLHUV020-N14.wav
input/NOISY/RLHUV020-N15.wav,input/CLEAN/RLHUV020-N15.wav
input/NOISY/RLHUV020-N16.wav,input/CLEAN/RLHUV020-N16.wav
input/NOISY/RLHUV020-N17.wav,input/CLEAN/RLHUV020-N17.wav
input/NOISY/RLHUV020-N18.wav,input/CLEAN/RLHUV020-N18.wav
input/NOISY/RLHUV020-N19.wav,input/CLEAN/RLHUV020-N19.wav
input/NOISY/RLHUV020-N20.wav,input/CLEAN/RLHUV020-N20.wav
input/NOISY/RLHUV020-N21.wav,input/CLEAN/RLHUV020-N21.wav
input/NOISY/RLHUV020-N22.wav,input/CLEAN/RLHUV020-N22.wav
input/NOISY/RLHUV020-N23.wav,input/CLEAN/RLHUV020-N23.wav
input/NOISY/RLHUV020-N24.wav,input/CLEAN/RLHUV020-N24.wav
input/NOISY/RLHUV020-N25.wav,input/CLEAN/RLHUV020-N25.wav
input/NOISY/RLHUV020-N26.wav,input/CLEAN/RLHUV020-N26.wav
input/NOISY/RLHUV020-N27.wav,input/CLEAN/RLHUV020-N27.wav
input/NOISY/RLHUV020-N28.wav,input/CLEAN/RLHUV020-N28.wav
input/NOISY/RLHUV020-N29.wav,input/CLEAN/RLHUV020-N29.wav
input/NOISY/RLHUV020-N30.wav,input/CLEAN/RLHUV020-N30.wav
input/NOISY/RLHUV020-N31.wav,input/CLEAN/RLHUV020-N31.wav
input/NOISY/RLHUV020-N32.wav,input/CLEAN/RLHUV020-N32.wav
input/NOISY/RLHUV020-N33.wav,input/CLEAN/RLHUV020-N33.wav
input/NOISY/RLHUV020-N34.wav,input/CLEAN/RLHUV020-N34.wav
input/NOISY/RLHUV020-N35.wav,input/CLEAN/RLHUV020-N35.wav
input/NOISY/RLHUV020-N36.wav,input/CLEAN/RLHUV020-N36.wav
input/NOISY/RLHUV020-N37.wav,input/CLEAN/RLHUV020-N37.wav
input/NOISY/RLHUV020-N38.wav,input/CLEAN/RLHUV020-N38.wav
input/NOISY/RLHUV020-N39.wav,input/CLEAN/RLHUV020-N39.wav
input/NOISY/RLHUV020-N40.wav,input/CLEAN/RLHUV020-N40.wav
input/NOISY/RLHUV020-N41.wav,input/CLEAN/RLHUV020-N41.wav
input/NOISY/RLHUV020-N42.wav,input/CLEAN/RLHUV020-N42.wav
input/NOISY/RLHUV020-N43.wav,input/CLEAN/RLHUV020-N43.wav
input/NOISY/RLHUV020-N44.wav,input/CLEAN/RLHUV020-N44.wav
input/NOISY/RLHUV020-N45.wav,input/CLEAN/RLHUV020-N45.wav
input/NOISY/RLHUV020-N46.wav,input/CLEAN/RLHUV020-N46.wav
input/NOISY/RLHUV020-N47.wav,input/CLEAN/RLHUV020-N47.wav
input/NOISY/RLMBV003-N01.wav,input/CLEAN/RLMBV003-N01.wav
input/NOISY/RLMBV003-N02.wav,input/CLEAN/RLMBV003-N02.wav
input/NOISY/RLMBV003-N03.wav,input/CLEAN/RLMBV003-N03.wav
input/NOISY/RLMBV003-N04.wav,input/CLEAN/RLMBV003-N04.wav
input/NOISY/RLMBV003-N05.wav,input/CLEAN/RLMBV003-N05.wav
input/NOISY/RLMBV003-N06.wav,input/CLEAN/RLMBV003-N06.wav
input/NOISY/RLMBV003-N07.wav,input/CLEAN/RLMBV003-N07.wav
input/NOISY/RLMBV003-N08.wav,input/CLEAN/RLMBV003-N08.wav
input/NOISY/RLMBV003-N09.wav,input/CLEAN/RLMBV003-N09.wav
input/NOISY/RLMBV003-N10.wav,input/CLEAN/RLMBV003-N10.wav
input/NOISY/RLMBV003-N11.wav,input/CLEAN/RLMBV003-N11.wav
input/NOISY/RLMBV003-N12.wav,input/CLEAN/RLMBV003-N12.wav
input/NOISY/RLMBV003-N13.wav,input/CLEAN/RLMBV003-N13.wav
input/NOISY/RLMBV003-N14.wav,input/CLEAN/RLMBV003-N14.wav
input/NOISY/RLMBV003-N15.wav,input/CLEAN/RLMBV003-N15.wav
input/NOISY/RLMBV003-N16.wav,input/CLEAN/RLMBV003-N16.wav
input/NOISY/RLMBV003-N17.wav,input/CLEAN/RLMBV003-N17.wav
input/NOISY/RLMBV003-N18.wav,input/CLEAN/RLMBV003-N18.wav
input/NOISY/RLMBV003-N19.wav,input/CLEAN/RLMBV003-N19.wav
input/NOISY/RLMBV003-N20.wav,input/CLEAN/RLMBV003-N20.wav
input/NOISY/RLMBV003-N21.wav,input/CLEAN/RLMBV003-N21.wav
input/NOISY/RLMBV003-N22.wav,input/CLEAN/RLMBV003-N22.wav
input/NOISY/RLMBV003-N23.wav,input/CLEAN/RLMBV003-N23.wav
input/NOISY/RLMBV003-N24.wav,input/CLEAN/RLMBV003-N24.wav
input/NOISY/RLMBV003-N25.wav,input/CLEAN/RLMBV003-N25.wav
input/NOISY/RLMBV003-N26.wav,input/CLEAN/RLMBV003-N26.wav
input/NOISY/RLMBV003-N27.wav,input/CLEAN/RLMBV003-N27.wav
input/NOISY/RLMBV003-N28.wav,input/CLEAN/RLMBV003-N28.wav
input/NOISY/RLMBV003-N29.wav,input/CLEAN/RLMBV003-N29.wav
input/NOISY/RLMBV003-N30.wav,input/CLEAN/RLMBV003-N30.wav
input/NOISY/RLMBV003-N31.wav,input/CLEAN/RLMBV003-N31.wav
input/NOISY/RLMBV003-N32.wav,input/CLEAN/RLMBV003-N32.wav
input/NOISY/RLMBV003-N33.wav,input/CLEAN/RLMBV003-N33.wav
input/NOISY/RLMBV003-N34.wav,input/CLEAN/RLMBV003-N34.wav
input/NOISY/RLMBV003-N35.wav,input/CLEAN/RLMBV003-N35.wav
input/NOISY/RLMBV003-N36.wav,input/CLEAN/RLMBV003-N36.wav
input/NOISY/RLMBV003-N37.wav,input/CLEAN/RLMBV003-N37.wav
input/NOISY/RLMBV003-N38.wav,input/CLEAN/RLMBV003-N38.wav
input/NOISY/RLMBV003-N39.wav,input/CLEAN/RLMBV003-N39.wav
input/NOISY/RLMBV003-N40.wav,input/CLEAN/RLMBV003-N40.wav
input/NOISY/RLMBV003-N41.wav,input/CLEAN/RLMBV003-N41.wav
input/NOISY/RLMBV003-N42.wav,input/CLEAN/RLMBV003-N42.wav
input/NOISY/RLMBV003-N43.wav,input/CLEAN/RLMBV003-N43.wav
input/NOISY/RLMBV003-N44.wav,input/CLEAN/RLMBV003-N44.wav
input/NOISY/RLMBV003-N45.wav,input/CLEAN/RLMBV003-N45.wav
input/NOISY/RLMBV003-N46.wav,input/CLEAN/RLMBV003-N46.wav
input/NOISY/RLMBV003-N47.wav,input/CLEAN/RLMBV003-N47.wav
input/NOISY/RLMBV004-N01.wav,input/CLEAN/RLMBV004-N01.wav
input/NOISY/RLMBV004-N02.wav,input/CLEAN/RLMBV004-N02.wav
input/NOISY/RLMBV004-N03.wav,input/CLEAN/RLMBV004-N03.wav
input/NOISY/RLMBV004-N04.wav,input/CLEAN/RLMBV004-N04.wav
input/NOISY/RLMBV004-N05.wav,input/CLEAN/RLMBV004-N05.wav
input/NOISY/RLMBV004-N06.wav,input/CLEAN/RLMBV004-N06.wav
input/NOISY/RLMBV004-N07.wav,input/CLEAN/RLMBV004-N07.wav
input/NOISY/RLMBV004-N08.wav,input/CLEAN/RLMBV004-N08.wav
input/NOISY/RLMBV004-N09.wav,input/CLEAN/RLMBV004-N09.wav
input/NOISY/RLMBV004-N10.wav,input/CLEAN/RLMBV004-N10.wav
input/NOISY/RLMBV004-N11.wav,input/CLEAN/RLMBV004-N11.wav
input/NOISY/RLMBV004-N12.wav,input/CLEAN/RLMBV004-N12.wav
input/NOISY/RLMBV004-N13.wav,input/CLEAN/RLMBV004-N13.wav
input/NOISY/RLMBV004-N14.wav,input/CLEAN/RLMBV004-N14.wav
input/NOISY/RLMBV004-N15.wav,input/CLEAN/RLMBV004-N15.wav
input/NOISY/RLMBV004-N16.wav,input/CLEAN/RLMBV004-N16.wav
input/NOISY/RLMBV004-N17.wav,input/CLEAN/RLMBV004-N17.wav
input/NOISY/RLMBV004-N18.wav,input/CLEAN/RLMBV004-N18.wav
input/NOISY/RLMBV004-N19.wav,input/CLEAN/RLMBV004-N19.wav
input/NOISY/RLMBV004-N20.wav,input/CLEAN/RLMBV004-N20.wav
input/NOISY/RLMBV004-N21.wav,input/CLEAN/RLMBV004-N21.wav
input/NOISY/RLMBV004-N22.wav,input/CLEAN/RLMBV004-N22.wav
input/NOISY/RLMBV004-N23.wav,input/CLEAN/RLMBV004-N23.wav
input/NOISY/RLMBV004-N24.wav,input/CLEAN/RLMBV004-N24.wav
input/NOISY/RLMBV004-N25.wav,input/CLEAN/RLMBV004-N25.wav
input/NOISY/RLMBV004-N26.wav,input/CLEAN/RLMBV004-N26.wav
input/NOISY/RLMBV004-N27.wav,input/CLEAN/RLMBV004-N27.wav
input/NOISY/RLMBV004-N28.wav,input/CLEAN/RLMBV004-N28.wav
input/NOISY/RLMBV004-N29.wav,input/CLEAN/RLMBV004-N29.wav
input/NOISY/RLMBV004-N30.wav,input/CLEAN/RLMBV004-N30.wav
input/NOISY/RLMBV004-N31.wav,input/CLEAN/RLMBV004-N31.wav
input/NOISY/RLMBV004-N32.wav,input/CLEAN/RLMBV004-N32.wav
input/NOISY/RLMBV004-N33.wav,input/CLEAN/RLMBV004-N33.wav
input/NOISY/RLMBV004-N34.wav,input/CLEAN/RLMBV004-N34.wav
input/NOISY/RLMBV004-N35.wav,input/CLEAN/RLMBV004-N35.wav
input/NOISY/RLMBV004-N36.wav,input/CLEAN/RLMBV004-N36.wav
input/NOISY/RLMBV004-N37.wav,input/CLEAN/RLMBV004-N37.wav
input/NOISY/RLMBV004-N38.wav,input/CLEAN/RLMBV004-N38.wav
input/NOISY/RLMBV004-N39.wav,input/CLEAN/RLMBV004-N39.wav
input/NOISY/RLMBV004-N40.wav,input/CLEAN/RLMBV004-N40.wav
input/NOISY/RLMBV004-N41.wav,input/CLEAN/RLMBV004-N41.wav
input/NOISY/RLMBV004-N42.wav,input/CLEAN/RLMBV004-N42.wav
input/NOISY/RLMBV004-N43.wav,input/CLEAN/RLMBV004-N43.wav
input/NOISY/RLMBV004-N44.wav,input/CLEAN/RLMBV004-N44.wav
input/NOISY/RLMBV004-N45.wav,input/CLEAN/RLMBV004-N45.wav
input/NOISY/RLMBV004-N46.wav,input/CLEAN/RLMBV004-N46.wav
input/NOISY/RLMBV004-N47.wav,input/CLEAN/RLMBV004-N47.wav
input/NOISY/RLMBV005-N01.wav,input/CLEAN/RLMBV005-N01.wav
input/NOISY/RLMBV005-N02.wav,input/CLEAN/RLMBV005-N02.wav
input/NOISY/RLMBV005-N03.wav,input/CLEAN/RLMBV005-N03.wav
input/NOISY/RLMBV005-N04.wav,input/CLEAN/RLMBV005-N04.wav
input/NOISY/RLMBV005-N05.wav,input/CLEAN/RLMBV005-N05.wav
input/NOISY/RLMBV005-N06.wav,input/CLEAN/RLMBV005-N06.wav
input/NOISY/RLMBV005-N07.wav,input/CLEAN/RLMBV005-N07.wav
input/NOISY/RLMBV005-N08.wav,input/CLEAN/RLMBV005-N08.wav
input/NOISY/RLMBV005-N09.wav,input/CLEAN/RLMBV005-N09.wav
input/NOISY/RLMBV005-N10.wav,input/CLEAN/RLMBV005-N10.wav
input/NOISY/RLMBV005-N11.wav,input/CLEAN/RLMBV005-N11.wav
input/NOISY/RLMBV005-N12.wav,input/CLEAN/RLMBV005-N12.wav
input/NOISY/RLMBV005-N13.wav,input/CLEAN/RLMBV005-N13.wav
input/NOISY/RLMBV005-N14.wav,input/CLEAN/RLMBV005-N14.wav
input/NOISY/RLMBV005-N15.wav,input/CLEAN/RLMBV005-N15.wav
input/NOISY/RLMBV005-N16.wav,input/CLEAN/RLMBV005-N16.wav
input/NOISY/RLMBV005-N17.wav,input/CLEAN/RLMBV005-N17.wav
input/NOISY/RLMBV005-N18.wav,input/CLEAN/RLMBV005-N18.wav
input/NOISY/RLMBV005-N19.wav,input/CLEAN/RLMBV005-N19.wav
input/NOISY/RLMBV005-N20.wav,input/CLEAN/RLMBV005-N20.wav
input/NOISY/RLMBV005-N21.wav,input/CLEAN/RLMBV005-N21.wav
input/NOISY/RLMBV005-N22.wav,input/CLEAN/RLMBV005-N22.wav
input/NOISY/RLMBV005-N23.wav,input/CLEAN/RLMBV005-N23.wav
input/NOISY/RLMBV005-N24.wav,input/CLEAN/RLMBV005-N24.wav
input/NOISY/RLMBV005-N25.wav,input/CLEAN/RLMBV005-N25.wav
input/NOISY/RLMBV005-N26.wav,input/CLEAN/RLMBV005-N26.wav
input/NOISY/RLMBV005-N27.wav,input/CLEAN/RLMBV005-N27.wav
input/NOISY/RLMBV005-N28.wav,input/CLEAN/RLMBV005-N28.wav
input/NOISY/RLMBV005-N29.wav,input/CLEAN/RLMBV005-N29.wav
input/NOISY/RLMBV005-N30.wav,input/CLEAN/RLMBV005-N30.wav
input/NOISY/RLMBV005-N31.wav,input/CLEAN/RLMBV005-N31.wav
input/NOISY/RLMBV005-N32.wav,input/CLEAN/RLMBV005-N32.wav
input/NOISY/RLMBV005-N33.wav,input/CLEAN/RLMBV005-N33.wav
input/NOISY/RLMBV005-N34.wav,input/CLEAN/RLMBV005-N34.wav
input/NOISY/RLMBV005-N35.wav,input/CLEAN/RLMBV005-N35.wav
input/NOISY/RLMBV005-N36.wav,input/CLEAN/RLMBV005-N36.wav
input/NOISY/RLMBV005-N37.wav,input/CLEAN/RLMBV005-N37.wav
input/NOISY/RLMBV005-N38.wav,input/CLEAN/RLMBV005-N38.wav
input/NOISY/RLMBV005-N39.wav,input/CLEAN/RLMBV005-N39.wav
input/NOISY/RLMBV005-N40.wav,input/CLEAN/RLMBV005-N40.wav
input/NOISY/RLMBV005-N41.wav,input/CLEAN/RLMBV005-N41.wav
input/NOISY/RLMBV005-N42.wav,input/CLEAN/RLMBV005-N42.wav
input/NOISY/RLMBV005-N43.wav,input/CLEAN/RLMBV005-N43.wav
input/NOISY/RLMBV005-N44.wav,input/CLEAN/RLMBV005-N44.wav
input/NOISY/RLMBV005-N45.wav,input/CLEAN/RLMBV005-N45.wav
input/NOISY/RLMBV005-N46.wav,input/CLEAN/RLMBV005-N46.wav
input/NOISY/RLMBV005-N47.wav,input/CLEAN/RLMBV005-N47.wav
input/NOISY/RLMBV006-N01.wav,input/CLEAN/RLMBV006-N01.wav
input/NOISY/RLMBV006-N02.wav,input/CLEAN/RLMBV006-N02.wav
input/NOISY/RLMBV006-N03.wav,input/CLEAN/RLMBV006-N03.wav
input/NOISY/RLMBV006-N04.wav,input/CLEAN/RLMBV006-N04.wav
input/NOISY/RLMBV006-N05.wav,input/CLEAN/RLMBV006-N05.wav
input/NOISY/RLMBV006-N06.wav,input/CLEAN/RLMBV006-N06.wav
input/NOISY/RLMBV006-N07.wav,input/CLEAN/RLMBV006-N07.wav
input/NOISY/RLMBV006-N08.wav,input/CLEAN/RLMBV006-N08.wav
input/NOISY/RLMBV006-N09.wav,input/CLEAN/RLMBV006-N09.wav
input/NOISY/RLMBV006-N10.wav,input/CLEAN/RLMBV006-N10.wav
input/NOISY/RLMBV006-N11.wav,input/CLEAN/RLMBV006-N11.wav
input/NOISY/RLMBV006-N12.wav,input/CLEAN/RLMBV006-N12.wav
input/NOISY/RLMBV006-N13.wav,input/CLEAN/RLMBV006-N13.wav
input/NOISY/RLMBV006-N14.wav,input/CLEAN/RLMBV006-N14.wav
input/NOISY/RLMBV006-N15.wav,input/CLEAN/RLMBV006-N15.wav
input/NOISY/RLMBV006-N16.wav,input/CLEAN/RLMBV006-N16.wav
input/NOISY/RLMBV006-N17.wav,input/CLEAN/RLMBV006-N17.wav
input/NOISY/RLMBV006-N18.wav,input/CLEAN/RLMBV006-N18.wav
input/NOISY/RLMBV006-N19.wav,input/CLEAN/RLMBV006-N19.wav
input/NOISY/RLMBV006-N20.wav,input/CLEAN/RLMBV006-N20.wav
input/NOISY/RLMBV006-N21.wav,input/CLEAN/RLMBV006-N21.wav
input/NOISY/RLMBV006-N22.wav,input/CLEAN/RLMBV006-N22.wav
input/NOISY/RLMBV006-N23.wav,input/CLEAN/RLMBV006-N23.wav
input/NOISY/RLMBV006-N24.wav,input/CLEAN/RLMBV006-N24.wav
input/NOISY/RLMBV006-N25.wav,input/CLEAN/RLMBV006-N25.wav
input/NOISY/RLMBV006-N26.wav,input/CLEAN/RLMBV006-N26.wav
input/NOISY/RLMBV006-N27.wav,input/CLEAN/RLMBV006-N27.wav
input/NOISY/RLMBV006-N28.wav,input/CLEAN/RLMBV006-N28.wav
input/NOISY/RLMBV006-N29.wav,input/CLEAN/RLMBV006-N29.wav
input/NOISY/RLMBV006-N30.wav,input/CLEAN/RLMBV006-N30.wav
input/NOISY/RLMBV006-N31.wav,input/CLEAN/RLMBV006-N31.wav
input/NOISY/RLMBV006-N32.wav,input/CLEAN/RLMBV006-N32.wav
input/NOISY/RLMBV006-N33.wav,input/CLEAN/RLMBV006-N33.wav
input/NOISY/RLMBV006-N34.wav,input/CLEAN/RLMBV006-N34.wav
input/NOISY/RLMBV006-N35.wav,input/CLEAN/RLMBV006-N35.wav
input/NOISY/RLMBV006-N36.wav,input/CLEAN/RLMBV006-N36.wav
input/NOISY/RLMBV006-N37.wav,input/CLEAN/RLMBV006-N37.wav
input/NOISY/RLMBV006-N38.wav,input/CLEAN/RLMBV006-N38.wav
input/NOISY/RLMBV006-N39.wav,input/CLEAN/RLMBV006-N39.wav
input/NOISY/RLMBV006-N40.wav,input/CLEAN/RLMBV006-N40.wav
input/NOISY/RLMBV006-N41.wav,input/CLEAN/RLMBV006-N41.wav
input/NOISY/RLMBV006-N42.wav,input/CLEAN/RLMBV006-N42.wav
input/NOISY/RLMBV006-N43.wav,input/CLEAN/RLMBV006-N43.wav
input/NOISY/RLMBV006-N44.wav,input/CLEAN/RLMBV006-N44.wav
input/NOISY/RLMBV006-N45.wav,input/CLEAN/RLMBV006-N45.wav
input/NOISY/RLMBV006-N46.wav,input/CLEAN/RLMBV006-N46.wav
input/NOISY/RLMBV006-N47.wav,input/CLEAN/RLMBV006-N47.wav
input/NOISY/RLMBV007-N01.wav,input/CLEAN/RLMBV007-N01.wav
input/NOISY/RLMBV007-N02.wav,input/CLEAN/RLMBV007-N02.wav
input/NOISY/RLMBV007-N03.wav,input/CLEAN/RLMBV007-N03.wav
input/NOISY/RLMBV007-N04.wav,input/CLEAN/RLMBV007-N04.wav
input/NOISY/RLMBV007-N05.wav,input/CLEAN/RLMBV007-N05.wav
input/NOISY/RLMBV007-N06.wav,input/CLEAN/RLMBV007-N06.wav
input/NOISY/RLMBV007-N07.wav,input/CLEAN/RLMBV007-N07.wav
input/NOISY/RLMBV007-N08.wav,input/CLEAN/RLMBV007-N08.wav
input/NOISY/RLMBV007-N09.wav,input/CLEAN/RLMBV007-N09.wav
input/NOISY/RLMBV007-N10.wav,input/CLEAN/RLMBV007-N10.wav
input/NOISY/RLMBV007-N11.wav,input/CLEAN/RLMBV007-N11.wav
input/NOISY/RLMBV007-N12.wav,input/CLEAN/RLMBV007-N12.wav
input/NOISY/RLMBV007-N13.wav,input/CLEAN/RLMBV007-N13.wav
input/NOISY/RLMBV007-N14.wav,input/CLEAN/RLMBV007-N14.wav
input/NOISY/RLMBV007-N15.wav,input/CLEAN/RLMBV007-N15.wav
input/NOISY/RLMBV007-N16.wav,input/CLEAN/RLMBV007-N16.wav
input/NOISY/RLMBV007-N17.wav,input/CLEAN/RLMBV007-N17.wav
input/NOISY/RLMBV007-N18.wav,input/CLEAN/RLMBV007-N18.wav
input/NOISY/RLMBV007-N19.wav,input/CLEAN/RLMBV007-N19.wav
input/NOISY/RLMBV007-N20.wav,input/CLEAN/RLMBV007-N20.wav
input/NOISY/RLMBV007-N21.wav,input/CLEAN/RLMBV007-N21.wav
input/NOISY/RLMBV007-N22.wav,input/CLEAN/RLMBV007-N22.wav
input/NOISY/RLMBV007-N23.wav,input/CLEAN/RLMBV007-N23.wav
input/NOISY/RLMBV007-N24.wav,input/CLEAN/RLMBV007-N24.wav
input/NOISY/RLMBV007-N25.wav,input/CLEAN/RLMBV007-N25.wav
input/NOISY/RLMBV007-N26.wav,input/CLEAN/RLMBV007-N26.wav
input/NOISY/RLMBV007-N27.wav,input/CLEAN/RLMBV007-N27.wav
input/NOISY/RLMBV007-N28.wav,input/CLEAN/RLMBV007-N28.wav
input/NOISY/RLMBV007-N29.wav,input/CLEAN/RLMBV007-N29.wav
input/NOISY/RLMBV007-N30.wav,input/CLEAN/RLMBV007-N30.wav
input/NOISY/RLMBV007-N31.wav,input/CLEAN/RLMBV007-N31.wav
input/NOISY/RLMBV007-N32.wav,input/CLEAN/RLMBV007-N32.wav
input/NOISY/RLMBV007-N33.wav,input/CLEAN/RLMBV007-N33.wav
input/NOISY/RLMBV007-N34.wav,input/CLEAN/RLMBV007-N34.wav
input/NOISY/RLMBV007-N35.wav,input/CLEAN/RLMBV007-N35.wav
input/NOISY/RLMBV007-N36.wav,input/CLEAN/RLMBV007-N36.wav
input/NOISY/RLMBV007-N37.wav,input/CLEAN/RLMBV007-N37.wav
input/NOISY/RLMBV007-N38.wav,input/CLEAN/RLMBV007-N38.wav
input/NOISY/RLMBV007-N39.wav,input/CLEAN/RLMBV007-N39.wav
input/NOISY/RLMBV007-N40.wav,input/CLEAN/RLMBV007-N40.wav
input/NOISY/RLMBV007-N41.wav,input/CLEAN/RLMBV007-N41.wav
input/NOISY/RLMBV007-N42.wav,input/CLEAN/RLMBV007-N42.wav
input/NOISY/RLMBV007-N43.wav,input/CLEAN/RLMBV007-N43.wav
input/NOISY/RLMBV007-N44.wav,input/CLEAN/RLMBV007-N44.wav
input/NOISY/RLMBV007-N45.wav,input/CLEAN/RLMBV007-N45.wav
input/NOISY/RLMBV007-N46.wav,input/CLEAN/RLMBV007-N46.wav
input/NOISY/RLMBV007-N47.wav,input/CLEAN/RLMBV007-N47.wav
input/NOISY/RLMBV008-N01.wav,input/CLEAN/RLMBV008-N01.wav
input/NOISY/RLMBV008-N02.wav,input/CLEAN/RLMBV008-N02.wav
input/NOISY/RLMBV008-N03.wav,input/CLEAN/RLMBV008-N03.wav
input/NOISY/RLMBV008-N04.wav,input/CLEAN/RLMBV008-N04.wav
input/NOISY/RLMBV008-N05.wav,input/CLEAN/RLMBV008-N05.wav
input/NOISY/RLMBV008-N06.wav,input/CLEAN/RLMBV008-N06.wav
input/NOISY/RLMBV008-N07.wav,input/CLEAN/RLMBV008-N07.wav
input/NOISY/RLMBV008-N08.wav,input/CLEAN/RLMBV008-N08.wav
input/NOISY/RLMBV008-N09.wav,input/CLEAN/RLMBV008-N09.wav
input/NOISY/RLMBV008-N10.wav,input/CLEAN/RLMBV008-N10.wav
input/NOISY/RLMBV008-N11.wav,input/CLEAN/RLMBV008-N11.wav
input/NOISY/RLMBV008-N12.wav,input/CLEAN/RLMBV008-N12.wav
input/NOISY/RLMBV008-N13.wav,input/CLEAN/RLMBV008-N13.wav
input/NOISY/RLMBV008-N14.wav,input/CLEAN/RLMBV008-N14.wav
input/NOISY/RLMBV008-N15.wav,input/CLEAN/RLMBV008-N15.wav
input/NOISY/RLMBV008-N16.wav,input/CLEAN/RLMBV008-N16.wav
input/NOISY/RLMBV008-N17.wav,input/CLEAN/RLMBV008-N17.wav
input/NOISY/RLMBV008-N18.wav,input/CLEAN/RLMBV008-N18.wav
input/NOISY/RLMBV008-N19.wav,input/CLEAN/RLMBV008-N19.wav
input/NOISY/RLMBV008-N20.wav,input/CLEAN/RLMBV008-N20.wav
input/NOISY/RLMBV008-N21.wav,input/CLEAN/RLMBV008-N21.wav
input/NOISY/RLMBV008-N22.wav,input/CLEAN/RLMBV008-N22.wav
input/NOISY/RLMBV008-N23.wav,input/CLEAN/RLMBV008-N23.wav
input/NOISY/RLMBV008-N24.wav,input/CLEAN/RLMBV008-N24.wav
input/NOISY/RLMBV008-N25.wav,input/CLEAN/RLMBV008-N25.wav
input/NOISY/RLMBV008-N26.wav,input/CLEAN/RLMBV008-N26.wav
input/NOISY/RLMBV008-N27.wav,input/CLEAN/RLMBV008-N27.wav
input/NOISY/RLMBV008-N28.wav,input/CLEAN/RLMBV008-N28.wav
input/NOISY/RLMBV008-N29.wav,input/CLEAN/RLMBV008-N29.wav
input/NOISY/RLMBV008-N30.wav,input/CLEAN/RLMBV008-N30.wav
input/NOISY/RLMBV008-N31.wav,input/CLEAN/RLMBV008-N31.wav
input/NOISY/RLMBV008-N32.wav,input/CLEAN/RLMBV008-N32.wav
input/NOISY/RLMBV008-N33.wav,input/CLEAN/RLMBV008-N33.wav
input/NOISY/RLMBV008-N34.wav,input/CLEAN/RLMBV008-N34.wav
input/NOISY/RLMBV008-N35.wav,input/CLEAN/RLMBV008-N35.wav
input/NOISY/RLMBV008-N36.wav,input/CLEAN/RLMBV008-N36.wav
input/NOISY/RLMBV008-N37.wav,input/CLEAN/RLMBV008-N37.wav
input/NOISY/RLMBV008-N38.wav,input/CLEAN/RLMBV008-N38.wav
input/NOISY/RLMBV008-N39.wav,input/CLEAN/RLMBV008-N39.wav
input/NOISY/RLMBV008-N40.wav,input/CLEAN/RLMBV008-N40.wav
input/NOISY/RLMBV008-N41.wav,input/CLEAN/RLMBV008-N41.wav
input/NOISY/RLMBV008-N42.wav,input/CLEAN/RLMBV008-N42.wav
input/NOISY/RLMBV008-N43.wav,input/CLEAN/RLMBV008-N43.wav
input/NOISY/RLMBV008-N44.wav,input/CLEAN/RLMBV008-N44.wav
input/NOISY/RLMBV008-N45.wav,input/CLEAN/RLMBV008-N45.wav
input/NOISY/RLMBV008-N46.wav,input/CLEAN/RLMBV008-N46.wav
input/NOISY/RLMBV008-N47.wav,input/CLEAN/RLMBV008-N47.wav
input/NOISY/RLMBV009-N01.wav,input/CLEAN/RLMBV009-N01.wav
input/NOISY/RLMBV009-N02.wav,input/CLEAN/RLMBV009-N02.wav
input/NOISY/RLMBV009-N03.wav,input/CLEAN/RLMBV009-N03.wav
input/NOISY/RLMBV009-N04.wav,input/CLEAN/RLMBV009-N04.wav
input/NOISY/RLMBV009-N05.wav,input/CLEAN/RLMBV009-N05.wav
input/NOISY/RLMBV009-N06.wav,input/CLEAN/RLMBV009-N06.wav
input/NOISY/RLMBV009-N07.wav,input/CLEAN/RLMBV009-N07.wav
input/NOISY/RLMBV009-N08.wav,input/CLEAN/RLMBV009-N08.wav
input/NOISY/RLMBV009-N09.wav,input/CLEAN/RLMBV009-N09.wav
input/NOISY/RLMBV009-N10.wav,input/CLEAN/RLMBV009-N10.wav
input/NOISY/RLMBV009-N11.wav,input/CLEAN/RLMBV009-N11.wav
input/NOISY/RLMBV009-N12.wav,input/CLEAN/RLMBV009-N12.wav
input/NOISY/RLMBV009-N13.wav,input/CLEAN/RLMBV009-N13.wav
input/NOISY/RLMBV009-N14.wav,input/CLEAN/RLMBV009-N14.wav
input/NOISY/RLMBV009-N15.wav,input/CLEAN/RLMBV009-N15.wav
input/NOISY/RLMBV009-N16.wav,input/CLEAN/RLMBV009-N16.wav
input/NOISY/RLMBV009-N17.wav,input/CLEAN/RLMBV009-N17.wav
input/NOISY/RLMBV009-N18.wav,input/CLEAN/RLMBV009-N18.wav
input/NOISY/RLMBV009-N19.wav,input/CLEAN/RLMBV009-N19.wav
input/NOISY/RLMBV009-N20.wav,input/CLEAN/RLMBV009-N20.wav
input/NOISY/RLMBV009-N21.wav,input/CLEAN/RLMBV009-N21.wav
input/NOISY/RLMBV009-N22.wav,input/CLEAN/RLMBV009-N22.wav
input/NOISY/RLMBV009-N23.wav,input/CLEAN/RLMBV009-N23.wav
input/NOISY/RLMBV009-N24.wav,input/CLEAN/RLMBV009-N24.wav
input/NOISY/RLMBV009-N25.wav,input/CLEAN/RLMBV009-N25.wav
input/NOISY/RLMBV009-N26.wav,input/CLEAN/RLMBV009-N26.wav
input/NOISY/RLMBV009-N27.wav,input/CLEAN/RLMBV009-N27.wav
input/NOISY/RLMBV009-N28.wav,input/CLEAN/RLMBV009-N28.wav
input/NOISY/RLMBV009-N29.wav,input/CLEAN/RLMBV009-N29.wav
input/NOISY/RLMBV009-N30.wav,input/CLEAN/RLMBV009-N30.wav
input/NOISY/RLMBV009-N31.wav,input/CLEAN/RLMBV009-N31.wav
input/NOISY/RLMBV009-N32.wav,input/CLEAN/RLMBV009-N32.wav
input/NOISY/RLMBV009-N33.wav,input/CLEAN/RLMBV009-N33.wav
input/NOISY/RLMBV009-N34.wav,input/CLEAN/RLMBV009-N34.wav
input/NOISY/RLMBV009-N35.wav,input/CLEAN/RLMBV009-N35.wav
input/NOISY/RLMBV009-N36.wav,input/CLEAN/RLMBV009-N36.wav
input/NOISY/RLMBV009-N37.wav,input/CLEAN/RLMBV009-N37.wav
input/NOISY/RLMBV009-N38.wav,input/CLEAN/RLMBV009-N38.wav
input/NOISY/RLMBV009-N39.wav,input/CLEAN/RLMBV009-N39.wav
input/NOISY/RLMBV009-N40.wav,input/CLEAN/RLMBV009-N40.wav
input/NOISY/RLMBV009-N41.wav,input/CLEAN/RLMBV009-N41.wav
input/NOISY/RLMBV009-N42.wav,input/CLEAN/RLMBV009-N42.wav
input/NOISY/RLMBV009-N43.wav,input/CLEAN/RLMBV009-N43.wav
input/NOISY/RLMBV009-N44.wav,input/CLEAN/RLMBV009-N44.wav
input/NOISY/RLMBV009-N45.wav,input/CLEAN/RLMBV009-N45.wav
input/NOISY/RLMBV009-N46.wav,input/CLEAN/RLMBV009-N46.wav
input/NOISY/RLMBV009-N47.wav,input/CLEAN/RLMBV009-N47.wav
input/NOISY/RLMBV010-N01.wav,input/CLEAN/RLMBV010-N01.wav
input/NOISY/RLMBV010-N02.wav,input/CLEAN/RLMBV010-N02.wav
input/NOISY/RLMBV010-N03.wav,input/CLEAN/RLMBV010-N03.wav
input/NOISY/RLMBV010-N04.wav,input/CLEAN/RLMBV010-N04.wav
input/NOISY/RLMBV010-N05.wav,input/CLEAN/RLMBV010-N05.wav
input/NOISY/RLMBV010-N06.wav,input/CLEAN/RLMBV010-N06.wav
input/NOISY/RLMBV010-N07.wav,input/CLEAN/RLMBV010-N07.wav
input/NOISY/RLMBV010-N08.wav,input/CLEAN/RLMBV010-N08.wav
input/NOISY/RLMBV010-N09.wav,input/CLEAN/RLMBV010-N09.wav
input/NOISY/RLMBV010-N10.wav,input/CLEAN/RLMBV010-N10.wav
input/NOISY/RLMBV010-N11.wav,input/CLEAN/RLMBV010-N11.wav
input/NOISY/RLMBV010-N12.wav,input/CLEAN/RLMBV010-N12.wav
input/NOISY/RLMBV010-N13.wav,input/CLEAN/RLMBV010-N13.wav
input/NOISY/RLMBV010-N14.wav,input/CLEAN/RLMBV010-N14.wav
input/NOISY/RLMBV010-N15.wav,input/CLEAN/RLMBV010-N15.wav
input/NOISY/RLMBV010-N16.wav,input/CLEAN/RLMBV010-N16.wav
input/NOISY/RLMBV010-N17.wav,input/CLEAN/RLMBV010-N17.wav
input/NOISY/RLMBV010-N18.wav,input/CLEAN/RLMBV010-N18.wav
input/NOISY/RLMBV010-N19.wav,input/CLEAN/RLMBV010-N19.wav
input/NOISY/RLMBV010-N20.wav,input/CLEAN/RLMBV010-N20.wav
input/NOISY/RLMBV010-N21.wav,input/CLEAN/RLMBV010-N21.wav
input/NOISY/RLMBV010-N22.wav,input/CLEAN/RLMBV010-N22.wav
input/NOISY/RLMBV010-N23.wav,input/CLEAN/RLMBV010-N23.wav
input/NOISY/RLMBV010-N24.wav,input/CLEAN/RLMBV010-N24.wav
input/NOISY/RLMBV010-N25.wav,input/CLEAN/RLMBV010-N25.wav
input/NOISY/RLMBV010-N26.wav,input/CLEAN/RLMBV010-N26.wav
input/NOISY/RLMBV010-N27.wav,input/CLEAN/RLMBV010-N27.wav
input/NOISY/RLMBV010-N28.wav,input/CLEAN/RLMBV010-N28.wav
input/NOISY/RLMBV010-N29.wav,input/CLEAN/RLMBV010-N29.wav
input/NOISY/RLMBV010-N30.wav,input/CLEAN/RLMBV010-N30.wav
input/NOISY/RLMBV010-N31.wav,input/CLEAN/RLMBV010-N31.wav
input/NOISY/RLMBV010-N32.wav,input/CLEAN/RLMBV010-N32.wav
input/NOISY/RLMBV010-N33.wav,input/CLEAN/RLMBV010-N33.wav
input/NOISY/RLMBV010-N34.wav,input/CLEAN/RLMBV010-N34.wav
input/NOISY/RLMBV010-N35.wav,input/CLEAN/RLMBV010-N35.wav
input/NOISY/RLMBV010-N36.wav,input/CLEAN/RLMBV010-N36.wav
input/NOISY/RLMBV010-N37.wav,input/CLEAN/RLMBV010-N37.wav
input/NOISY/RLMBV010-N38.wav,input/CLEAN/RLMBV010-N38.wav
input/NOISY/RLMBV010-N39.wav,input/CLEAN/RLMBV010-N39.wav
input/NOISY/RLMBV010-N40.wav,input/CLEAN/RLMBV010-N40.wav
input/NOISY/RLMBV010-N41.wav,input/CLEAN/RLMBV010-N41.wav
input/NOISY/RLMBV010-N42.wav,input/CLEAN/RLMBV010-N42.wav
input/NOISY/RLMBV010-N43.wav,input/CLEAN/RLMBV010-N43.wav
input/NOISY/RLMBV010-N44.wav,input/CLEAN/RLMBV010-N44.wav
input/NOISY/RLMBV010-N45.wav,input/CLEAN/RLMBV010-N45.wav
input/NOISY/RLMBV010-N46.wav,input/CLEAN/RLMBV010-N46.wav
input/NOISY/RLMBV010-N47.wav,input/CLEAN/RLMBV010-N47.wav
input/NOISY/RLMBV011-N01.wav,input/CLEAN/RLMBV011-N01.wav
input/NOISY/RLMBV011-N02.wav,input/CLEAN/RLMBV011-N02.wav
input/NOISY/RLMBV011-N03.wav,input/CLEAN/RLMBV011-N03.wav
input/NOISY/RLMBV011-N04.wav,input/CLEAN/RLMBV011-N04.wav
input/NOISY/RLMBV011-N05.wav,input/CLEAN/RLMBV011-N05.wav
input/NOISY/RLMBV011-N06.wav,input/CLEAN/RLMBV011-N06.wav
input/NOISY/RLMBV011-N07.wav,input/CLEAN/RLMBV011-N07.wav
input/NOISY/RLMBV011-N08.wav,input/CLEAN/RLMBV011-N08.wav
input/NOISY/RLMBV011-N09.wav,input/CLEAN/RLMBV011-N09.wav
input/NOISY/RLMBV011-N10.wav,input/CLEAN/RLMBV011-N10.wav
input/NOISY/RLMBV011-N11.wav,input/CLEAN/RLMBV011-N11.wav
input/NOISY/RLMBV011-N12.wav,input/CLEAN/RLMBV011-N12.wav
input/NOISY/RLMBV011-N13.wav,input/CLEAN/RLMBV011-N13.wav
input/NOISY/RLMBV011-N14.wav,input/CLEAN/RLMBV011-N14.wav
input/NOISY/RLMBV011-N15.wav,input/CLEAN/RLMBV011-N15.wav
input/NOISY/RLMBV011-N16.wav,input/CLEAN/RLMBV011-N16.wav
input/NOISY/RLMBV011-N17.wav,input/CLEAN/RLMBV011-N17.wav
input/NOISY/RLMBV011-N18.wav,input/CLEAN/RLMBV011-N18.wav
input/NOISY/RLMBV011-N19.wav,input/CLEAN/RLMBV011-N19.wav
input/NOISY/RLMBV011-N20.wav,input/CLEAN/RLMBV011-N20.wav
input/NOISY/RLMBV011-N21.wav,input/CLEAN/RLMBV011-N21.wav
input/NOISY/RLMBV011-N22.wav,input/CLEAN/RLMBV011-N22.wav
input/NOISY/RLMBV011-N23.wav,input/CLEAN/RLMBV011-N23.wav
input/NOISY/RLMBV011-N24.wav,input/CLEAN/RLMBV011-N24.wav
input/NOISY/RLMBV011-N25.wav,input/CLEAN/RLMBV011-N25.wav
input/NOISY/RLMBV011-N26.wav,input/CLEAN/RLMBV011-N26.wav
input/NOISY/RLMBV011-N27.wav,input/CLEAN/RLMBV011-N27.wav
input/NOISY/RLMBV011-N28.wav,input/CLEAN/RLMBV011-N28.wav
input/NOISY/RLMBV011-N29.wav,input/CLEAN/RLMBV011-N29.wav
input/NOISY/RLMBV011-N30.wav,input/CLEAN/RLMBV011-N30.wav
input/NOISY/RLMBV011-N31.wav,input/CLEAN/RLMBV011-N31.wav
input/NOISY/RLMBV011-N32.wav,input/CLEAN/RLMBV011-N32.wav
input/NOISY/RLMBV011-N33.wav,input/CLEAN/RLMBV011-N33.wav
input/NOISY/RLMBV011-N34.wav,input/CLEAN/RLMBV011-N34.wav
input/NOISY/RLMBV011-N35.wav,input/CLEAN/RLMBV011-N35.wav
input/NOISY/RLMBV011-N36.wav,input/CLEAN/RLMBV011-N36.wav
input/NOISY/RLMBV011-N37.wav,input/CLEAN/RLMBV011-N37.wav
input/NOISY/RLMBV011-N38.wav,input/CLEAN/RLMBV011-N38.wav
input/NOISY/RLMBV011-N39.wav,input/CLEAN/RLMBV011-N39.wav
input/NOISY/RLMBV011-N40.wav,input/CLEAN/RLMBV011-N40.wav
input/NOISY/RLMBV011-N41.wav,input/CLEAN/RLMBV011-N41.wav
input/NOISY/RLMBV011-N42.wav,input/CLEAN/RLMBV011-N42.wav
input/NOISY/RLMBV011-N43.wav,input/CLEAN/RLMBV011-N43.wav
input/NOISY/RLMBV011-N44.wav,input/CLEAN/RLMBV011-N44.wav
input/NOISY/RLMBV011-N45.wav,input/CLEAN/RLMBV011-N45.wav
input/NOISY/RLMBV011-N46.wav,input/CLEAN/RLMBV011-N46.wav
input/NOISY/RLMBV011-N47.wav,input/CLEAN/RLMBV011-N47.wav
input/NOISY/RLMBV012-N01.wav,input/CLEAN/RLMBV012-N01.wav
input/NOISY/RLMBV012-N02.wav,input/CLEAN/RLMBV012-N02.wav
input/NOISY/RLMBV012-N03.wav,input/CLEAN/RLMBV012-N03.wav
input/NOISY/RLMBV012-N04.wav,input/CLEAN/RLMBV012-N04.wav
input/NOISY/RLMBV012-N05.wav,input/CLEAN/RLMBV012-N05.wav
input/NOISY/RLMBV012-N06.wav,input/CLEAN/RLMBV012-N06.wav
input/NOISY/RLMBV012-N07.wav,input/CLEAN/RLMBV012-N07.wav
input/NOISY/RLMBV012-N08.wav,input/CLEAN/RLMBV012-N08.wav
input/NOISY/RLMBV012-N09.wav,input/CLEAN/RLMBV012-N09.wav
input/NOISY/RLMBV012-N10.wav,input/CLEAN/RLMBV012-N10.wav
input/NOISY/RLMBV012-N11.wav,input/CLEAN/RLMBV012-N11.wav
input/NOISY/RLMBV012-N12.wav,input/CLEAN/RLMBV012-N12.wav
input/NOISY/RLMBV012-N13.wav,input/CLEAN/RLMBV012-N13.wav
input/NOISY/RLMBV012-N14.wav,input/CLEAN/RLMBV012-N14.wav
input/NOISY/RLMBV012-N15.wav,input/CLEAN/RLMBV012-N15.wav
input/NOISY/RLMBV012-N16.wav,input/CLEAN/RLMBV012-N16.wav
input/NOISY/RLMBV012-N17.wav,input/CLEAN/RLMBV012-N17.wav
input/NOISY/RLMBV012-N18.wav,input/CLEAN/RLMBV012-N18.wav
input/NOISY/RLMBV012-N19.wav,input/CLEAN/RLMBV012-N19.wav
input/NOISY/RLMBV012-N20.wav,input/CLEAN/RLMBV012-N20.wav
input/NOISY/RLMBV012-N21.wav,input/CLEAN/RLMBV012-N21.wav
input/NOISY/RLMBV012-N22.wav,input/CLEAN/RLMBV012-N22.wav
input/NOISY/RLMBV012-N23.wav,input/CLEAN/RLMBV012-N23.wav
input/NOISY/RLMBV012-N24.wav,input/CLEAN/RLMBV012-N24.wav
input/NOISY/RLMBV012-N25.wav,input/CLEAN/RLMBV012-N25.wav
input/NOISY/RLMBV012-N26.wav,input/CLEAN/RLMBV012-N26.wav
input/NOISY/RLMBV012-N27.wav,input/CLEAN/RLMBV012-N27.wav
input/NOISY/RLMBV012-N28.wav,input/CLEAN/RLMBV012-N28.wav
input/NOISY/RLMBV012-N29.wav,input/CLEAN/RLMBV012-N29.wav
input/NOISY/RLMBV012-N30.wav,input/CLEAN/RLMBV012-N30.wav
input/NOISY/RLMBV012-N31.wav,input/CLEAN/RLMBV012-N31.wav
input/NOISY/RLMBV012-N32.wav,input/CLEAN/RLMBV012-N32.wav
input/NOISY/RLMBV012-N33.wav,input/CLEAN/RLMBV012-N33.wav
input/NOISY/RLMBV012-N34.wav,input/CLEAN/RLMBV012-N34.wav
input/NOISY/RLMBV012-N35.wav,input/CLEAN/RLMBV012-N35.wav
input/NOISY/RLMBV012-N36.wav,input/CLEAN/RLMBV012-N36.wav
input/NOISY/RLMBV012-N37.wav,input/CLEAN/RLMBV012-N37.wav
input/NOISY/RLMBV012-N38.wav,input/CLEAN/RLMBV012-N38.wav
input/NOISY/RLMBV012-N39.wav,input/CLEAN/RLMBV012-N39.wav
input/NOISY/RLMBV012-N40.wav,input/CLEAN/RLMBV012-N40.wav
input/NOISY/RLMBV012-N41.wav,input/CLEAN/RLMBV012-N41.wav
input/NOISY/RLMBV012-N42.wav,input/CLEAN/RLMBV012-N42.wav
input/NOISY/RLMBV012-N43.wav,input/CLEAN/RLMBV012-N43.wav
input/NOISY/RLMBV012-N44.wav,input/CLEAN/RLMBV012-N44.wav
input/NOISY/RLMBV012-N45.wav,input/CLEAN/RLMBV012-N45.wav
input/NOISY/RLMBV012-N46.wav,input/CLEAN/RLMBV012-N46.wav
input/NOISY/RLMBV012-N47.wav,input/CLEAN/RLMBV012-N47.wav
input/NOISY/RLMBV013-N01.wav,input/CLEAN/RLMBV013-N01.wav
input/NOISY/RLMBV013-N02.wav,input/CLEAN/RLMBV013-N02.wav
input/NOISY/RLMBV013-N03.wav,input/CLEAN/RLMBV013-N03.wav
input/NOISY/RLMBV013-N04.wav,input/CLEAN/RLMBV013-N04.wav
input/NOISY/RLMBV013-N05.wav,input/CLEAN/RLMBV013-N05.wav
input/NOISY/RLMBV013-N06.wav,input/CLEAN/RLMBV013-N06.wav
input/NOISY/RLMBV013-N07.wav,input/CLEAN/RLMBV013-N07.wav
input/NOISY/RLMBV013-N08.wav,input/CLEAN/RLMBV013-N08.wav
input/NOISY/RLMBV013-N09.wav,input/CLEAN/RLMBV013-N09.wav
input/NOISY/RLMBV013-N10.wav,input/CLEAN/RLMBV013-N10.wav
input/NOISY/RLMBV013-N11.wav,input/CLEAN/RLMBV013-N11.wav
input/NOISY/RLMBV013-N12.wav,input/CLEAN/RLMBV013-N12.wav
input/NOISY/RLMBV013-N13.wav,input/CLEAN/RLMBV013-N13.wav
input/NOISY/RLMBV013-N14.wav,input/CLEAN/RLMBV013-N14.wav
input/NOISY/RLMBV013-N15.wav,input/CLEAN/RLMBV013-N15.wav
input/NOISY/RLMBV013-N16.wav,input/CLEAN/RLMBV013-N16.wav
input/NOISY/RLMBV013-N17.wav,input/CLEAN/RLMBV013-N17.wav
input/NOISY/RLMBV013-N18.wav,input/CLEAN/RLMBV013-N18.wav
input/NOISY/RLMBV013-N19.wav,input/CLEAN/RLMBV013-N19.wav
input/NOISY/RLMBV013-N20.wav,input/CLEAN/RLMBV013-N20.wav
input/NOISY/RLMBV013-N21.wav,input/CLEAN/RLMBV013-N21.wav
input/NOISY/RLMBV013-N22.wav,input/CLEAN/RLMBV013-N22.wav
input/NOISY/RLMBV013-N23.wav,input/CLEAN/RLMBV013-N23.wav
input/NOISY/RLMBV013-N24.wav,input/CLEAN/RLMBV013-N24.wav
input/NOISY/RLMBV013-N25.wav,input/CLEAN/RLMBV013-N25.wav
input/NOISY/RLMBV013-N26.wav,input/CLEAN/RLMBV013-N26.wav
input/NOISY/RLMBV013-N27.wav,input/CLEAN/RLMBV013-N27.wav
input/NOISY/RLMBV013-N28.wav,input/CLEAN/RLMBV013-N28.wav
input/NOISY/RLMBV013-N29.wav,input/CLEAN/RLMBV013-N29.wav
input/NOISY/RLMBV013-N30.wav,input/CLEAN/RLMBV013-N30.wav
input/NOISY/RLMBV013-N31.wav,input/CLEAN/RLMBV013-N31.wav
input/NOISY/RLMBV013-N32.wav,input/CLEAN/RLMBV013-N32.wav
input/NOISY/RLMBV013-N33.wav,input/CLEAN/RLMBV013-N33.wav
input/NOISY/RLMBV013-N34.wav,input/CLEAN/RLMBV013-N34.wav
input/NOISY/RLMBV013-N35.wav,input/CLEAN/RLMBV013-N35.wav
input/NOISY/RLMBV013-N36.wav,input/CLEAN/RLMBV013-N36.wav
input/NOISY/RLMBV013-N37.wav,input/CLEAN/RLMBV013-N37.wav
input/NOISY/RLMBV013-N38.wav,input/CLEAN/RLMBV013-N38.wav
input/NOISY/RLMBV013-N39.wav,input/CLEAN/RLMBV013-N39.wav
input/NOISY/RLMBV013-N40.wav,input/CLEAN/RLMBV013-N40.wav
input/NOISY/RLMBV013-N41.wav,input/CLEAN/RLMBV013-N41.wav
input/NOISY/RLMBV013-N42.wav,input/CLEAN/RLMBV013-N42.wav
input/NOISY/RLMBV013-N43.wav,input/CLEAN/RLMBV013-N43.wav
input/NOISY/RLMBV013-N44.wav,input/CLEAN/RLMBV013-N44.wav
input/NOISY/RLMBV013-N45.wav,input/CLEAN/RLMBV013-N45.wav
input/NOISY/RLMBV013-N46.wav,input/CLEAN/RLMBV013-N46.wav
input/NOISY/RLMBV013-N47.wav,input/CLEAN/RLMBV013-N47.wav
input/NOISY/RLMBV014-N01.wav,input/CLEAN/RLMBV014-N01.wav
input/NOISY/RLMBV014-N02.wav,input/CLEAN/RLMBV014-N02.wav
input/NOISY/RLMBV014-N03.wav,input/CLEAN/RLMBV014-N03.wav
input/NOISY/RLMBV014-N04.wav,input/CLEAN/RLMBV014-N04.wav
input/NOISY/RLMBV014-N05.wav,input/CLEAN/RLMBV014-N05.wav
input/NOISY/RLMBV014-N06.wav,input/CLEAN/RLMBV014-N06.wav
input/NOISY/RLMBV014-N07.wav,input/CLEAN/RLMBV014-N07.wav
input/NOISY/RLMBV014-N08.wav,input/CLEAN/RLMBV014-N08.wav
input/NOISY/RLMBV014-N09.wav,input/CLEAN/RLMBV014-N09.wav
input/NOISY/RLMBV014-N10.wav,input/CLEAN/RLMBV014-N10.wav
input/NOISY/RLMBV014-N11.wav,input/CLEAN/RLMBV014-N11.wav
input/NOISY/RLMBV014-N12.wav,input/CLEAN/RLMBV014-N12.wav
input/NOISY/RLMBV014-N13.wav,input/CLEAN/RLMBV014-N13.wav
input/NOISY/RLMBV014-N14.wav,input/CLEAN/RLMBV014-N14.wav
input/NOISY/RLMBV014-N15.wav,input/CLEAN/RLMBV014-N15.wav
input/NOISY/RLMBV014-N16.wav,input/CLEAN/RLMBV014-N16.wav
input/NOISY/RLMBV014-N17.wav,input/CLEAN/RLMBV014-N17.wav
input/NOISY/RLMBV014-N18.wav,input/CLEAN/RLMBV014-N18.wav
input/NOISY/RLMBV014-N19.wav,input/CLEAN/RLMBV014-N19.wav
input/NOISY/RLMBV014-N20.wav,input/CLEAN/RLMBV014-N20.wav
input/NOISY/RLMBV014-N21.wav,input/CLEAN/RLMBV014-N21.wav
input/NOISY/RLMBV014-N22.wav,input/CLEAN/RLMBV014-N22.wav
input/NOISY/RLMBV014-N23.wav,input/CLEAN/RLMBV014-N23.wav
input/NOISY/RLMBV014-N24.wav,input/CLEAN/RLMBV014-N24.wav
input/NOISY/RLMBV014-N25.wav,input/CLEAN/RLMBV014-N25.wav
input/NOISY/RLMBV014-N26.wav,input/CLEAN/RLMBV014-N26.wav
input/NOISY/RLMBV014-N27.wav,input/CLEAN/RLMBV014-N27.wav
input/NOISY/RLMBV014-N28.wav,input/CLEAN/RLMBV014-N28.wav
input/NOISY/RLMBV014-N29.wav,input/CLEAN/RLMBV014-N29.wav
input/NOISY/RLMBV014-N30.wav,input/CLEAN/RLMBV014-N30.wav
input/NOISY/RLMBV014-N31.wav,input/CLEAN/RLMBV014-N31.wav
input/NOISY/RLMBV014-N32.wav,input/CLEAN/RLMBV014-N32.wav
input/NOISY/RLMBV014-N33.wav,input/CLEAN/RLMBV014-N33.wav
input/NOISY/RLMBV014-N34.wav,input/CLEAN/RLMBV014-N34.wav
input/NOISY/RLMBV014-N35.wav,input/CLEAN/RLMBV014-N35.wav
input/NOISY/RLMBV014-N36.wav,input/CLEAN/RLMBV014-N36.wav
input/NOISY/RLMBV014-N37.wav,input/CLEAN/RLMBV014-N37.wav
input/NOISY/RLMBV014-N38.wav,input/CLEAN/RLMBV014-N38.wav
input/NOISY/RLMBV014-N39.wav,input/CLEAN/RLMBV014-N39.wav
input/NOISY/RLMBV014-N40.wav,input/CLEAN/RLMBV014-N40.wav
input/NOISY/RLMBV014-N41.wav,input/CLEAN/RLMBV014-N41.wav
input/NOISY/RLMBV014-N42.wav,input/CLEAN/RLMBV014-N42.wav
input/NOISY/RLMBV014-N43.wav,input/CLEAN/RLMBV014-N43.wav
input/NOISY/RLMBV014-N44.wav,input/CLEAN/RLMBV014-N44.wav
input/NOISY/RLMBV014-N45.wav,input/CLEAN/RLMBV014-N45.wav
input/NOISY/RLMBV014-N46.wav,input/CLEAN/RLMBV014-N46.wav
input/NOISY/RLMBV014-N47.wav,input/CLEAN/RLMBV014-N47.wav
input/NOISY/RLMBV015-N01.wav,input/CLEAN/RLMBV015-N01.wav
input/NOISY/RLMBV015-N02.wav,input/CLEAN/RLMBV015-N02.wav
input/NOISY/RLMBV015-N03.wav,input/CLEAN/RLMBV015-N03.wav
input/NOISY/RLMBV015-N04.wav,input/CLEAN/RLMBV015-N04.wav
input/NOISY/RLMBV015-N05.wav,input/CLEAN/RLMBV015-N05.wav
input/NOISY/RLMBV015-N06.wav,input/CLEAN/RLMBV015-N06.wav
input/NOISY/RLMBV015-N07.wav,input/CLEAN/RLMBV015-N07.wav
input/NOISY/RLMBV015-N08.wav,input/CLEAN/RLMBV015-N08.wav
input/NOISY/RLMBV015-N09.wav,input/CLEAN/RLMBV015-N09.wav
input/NOISY/RLMBV015-N10.wav,input/CLEAN/RLMBV015-N10.wav
input/NOISY/RLMBV015-N11.wav,input/CLEAN/RLMBV015-N11.wav
input/NOISY/RLMBV015-N12.wav,input/CLEAN/RLMBV015-N12.wav
input/NOISY/RLMBV015-N13.wav,input/CLEAN/RLMBV015-N13.wav
input/NOISY/RLMBV015-N14.wav,input/CLEAN/RLMBV015-N14.wav
input/NOISY/RLMBV015-N15.wav,input/CLEAN/RLMBV015-N15.wav
input/NOISY/RLMBV015-N16.wav,input/CLEAN/RLMBV015-N16.wav
input/NOISY/RLMBV015-N17.wav,input/CLEAN/RLMBV015-N17.wav
input/NOISY/RLMBV015-N18.wav,input/CLEAN/RLMBV015-N18.wav
input/NOISY/RLMBV015-N19.wav,input/CLEAN/RLMBV015-N19.wav
input/NOISY/RLMBV015-N20.wav,input/CLEAN/RLMBV015-N20.wav
input/NOISY/RLMBV015-N21.wav,input/CLEAN/RLMBV015-N21.wav
input/NOISY/RLMBV015-N22.wav,input/CLEAN/RLMBV015-N22.wav
input/NOISY/RLMBV015-N23.wav,input/CLEAN/RLMBV015-N23.wav
input/NOISY/RLMBV015-N24.wav,input/CLEAN/RLMBV015-N24.wav
input/NOISY/RLMBV015-N25.wav,input/CLEAN/RLMBV015-N25.wav
input/NOISY/RLMBV015-N26.wav,input/CLEAN/RLMBV015-N26.wav
input/NOISY/RLMBV015-N27.wav,input/CLEAN/RLMBV015-N27.wav
input/NOISY/RLMBV015-N28.wav,input/CLEAN/RLMBV015-N28.wav
input/NOISY/RLMBV015-N29.wav,input/CLEAN/RLMBV015-N29.wav
input/NOISY/RLMBV015-N30.wav,input/CLEAN/RLMBV015-N30.wav
input/NOISY/RLMBV015-N31.wav,input/CLEAN/RLMBV015-N31.wav
input/NOISY/RLMBV015-N32.wav,input/CLEAN/RLMBV015-N32.wav
input/NOISY/RLMBV015-N33.wav,input/CLEAN/RLMBV015-N33.wav
input/NOISY/RLMBV015-N34.wav,input/CLEAN/RLMBV015-N34.wav
input/NOISY/RLMBV015-N35.wav,input/CLEAN/RLMBV015-N35.wav
input/NOISY/RLMBV015-N36.wav,input/CLEAN/RLMBV015-N36.wav
input/NOISY/RLMBV015-N37.wav,input/CLEAN/RLMBV015-N37.wav
input/NOISY/RLMBV015-N38.wav,input/CLEAN/RLMBV015-N38.wav
input/NOISY/RLMBV015-N39.wav,input/CLEAN/RLMBV015-N39.wav
input/NOISY/RLMBV015-N40.wav,input/CLEAN/RLMBV015-N40.wav
input/NOISY/RLMBV015-N41.wav,input/CLEAN/RLMBV015-N41.wav
input/NOISY/RLMBV015-N42.wav,input/CLEAN/RLMBV015-N42.wav
input/NOISY/RLMBV015-N43.wav,input/CLEAN/RLMBV015-N43.wav
input/NOISY/RLMBV015-N44.wav,input/CLEAN/RLMBV015-N44.wav
input/NOISY/RLMBV015-N45.wav,input/CLEAN/RLMBV015-N45.wav
input/NOISY/RLMBV015-N46.wav,input/CLEAN/RLMBV015-N46.wav
input/NOISY/RLMBV015-N47.wav,input/CLEAN/RLMBV015-N47.wav
input/NOISY/RLMBV016-N01.wav,input/CLEAN/RLMBV016-N01.wav
input/NOISY/RLMBV016-N02.wav,input/CLEAN/RLMBV016-N02.wav
input/NOISY/RLMBV016-N03.wav,input/CLEAN/RLMBV016-N03.wav
input/NOISY/RLMBV016-N04.wav,input/CLEAN/RLMBV016-N04.wav
input/NOISY/RLMBV016-N05.wav,input/CLEAN/RLMBV016-N05.wav
input/NOISY/RLMBV016-N06.wav,input/CLEAN/RLMBV016-N06.wav
input/NOISY/RLMBV016-N07.wav,input/CLEAN/RLMBV016-N07.wav
input/NOISY/RLMBV016-N08.wav,input/CLEAN/RLMBV016-N08.wav
input/NOISY/RLMBV016-N09.wav,input/CLEAN/RLMBV016-N09.wav
input/NOISY/RLMBV016-N10.wav,input/CLEAN/RLMBV016-N10.wav
input/NOISY/RLMBV016-N11.wav,input/CLEAN/RLMBV016-N11.wav
input/NOISY/RLMBV016-N12.wav,input/CLEAN/RLMBV016-N12.wav
input/NOISY/RLMBV016-N13.wav,input/CLEAN/RLMBV016-N13.wav
input/NOISY/RLMBV016-N14.wav,input/CLEAN/RLMBV016-N14.wav
input/NOISY/RLMBV016-N15.wav,input/CLEAN/RLMBV016-N15.wav
input/NOISY/RLMBV016-N16.wav,input/CLEAN/RLMBV016-N16.wav
input/NOISY/RLMBV016-N17.wav,input/CLEAN/RLMBV016-N17.wav
input/NOISY/RLMBV016-N18.wav,input/CLEAN/RLMBV016-N18.wav
input/NOISY/RLMBV016-N19.wav,input/CLEAN/RLMBV016-N19.wav
input/NOISY/RLMBV016-N20.wav,input/CLEAN/RLMBV016-N20.wav
input/NOISY/RLMBV016-N21.wav,input/CLEAN/RLMBV016-N21.wav
input/NOISY/RLMBV016-N22.wav,input/CLEAN/RLMBV016-N22.wav
input/NOISY/RLMBV016-N23.wav,input/CLEAN/RLMBV016-N23.wav
input/NOISY/RLMBV016-N24.wav,input/CLEAN/RLMBV016-N24.wav
input/NOISY/RLMBV016-N25.wav,input/CLEAN/RLMBV016-N25.wav
input/NOISY/RLMBV016-N26.wav,input/CLEAN/RLMBV016-N26.wav
input/NOISY/RLMBV016-N27.wav,input/CLEAN/RLMBV016-N27.wav
input/NOISY/RLMBV016-N28.wav,input/CLEAN/RLMBV016-N28.wav
input/NOISY/RLMBV016-N29.wav,input/CLEAN/RLMBV016-N29.wav
input/NOISY/RLMBV016-N30.wav,input/CLEAN/RLMBV016-N30.wav
input/NOISY/RLMBV016-N31.wav,input/CLEAN/RLMBV016-N31.wav
input/NOISY/RLMBV016-N32.wav,input/CLEAN/RLMBV016-N32.wav
input/NOISY/RLMBV016-N33.wav,input/CLEAN/RLMBV016-N33.wav
input/NOISY/RLMBV016-N34.wav,input/CLEAN/RLMBV016-N34.wav
input/NOISY/RLMBV016-N35.wav,input/CLEAN/RLMBV016-N35.wav
input/NOISY/RLMBV016-N36.wav,input/CLEAN/RLMBV016-N36.wav
input/NOISY/RLMBV016-N37.wav,input/CLEAN/RLMBV016-N37.wav
input/NOISY/RLMBV016-N38.wav,input/CLEAN/RLMBV016-N38.wav
input/NOISY/RLMBV016-N39.wav,input/CLEAN/RLMBV016-N39.wav
input/NOISY/RLMBV016-N40.wav,input/CLEAN/RLMBV016-N40.wav
input/NOISY/RLMBV016-N41.wav,input/CLEAN/RLMBV016-N41.wav
input/NOISY/RLMBV016-N42.wav,input/CLEAN/RLMBV016-N42.wav
input/NOISY/RLMBV016-N43.wav,input/CLEAN/RLMBV016-N43.wav
input/NOISY/RLMBV016-N44.wav,input/CLEAN/RLMBV016-N44.wav
input/NOISY/RLMBV016-N45.wav,input/CLEAN/RLMBV016-N45.wav
input/NOISY/RLMBV016-N46.wav,input/CLEAN/RLMBV016-N46.wav
input/NOISY/RLMBV016-N47.wav,input/CLEAN/RLMBV016-N47.wav
input/NOISY/RLMBV017-N01.wav,input/CLEAN/RLMBV017-N01.wav
input/NOISY/RLMBV017-N02.wav,input/CLEAN/RLMBV017-N02.wav
input/NOISY/RLMBV017-N03.wav,input/CLEAN/RLMBV017-N03.wav
input/NOISY/RLMBV017-N04.wav,input/CLEAN/RLMBV017-N04.wav
input/NOISY/RLMBV017-N05.wav,input/CLEAN/RLMBV017-N05.wav
input/NOISY/RLMBV017-N06.wav,input/CLEAN/RLMBV017-N06.wav
input/NOISY/RLMBV017-N07.wav,input/CLEAN/RLMBV017-N07.wav
input/NOISY/RLMBV017-N08.wav,input/CLEAN/RLMBV017-N08.wav
input/NOISY/RLMBV017-N09.wav,input/CLEAN/RLMBV017-N09.wav
input/NOISY/RLMBV017-N10.wav,input/CLEAN/RLMBV017-N10.wav
input/NOISY/RLMBV017-N11.wav,input/CLEAN/RLMBV017-N11.wav
input/NOISY/RLMBV017-N12.wav,input/CLEAN/RLMBV017-N12.wav
input/NOISY/RLMBV017-N13.wav,input/CLEAN/RLMBV017-N13.wav
input/NOISY/RLMBV017-N14.wav,input/CLEAN/RLMBV017-N14.wav
input/NOISY/RLMBV017-N15.wav,input/CLEAN/RLMBV017-N15.wav
input/NOISY/RLMBV017-N16.wav,input/CLEAN/RLMBV017-N16.wav
input/NOISY/RLMBV017-N17.wav,input/CLEAN/RLMBV017-N17.wav
input/NOISY/RLMBV017-N18.wav,input/CLEAN/RLMBV017-N18.wav
input/NOISY/RLMBV017-N19.wav,input/CLEAN/RLMBV017-N19.wav
input/NOISY/RLMBV017-N20.wav,input/CLEAN/RLMBV017-N20.wav
input/NOISY/RLMBV017-N21.wav,input/CLEAN/RLMBV017-N21.wav
input/NOISY/RLMBV017-N22.wav,input/CLEAN/RLMBV017-N22.wav
input/NOISY/RLMBV017-N23.wav,input/CLEAN/RLMBV017-N23.wav
input/NOISY/RLMBV017-N24.wav,input/CLEAN/RLMBV017-N24.wav
input/NOISY/RLMBV017-N25.wav,input/CLEAN/RLMBV017-N25.wav
input/NOISY/RLMBV017-N26.wav,input/CLEAN/RLMBV017-N26.wav
input/NOISY/RLMBV017-N27.wav,input/CLEAN/RLMBV017-N27.wav
input/NOISY/RLMBV017-N28.wav,input/CLEAN/RLMBV017-N28.wav
input/NOISY/RLMBV017-N29.wav,input/CLEAN/RLMBV017-N29.wav
input/NOISY/RLMBV017-N30.wav,input/CLEAN/RLMBV017-N30.wav
input/NOISY/RLMBV017-N31.wav,input/CLEAN/RLMBV017-N31.wav
input/NOISY/RLMBV017-N32.wav,input/CLEAN/RLMBV017-N32.wav
input/NOISY/RLMBV017-N33.wav,input/CLEAN/RLMBV017-N33.wav
input/NOISY/RLMBV017-N34.wav,input/CLEAN/RLMBV017-N34.wav
input/NOISY/RLMBV017-N35.wav,input/CLEAN/RLMBV017-N35.wav
input/NOISY/RLMBV017-N36.wav,input/CLEAN/RLMBV017-N36.wav
input/NOISY/RLMBV017-N37.wav,input/CLEAN/RLMBV017-N37.wav
input/NOISY/RLMBV017-N38.wav,input/CLEAN/RLMBV017-N38.wav
input/NOISY/RLMBV017-N39.wav,input/CLEAN/RLMBV017-N39.wav
input/NOISY/RLMBV017-N40.wav,input/CLEAN/RLMBV017-N40.wav
input/NOISY/RLMBV017-N41.wav,input/CLEAN/RLMBV017-N41.wav
input/NOISY/RLMBV017-N42.wav,input/CLEAN/RLMBV017-N42.wav
input/NOISY/RLMBV017-N43.wav,input/CLEAN/RLMBV017-N43.wav
input/NOISY/RLMBV017-N44.wav,input/CLEAN/RLMBV017-N44.wav
input/NOISY/RLMBV017-N45.wav,input/CLEAN/RLMBV017-N45.wav
input/NOISY/RLMBV017-N46.wav,input/CLEAN/RLMBV017-N46.wav
input/NOISY/RLMBV017-N47.wav,input/CLEAN/RLMBV017-N47.wav
input/NOISY/RLMBV018-N01.wav,input/CLEAN/RLMBV018-N01.wav
input/NOISY/RLMBV018-N02.wav,input/CLEAN/RLMBV018-N02.wav
input/NOISY/RLMBV018-N03.wav,input/CLEAN/RLMBV018-N03.wav
input/NOISY/RLMBV018-N04.wav,input/CLEAN/RLMBV018-N04.wav
input/NOISY/RLMBV018-N05.wav,input/CLEAN/RLMBV018-N05.wav
input/NOISY/RLMBV018-N06.wav,input/CLEAN/RLMBV018-N06.wav
input/NOISY/RLMBV018-N07.wav,input/CLEAN/RLMBV018-N07.wav
input/NOISY/RLMBV018-N08.wav,input/CLEAN/RLMBV018-N08.wav
input/NOISY/RLMBV018-N09.wav,input/CLEAN/RLMBV018-N09.wav
input/NOISY/RLMBV018-N10.wav,input/CLEAN/RLMBV018-N10.wav
input/NOISY/RLMBV018-N11.wav,input/CLEAN/RLMBV018-N11.wav
input/NOISY/RLMBV018-N12.wav,input/CLEAN/RLMBV018-N12.wav
input/NOISY/RLMBV018-N13.wav,input/CLEAN/RLMBV018-N13.wav
input/NOISY/RLMBV018-N14.wav,input/CLEAN/RLMBV018-N14.wav
input/NOISY/RLMBV018-N15.wav,input/CLEAN/RLMBV018-N15.wav
input/NOISY/RLMBV018-N16.wav,input/CLEAN/RLMBV018-N16.wav
input/NOISY/RLMBV018-N17.wav,input/CLEAN/RLMBV018-N17.wav
input/NOISY/RLMBV018-N18.wav,input/CLEAN/RLMBV018-N18.wav
input/NOISY/RLMBV018-N19.wav,input/CLEAN/RLMBV018-N19.wav
input/NOISY/RLMBV018-N20.wav,input/CLEAN/RLMBV018-N20.wav
input/NOISY/RLMBV018-N21.wav,input/CLEAN/RLMBV018-N21.wav
input/NOISY/RLMBV018-N22.wav,input/CLEAN/RLMBV018-N22.wav
input/NOISY/RLMBV018-N23.wav,input/CLEAN/RLMBV018-N23.wav
input/NOISY/RLMBV018-N24.wav,input/CLEAN/RLMBV018-N24.wav
input/NOISY/RLMBV018-N25.wav,input/CLEAN/RLMBV018-N25.wav
input/NOISY/RLMBV018-N26.wav,input/CLEAN/RLMBV018-N26.wav
input/NOISY/RLMBV018-N27.wav,input/CLEAN/RLMBV018-N27.wav
input/NOISY/RLMBV018-N28.wav,input/CLEAN/RLMBV018-N28.wav
input/NOISY/RLMBV018-N29.wav,input/CLEAN/RLMBV018-N29.wav
input/NOISY/RLMBV018-N30.wav,input/CLEAN/RLMBV018-N30.wav
input/NOISY/RLMBV018-N31.wav,input/CLEAN/RLMBV018-N31.wav
input/NOISY/RLMBV018-N32.wav,input/CLEAN/RLMBV018-N32.wav
input/NOISY/RLMBV018-N33.wav,input/CLEAN/RLMBV018-N33.wav
input/NOISY/RLMBV018-N34.wav,input/CLEAN/RLMBV018-N34.wav
input/NOISY/RLMBV018-N35.wav,input/CLEAN/RLMBV018-N35.wav
input/NOISY/RLMBV018-N36.wav,input/CLEAN/RLMBV018-N36.wav
input/NOISY/RLMBV018-N37.wav,input/CLEAN/RLMBV018-N37.wav
input/NOISY/RLMBV018-N38.wav,input/CLEAN/RLMBV018-N38.wav
input/NOISY/RLMBV018-N39.wav,input/CLEAN/RLMBV018-N39.wav
input/NOISY/RLMBV018-N40.wav,input/CLEAN/RLMBV018-N40.wav
input/NOISY/RLMBV018-N41.wav,input/CLEAN/RLMBV018-N41.wav
input/NOISY/RLMBV018-N42.wav,input/CLEAN/RLMBV018-N42.wav
input/NOISY/RLMBV018-N43.wav,input/CLEAN/RLMBV018-N43.wav
input/NOISY/RLMBV018-N44.wav,input/CLEAN/RLMBV018-N44.wav
input/NOISY/RLMBV018-N45.wav,input/CLEAN/RLMBV018-N45.wav
input/NOISY/RLMBV018-N46.wav,input/CLEAN/RLMBV018-N46.wav
input/NOISY/RLMBV018-N47.wav,input/CLEAN/RLMBV018-N47.wav
input/NOISY/RLMBV019-N01.wav,input/CLEAN/RLMBV019-N01.wav
input/NOISY/RLMBV019-N02.wav,input/CLEAN/RLMBV019-N02.wav
input/NOISY/RLMBV019-N03.wav,input/CLEAN/RLMBV019-N03.wav
input/NOISY/RLMBV019-N04.wav,input/CLEAN/RLMBV019-N04.wav
input/NOISY/RLMBV019-N05.wav,input/CLEAN/RLMBV019-N05.wav
input/NOISY/RLMBV019-N06.wav,input/CLEAN/RLMBV019-N06.wav
input/NOISY/RLMBV019-N07.wav,input/CLEAN/RLMBV019-N07.wav
input/NOISY/RLMBV019-N08.wav,input/CLEAN/RLMBV019-N08.wav
input/NOISY/RLMBV019-N09.wav,input/CLEAN/RLMBV019-N09.wav
input/NOISY/RLMBV019-N10.wav,input/CLEAN/RLMBV019-N10.wav
input/NOISY/RLMBV019-N11.wav,input/CLEAN/RLMBV019-N11.wav
input/NOISY/RLMBV019-N12.wav,input/CLEAN/RLMBV019-N12.wav
input/NOISY/RLMBV019-N13.wav,input/CLEAN/RLMBV019-N13.wav
input/NOISY/RLMBV019-N14.wav,input/CLEAN/RLMBV019-N14.wav
input/NOISY/RLMBV019-N15.wav,input/CLEAN/RLMBV019-N15.wav
input/NOISY/RLMBV019-N16.wav,input/CLEAN/RLMBV019-N16.wav
input/NOISY/RLMBV019-N17.wav,input/CLEAN/RLMBV019-N17.wav
input/NOISY/RLMBV019-N18.wav,input/CLEAN/RLMBV019-N18.wav
input/NOISY/RLMBV019-N19.wav,input/CLEAN/RLMBV019-N19.wav
input/NOISY/RLMBV019-N20.wav,input/CLEAN/RLMBV019-N20.wav
input/NOISY/RLMBV019-N21.wav,input/CLEAN/RLMBV019-N21.wav
input/NOISY/RLMBV019-N22.wav,input/CLEAN/RLMBV019-N22.wav
input/NOISY/RLMBV019-N23.wav,input/CLEAN/RLMBV019-N23.wav
input/NOISY/RLMBV019-N24.wav,input/CLEAN/RLMBV019-N24.wav
input/NOISY/RLMBV019-N25.wav,input/CLEAN/RLMBV019-N25.wav
input/NOISY/RLMBV019-N26.wav,input/CLEAN/RLMBV019-N26.wav
input/NOISY/RLMBV019-N27.wav,input/CLEAN/RLMBV019-N27.wav
input/NOISY/RLMBV019-N28.wav,input/CLEAN/RLMBV019-N28.wav
input/NOISY/RLMBV019-N29.wav,input/CLEAN/RLMBV019-N29.wav
input/NOISY/RLMBV019-N30.wav,input/CLEAN/RLMBV019-N30.wav
input/NOISY/RLMBV019-N31.wav,input/CLEAN/RLMBV019-N31.wav
input/NOISY/RLMBV019-N32.wav,input/CLEAN/RLMBV019-N32.wav
input/NOISY/RLMBV019-N33.wav,input/CLEAN/RLMBV019-N33.wav
input/NOISY/RLMBV019-N34.wav,input/CLEAN/RLMBV019-N34.wav
input/NOISY/RLMBV019-N35.wav,input/CLEAN/RLMBV019-N35.wav
input/NOISY/RLMBV019-N36.wav,input/CLEAN/RLMBV019-N36.wav
input/NOISY/RLMBV019-N37.wav,input/CLEAN/RLMBV019-N37.wav
input/NOISY/RLMBV019-N38.wav,input/CLEAN/RLMBV019-N38.wav
input/NOISY/RLMBV019-N39.wav,input/CLEAN/RLMBV019-N39.wav
input/NOISY/RLMBV019-N40.wav,input/CLEAN/RLMBV019-N40.wav
input/NOISY/RLMBV019-N41.wav,input/CLEAN/RLMBV019-N41.wav
input/NOISY/RLMBV019-N42.wav,input/CLEAN/RLMBV019-N42.wav
input/NOISY/RLMBV019-N43.wav,input/CLEAN/RLMBV019-N43.wav
input/NOISY/RLMBV019-N44.wav,input/CLEAN/RLMBV019-N44.wav
input/NOISY/RLMBV019-N45.wav,input/CLEAN/RLMBV019-N45.wav
input/NOISY/RLMBV019-N46.wav,input/CLEAN/RLMBV019-N46.wav
input/NOISY/RLMBV019-N47.wav,input/CLEAN/RLMBV019-N47.wav
input/NOISY/RLMBV020-N01.wav,input/CLEAN/RLMBV020-N01.wav
input/NOISY/RLMBV020-N02.wav,input/CLEAN/RLMBV020-N02.wav
input/NOISY/RLMBV020-N03.wav,input/CLEAN/RLMBV020-N03.wav
input/NOISY/RLMBV020-N04.wav,input/CLEAN/RLMBV020-N04.wav
input/NOISY/RLMBV020-N05.wav,input/CLEAN/RLMBV020-N05.wav
input/NOISY/RLMBV020-N06.wav,input/CLEAN/RLMBV020-N06.wav
input/NOISY/RLMBV020-N07.wav,input/CLEAN/RLMBV020-N07.wav
input/NOISY/RLMBV020-N08.wav,input/CLEAN/RLMBV020-N08.wav
input/NOISY/RLMBV020-N09.wav,input/CLEAN/RLMBV020-N09.wav
input/NOISY/RLMBV020-N10.wav,input/CLEAN/RLMBV020-N10.wav
input/NOISY/RLMBV020-N11.wav,input/CLEAN/RLMBV020-N11.wav
input/NOISY/RLMBV020-N12.wav,input/CLEAN/RLMBV020-N12.wav
input/NOISY/RLMBV020-N13.wav,input/CLEAN/RLMBV020-N13.wav
input/NOISY/RLMBV020-N14.wav,input/CLEAN/RLMBV020-N14.wav
input/NOISY/RLMBV020-N15.wav,input/CLEAN/RLMBV020-N15.wav
input/NOISY/RLMBV020-N16.wav,input/CLEAN/RLMBV020-N16.wav
input/NOISY/RLMBV020-N17.wav,input/CLEAN/RLMBV020-N17.wav
input/NOISY/RLMBV020-N18.wav,input/CLEAN/RLMBV020-N18.wav
input/NOISY/RLMBV020-N19.wav,input/CLEAN/RLMBV020-N19.wav
input/NOISY/RLMBV020-N20.wav,input/CLEAN/RLMBV020-N20.wav
input/NOISY/RLMBV020-N21.wav,input/CLEAN/RLMBV020-N21.wav
input/NOISY/RLMBV020-N22.wav,input/CLEAN/RLMBV020-N22.wav
input/NOISY/RLMBV020-N23.wav,input/CLEAN/RLMBV020-N23.wav
input/NOISY/RLMBV020-N24.wav,input/CLEAN/RLMBV020-N24.wav
input/NOISY/RLMBV020-N25.wav,input/CLEAN/RLMBV020-N25.wav
input/NOISY/RLMBV020-N26.wav,input/CLEAN/RLMBV020-N26.wav
input/NOISY/RLMBV020-N27.wav,input/CLEAN/RLMBV020-N27.wav
input/NOISY/RLMBV020-N28.wav,input/CLEAN/RLMBV020-N28.wav
input/NOISY/RLMBV020-N29.wav,input/CLEAN/RLMBV020-N29.wav
input/NOISY/RLMBV020-N30.wav,input/CLEAN/RLMBV020-N30.wav
input/NOISY/RLMBV020-N31.wav,input/CLEAN/RLMBV020-N31.wav
input/NOISY/RLMBV020-N32.wav,input/CLEAN/RLMBV020-N32.wav
input/NOISY/RLMBV020-N33.wav,input/CLEAN/RLMBV020-N33.wav
input/NOISY/RLMBV020-N34.wav,input/CLEAN/RLMBV020-N34.wav
input/NOISY/RLMBV020-N35.wav,input/CLEAN/RLMBV020-N35.wav
input/NOISY/RLMBV020-N36.wav,input/CLEAN/RLMBV020-N36.wav
input/NOISY/RLMBV020-N37.wav,input/CLEAN/RLMBV020-N37.wav
input/NOISY/RLMBV020-N38.wav,input/CLEAN/RLMBV020-N38.wav
input/NOISY/RLMBV020-N39.wav,input/CLEAN/RLMBV020-N39.wav
input/NOISY/RLMBV020-N40.wav,input/CLEAN/RLMBV020-N40.wav
input/NOISY/RLMBV020-N41.wav,input/CLEAN/RLMBV020-N41.wav
input/NOISY/RLMBV020-N42.wav,input/CLEAN/RLMBV020-N42.wav
input/NOISY/RLMBV020-N43.wav,input/CLEAN/RLMBV020-N43.wav
input/NOISY/RLMBV020-N44.wav,input/CLEAN/RLMBV020-N44.wav
input/NOISY/RLMBV020-N45.wav,input/CLEAN/RLMBV020-N45.wav
input/NOISY/RLMBV020-N46.wav,input/CLEAN/RLMBV020-N46.wav
input/NOISY/RLMBV020-N47.wav,input/CLEAN/RLMBV020-N47.wav
input/NOISY/RLMNV003-N01.wav,input/CLEAN/RLMNV003-N01.wav
input/NOISY/RLMNV003-N02.wav,input/CLEAN/RLMNV003-N02.wav
input/NOISY/RLMNV003-N03.wav,input/CLEAN/RLMNV003-N03.wav
input/NOISY/RLMNV003-N04.wav,input/CLEAN/RLMNV003-N04.wav
input/NOISY/RLMNV003-N05.wav,input/CLEAN/RLMNV003-N05.wav
input/NOISY/RLMNV003-N06.wav,input/CLEAN/RLMNV003-N06.wav
input/NOISY/RLMNV003-N07.wav,input/CLEAN/RLMNV003-N07.wav
input/NOISY/RLMNV003-N08.wav,input/CLEAN/RLMNV003-N08.wav
input/NOISY/RLMNV003-N09.wav,input/CLEAN/RLMNV003-N09.wav
input/NOISY/RLMNV003-N10.wav,input/CLEAN/RLMNV003-N10.wav
input/NOISY/RLMNV003-N11.wav,input/CLEAN/RLMNV003-N11.wav
input/NOISY/RLMNV003-N12.wav,input/CLEAN/RLMNV003-N12.wav
input/NOISY/RLMNV003-N13.wav,input/CLEAN/RLMNV003-N13.wav
input/NOISY/RLMNV003-N14.wav,input/CLEAN/RLMNV003-N14.wav
input/NOISY/RLMNV003-N15.wav,input/CLEAN/RLMNV003-N15.wav
input/NOISY/RLMNV003-N16.wav,input/CLEAN/RLMNV003-N16.wav
input/NOISY/RLMNV003-N17.wav,input/CLEAN/RLMNV003-N17.wav
input/NOISY/RLMNV003-N18.wav,input/CLEAN/RLMNV003-N18.wav
input/NOISY/RLMNV003-N19.wav,input/CLEAN/RLMNV003-N19.wav
input/NOISY/RLMNV003-N20.wav,input/CLEAN/RLMNV003-N20.wav
input/NOISY/RLMNV003-N21.wav,input/CLEAN/RLMNV003-N21.wav
input/NOISY/RLMNV003-N22.wav,input/CLEAN/RLMNV003-N22.wav
input/NOISY/RLMNV003-N23.wav,input/CLEAN/RLMNV003-N23.wav
input/NOISY/RLMNV003-N24.wav,input/CLEAN/RLMNV003-N24.wav
input/NOISY/RLMNV003-N25.wav,input/CLEAN/RLMNV003-N25.wav
input/NOISY/RLMNV003-N26.wav,input/CLEAN/RLMNV003-N26.wav
input/NOISY/RLMNV003-N27.wav,input/CLEAN/RLMNV003-N27.wav
input/NOISY/RLMNV003-N28.wav,input/CLEAN/RLMNV003-N28.wav
input/NOISY/RLMNV003-N29.wav,input/CLEAN/RLMNV003-N29.wav
input/NOISY/RLMNV003-N30.wav,input/CLEAN/RLMNV003-N30.wav
input/NOISY/RLMNV003-N31.wav,input/CLEAN/RLMNV003-N31.wav
input/NOISY/RLMNV003-N32.wav,input/CLEAN/RLMNV003-N32.wav
input/NOISY/RLMNV003-N33.wav,input/CLEAN/RLMNV003-N33.wav
input/NOISY/RLMNV003-N34.wav,input/CLEAN/RLMNV003-N34.wav
input/NOISY/RLMNV003-N35.wav,input/CLEAN/RLMNV003-N35.wav
input/NOISY/RLMNV003-N36.wav,input/CLEAN/RLMNV003-N36.wav
input/NOISY/RLMNV003-N37.wav,input/CLEAN/RLMNV003-N37.wav
input/NOISY/RLMNV003-N38.wav,input/CLEAN/RLMNV003-N38.wav
input/NOISY/RLMNV003-N39.wav,input/CLEAN/RLMNV003-N39.wav
input/NOISY/RLMNV003-N40.wav,input/CLEAN/RLMNV003-N40.wav
input/NOISY/RLMNV003-N41.wav,input/CLEAN/RLMNV003-N41.wav
input/NOISY/RLMNV003-N42.wav,input/CLEAN/RLMNV003-N42.wav
input/NOISY/RLMNV003-N43.wav,input/CLEAN/RLMNV003-N43.wav
input/NOISY/RLMNV003-N44.wav,input/CLEAN/RLMNV003-N44.wav
input/NOISY/RLMNV003-N45.wav,input/CLEAN/RLMNV003-N45.wav
input/NOISY/RLMNV003-N46.wav,input/CLEAN/RLMNV003-N46.wav
input/NOISY/RLMNV003-N47.wav,input/CLEAN/RLMNV003-N47.wav
input/NOISY/RLMNV004-N01.wav,input/CLEAN/RLMNV004-N01.wav
input/NOISY/RLMNV004-N02.wav,input/CLEAN/RLMNV004-N02.wav
input/NOISY/RLMNV004-N03.wav,input/CLEAN/RLMNV004-N03.wav
input/NOISY/RLMNV004-N04.wav,input/CLEAN/RLMNV004-N04.wav
input/NOISY/RLMNV004-N05.wav,input/CLEAN/RLMNV004-N05.wav
input/NOISY/RLMNV004-N06.wav,input/CLEAN/RLMNV004-N06.wav
input/NOISY/RLMNV004-N07.wav,input/CLEAN/RLMNV004-N07.wav
input/NOISY/RLMNV004-N08.wav,input/CLEAN/RLMNV004-N08.wav
input/NOISY/RLMNV004-N09.wav,input/CLEAN/RLMNV004-N09.wav
input/NOISY/RLMNV004-N10.wav,input/CLEAN/RLMNV004-N10.wav
input/NOISY/RLMNV004-N11.wav,input/CLEAN/RLMNV004-N11.wav
input/NOISY/RLMNV004-N12.wav,input/CLEAN/RLMNV004-N12.wav
input/NOISY/RLMNV004-N13.wav,input/CLEAN/RLMNV004-N13.wav
input/NOISY/RLMNV004-N14.wav,input/CLEAN/RLMNV004-N14.wav
input/NOISY/RLMNV004-N15.wav,input/CLEAN/RLMNV004-N15.wav
input/NOISY/RLMNV004-N16.wav,input/CLEAN/RLMNV004-N16.wav
input/NOISY/RLMNV004-N17.wav,input/CLEAN/RLMNV004-N17.wav
input/NOISY/RLMNV004-N18.wav,input/CLEAN/RLMNV004-N18.wav
input/NOISY/RLMNV004-N19.wav,input/CLEAN/RLMNV004-N19.wav
input/NOISY/RLMNV004-N20.wav,input/CLEAN/RLMNV004-N20.wav
input/NOISY/RLMNV004-N21.wav,input/CLEAN/RLMNV004-N21.wav
input/NOISY/RLMNV004-N22.wav,input/CLEAN/RLMNV004-N22.wav
input/NOISY/RLMNV004-N23.wav,input/CLEAN/RLMNV004-N23.wav
input/NOISY/RLMNV004-N24.wav,input/CLEAN/RLMNV004-N24.wav
input/NOISY/RLMNV004-N25.wav,input/CLEAN/RLMNV004-N25.wav
input/NOISY/RLMNV004-N26.wav,input/CLEAN/RLMNV004-N26.wav
input/NOISY/RLMNV004-N27.wav,input/CLEAN/RLMNV004-N27.wav
input/NOISY/RLMNV004-N28.wav,input/CLEAN/RLMNV004-N28.wav
input/NOISY/RLMNV004-N29.wav,input/CLEAN/RLMNV004-N29.wav
input/NOISY/RLMNV004-N30.wav,input/CLEAN/RLMNV004-N30.wav
input/NOISY/RLMNV004-N31.wav,input/CLEAN/RLMNV004-N31.wav
input/NOISY/RLMNV004-N32.wav,input/CLEAN/RLMNV004-N32.wav
input/NOISY/RLMNV004-N33.wav,input/CLEAN/RLMNV004-N33.wav
input/NOISY/RLMNV004-N34.wav,input/CLEAN/RLMNV004-N34.wav
input/NOISY/RLMNV004-N35.wav,input/CLEAN/RLMNV004-N35.wav
input/NOISY/RLMNV004-N36.wav,input/CLEAN/RLMNV004-N36.wav
input/NOISY/RLMNV004-N37.wav,input/CLEAN/RLMNV004-N37.wav
input/NOISY/RLMNV004-N38.wav,input/CLEAN/RLMNV004-N38.wav
input/NOISY/RLMNV004-N39.wav,input/CLEAN/RLMNV004-N39.wav
input/NOISY/RLMNV004-N40.wav,input/CLEAN/RLMNV004-N40.wav
input/NOISY/RLMNV004-N41.wav,input/CLEAN/RLMNV004-N41.wav
input/NOISY/RLMNV004-N42.wav,input/CLEAN/RLMNV004-N42.wav
input/NOISY/RLMNV004-N43.wav,input/CLEAN/RLMNV004-N43.wav
input/NOISY/RLMNV004-N44.wav,input/CLEAN/RLMNV004-N44.wav
input/NOISY/RLMNV004-N45.wav,input/CLEAN/RLMNV004-N45.wav
input/NOISY/RLMNV004-N46.wav,input/CLEAN/RLMNV004-N46.wav
input/NOISY/RLMNV004-N47.wav,input/CLEAN/RLMNV004-N47.wav
input/NOISY/RLMNV005-N01.wav,input/CLEAN/RLMNV005-N01.wav
input/NOISY/RLMNV005-N02.wav,input/CLEAN/RLMNV005-N02.wav
input/NOISY/RLMNV005-N03.wav,input/CLEAN/RLMNV005-N03.wav
input/NOISY/RLMNV005-N04.wav,input/CLEAN/RLMNV005-N04.wav
input/NOISY/RLMNV005-N05.wav,input/CLEAN/RLMNV005-N05.wav
input/NOISY/RLMNV005-N06.wav,input/CLEAN/RLMNV005-N06.wav
input/NOISY/RLMNV005-N07.wav,input/CLEAN/RLMNV005-N07.wav
input/NOISY/RLMNV005-N08.wav,input/CLEAN/RLMNV005-N08.wav
input/NOISY/RLMNV005-N09.wav,input/CLEAN/RLMNV005-N09.wav
input/NOISY/RLMNV005-N10.wav,input/CLEAN/RLMNV005-N10.wav
input/NOISY/RLMNV005-N11.wav,input/CLEAN/RLMNV005-N11.wav
input/NOISY/RLMNV005-N12.wav,input/CLEAN/RLMNV005-N12.wav
input/NOISY/RLMNV005-N13.wav,input/CLEAN/RLMNV005-N13.wav
input/NOISY/RLMNV005-N14.wav,input/CLEAN/RLMNV005-N14.wav
input/NOISY/RLMNV005-N15.wav,input/CLEAN/RLMNV005-N15.wav
input/NOISY/RLMNV005-N16.wav,input/CLEAN/RLMNV005-N16.wav
input/NOISY/RLMNV005-N17.wav,input/CLEAN/RLMNV005-N17.wav
input/NOISY/RLMNV005-N18.wav,input/CLEAN/RLMNV005-N18.wav
input/NOISY/RLMNV005-N19.wav,input/CLEAN/RLMNV005-N19.wav
input/NOISY/RLMNV005-N20.wav,input/CLEAN/RLMNV005-N20.wav
input/NOISY/RLMNV005-N21.wav,input/CLEAN/RLMNV005-N21.wav
input/NOISY/RLMNV005-N22.wav,input/CLEAN/RLMNV005-N22.wav
input/NOISY/RLMNV005-N23.wav,input/CLEAN/RLMNV005-N23.wav
input/NOISY/RLMNV005-N24.wav,input/CLEAN/RLMNV005-N24.wav
input/NOISY/RLMNV005-N25.wav,input/CLEAN/RLMNV005-N25.wav
input/NOISY/RLMNV005-N26.wav,input/CLEAN/RLMNV005-N26.wav
input/NOISY/RLMNV005-N27.wav,input/CLEAN/RLMNV005-N27.wav
input/NOISY/RLMNV005-N28.wav,input/CLEAN/RLMNV005-N28.wav
input/NOISY/RLMNV005-N29.wav,input/CLEAN/RLMNV005-N29.wav
input/NOISY/RLMNV005-N30.wav,input/CLEAN/RLMNV005-N30.wav
input/NOISY/RLMNV005-N31.wav,input/CLEAN/RLMNV005-N31.wav
input/NOISY/RLMNV005-N32.wav,input/CLEAN/RLMNV005-N32.wav
input/NOISY/RLMNV005-N33.wav,input/CLEAN/RLMNV005-N33.wav
input/NOISY/RLMNV005-N34.wav,input/CLEAN/RLMNV005-N34.wav
input/NOISY/RLMNV005-N35.wav,input/CLEAN/RLMNV005-N35.wav
input/NOISY/RLMNV005-N36.wav,input/CLEAN/RLMNV005-N36.wav
input/NOISY/RLMNV005-N37.wav,input/CLEAN/RLMNV005-N37.wav
input/NOISY/RLMNV005-N38.wav,input/CLEAN/RLMNV005-N38.wav
input/NOISY/RLMNV005-N39.wav,input/CLEAN/RLMNV005-N39.wav
input/NOISY/RLMNV005-N40.wav,input/CLEAN/RLMNV005-N40.wav
input/NOISY/RLMNV005-N41.wav,input/CLEAN/RLMNV005-N41.wav
input/NOISY/RLMNV005-N42.wav,input/CLEAN/RLMNV005-N42.wav
input/NOISY/RLMNV005-N43.wav,input/CLEAN/RLMNV005-N43.wav
input/NOISY/RLMNV005-N44.wav,input/CLEAN/RLMNV005-N44.wav
input/NOISY/RLMNV005-N45.wav,input/CLEAN/RLMNV005-N45.wav
input/NOISY/RLMNV005-N46.wav,input/CLEAN/RLMNV005-N46.wav
input/NOISY/RLMNV005-N47.wav,input/CLEAN/RLMNV005-N47.wav
input/NOISY/RLMNV006-N01.wav,input/CLEAN/RLMNV006-N01.wav
input/NOISY/RLMNV006-N02.wav,input/CLEAN/RLMNV006-N02.wav
input/NOISY/RLMNV006-N03.wav,input/CLEAN/RLMNV006-N03.wav
input/NOISY/RLMNV006-N04.wav,input/CLEAN/RLMNV006-N04.wav
input/NOISY/RLMNV006-N05.wav,input/CLEAN/RLMNV006-N05.wav
input/NOISY/RLMNV006-N06.wav,input/CLEAN/RLMNV006-N06.wav
input/NOISY/RLMNV006-N07.wav,input/CLEAN/RLMNV006-N07.wav
input/NOISY/RLMNV006-N08.wav,input/CLEAN/RLMNV006-N08.wav
input/NOISY/RLMNV006-N09.wav,input/CLEAN/RLMNV006-N09.wav
input/NOISY/RLMNV006-N10.wav,input/CLEAN/RLMNV006-N10.wav
input/NOISY/RLMNV006-N11.wav,input/CLEAN/RLMNV006-N11.wav
input/NOISY/RLMNV006-N12.wav,input/CLEAN/RLMNV006-N12.wav
input/NOISY/RLMNV006-N13.wav,input/CLEAN/RLMNV006-N13.wav
input/NOISY/RLMNV006-N14.wav,input/CLEAN/RLMNV006-N14.wav
input/NOISY/RLMNV006-N15.wav,input/CLEAN/RLMNV006-N15.wav
input/NOISY/RLMNV006-N16.wav,input/CLEAN/RLMNV006-N16.wav
input/NOISY/RLMNV006-N17.wav,input/CLEAN/RLMNV006-N17.wav
input/NOISY/RLMNV006-N18.wav,input/CLEAN/RLMNV006-N18.wav
input/NOISY/RLMNV006-N19.wav,input/CLEAN/RLMNV006-N19.wav
input/NOISY/RLMNV006-N20.wav,input/CLEAN/RLMNV006-N20.wav
input/NOISY/RLMNV006-N21.wav,input/CLEAN/RLMNV006-N21.wav
input/NOISY/RLMNV006-N22.wav,input/CLEAN/RLMNV006-N22.wav
input/NOISY/RLMNV006-N23.wav,input/CLEAN/RLMNV006-N23.wav
input/NOISY/RLMNV006-N24.wav,input/CLEAN/RLMNV006-N24.wav
input/NOISY/RLMNV006-N25.wav,input/CLEAN/RLMNV006-N25.wav
input/NOISY/RLMNV006-N26.wav,input/CLEAN/RLMNV006-N26.wav
input/NOISY/RLMNV006-N27.wav,input/CLEAN/RLMNV006-N27.wav
input/NOISY/RLMNV006-N28.wav,input/CLEAN/RLMNV006-N28.wav
input/NOISY/RLMNV006-N29.wav,input/CLEAN/RLMNV006-N29.wav
input/NOISY/RLMNV006-N30.wav,input/CLEAN/RLMNV006-N30.wav
input/NOISY/RLMNV006-N31.wav,input/CLEAN/RLMNV006-N31.wav
input/NOISY/RLMNV006-N32.wav,input/CLEAN/RLMNV006-N32.wav
input/NOISY/RLMNV006-N33.wav,input/CLEAN/RLMNV006-N33.wav
input/NOISY/RLMNV006-N34.wav,input/CLEAN/RLMNV006-N34.wav
input/NOISY/RLMNV006-N35.wav,input/CLEAN/RLMNV006-N35.wav
input/NOISY/RLMNV006-N36.wav,input/CLEAN/RLMNV006-N36.wav
input/NOISY/RLMNV006-N37.wav,input/CLEAN/RLMNV006-N37.wav
input/NOISY/RLMNV006-N38.wav,input/CLEAN/RLMNV006-N38.wav
input/NOISY/RLMNV006-N39.wav,input/CLEAN/RLMNV006-N39.wav
input/NOISY/RLMNV006-N40.wav,input/CLEAN/RLMNV006-N40.wav
input/NOISY/RLMNV006-N41.wav,input/CLEAN/RLMNV006-N41.wav
input/NOISY/RLMNV006-N42.wav,input/CLEAN/RLMNV006-N42.wav
input/NOISY/RLMNV006-N43.wav,input/CLEAN/RLMNV006-N43.wav
input/NOISY/RLMNV006-N44.wav,input/CLEAN/RLMNV006-N44.wav
input/NOISY/RLMNV006-N45.wav,input/CLEAN/RLMNV006-N45.wav
input/NOISY/RLMNV006-N46.wav,input/CLEAN/RLMNV006-N46.wav
input/NOISY/RLMNV006-N47.wav,input/CLEAN/RLMNV006-N47.wav
input/NOISY/RLMNV007-N01.wav,input/CLEAN/RLMNV007-N01.wav
input/NOISY/RLMNV007-N02.wav,input/CLEAN/RLMNV007-N02.wav
input/NOISY/RLMNV007-N03.wav,input/CLEAN/RLMNV007-N03.wav
input/NOISY/RLMNV007-N04.wav,input/CLEAN/RLMNV007-N04.wav
input/NOISY/RLMNV007-N05.wav,input/CLEAN/RLMNV007-N05.wav
input/NOISY/RLMNV007-N06.wav,input/CLEAN/RLMNV007-N06.wav
input/NOISY/RLMNV007-N07.wav,input/CLEAN/RLMNV007-N07.wav
input/NOISY/RLMNV007-N08.wav,input/CLEAN/RLMNV007-N08.wav
input/NOISY/RLMNV007-N09.wav,input/CLEAN/RLMNV007-N09.wav
input/NOISY/RLMNV007-N10.wav,input/CLEAN/RLMNV007-N10.wav
input/NOISY/RLMNV007-N11.wav,input/CLEAN/RLMNV007-N11.wav
input/NOISY/RLMNV007-N12.wav,input/CLEAN/RLMNV007-N12.wav
input/NOISY/RLMNV007-N13.wav,input/CLEAN/RLMNV007-N13.wav
input/NOISY/RLMNV007-N14.wav,input/CLEAN/RLMNV007-N14.wav
input/NOISY/RLMNV007-N15.wav,input/CLEAN/RLMNV007-N15.wav
input/NOISY/RLMNV007-N16.wav,input/CLEAN/RLMNV007-N16.wav
input/NOISY/RLMNV007-N17.wav,input/CLEAN/RLMNV007-N17.wav
input/NOISY/RLMNV007-N18.wav,input/CLEAN/RLMNV007-N18.wav
input/NOISY/RLMNV007-N19.wav,input/CLEAN/RLMNV007-N19.wav
input/NOISY/RLMNV007-N20.wav,input/CLEAN/RLMNV007-N20.wav
input/NOISY/RLMNV007-N21.wav,input/CLEAN/RLMNV007-N21.wav
input/NOISY/RLMNV007-N22.wav,input/CLEAN/RLMNV007-N22.wav
input/NOISY/RLMNV007-N23.wav,input/CLEAN/RLMNV007-N23.wav
input/NOISY/RLMNV007-N24.wav,input/CLEAN/RLMNV007-N24.wav
input/NOISY/RLMNV007-N25.wav,input/CLEAN/RLMNV007-N25.wav
input/NOISY/RLMNV007-N26.wav,input/CLEAN/RLMNV007-N26.wav
input/NOISY/RLMNV007-N27.wav,input/CLEAN/RLMNV007-N27.wav
input/NOISY/RLMNV007-N28.wav,input/CLEAN/RLMNV007-N28.wav
input/NOISY/RLMNV007-N29.wav,input/CLEAN/RLMNV007-N29.wav
input/NOISY/RLMNV007-N30.wav,input/CLEAN/RLMNV007-N30.wav
input/NOISY/RLMNV007-N31.wav,input/CLEAN/RLMNV007-N31.wav
input/NOISY/RLMNV007-N32.wav,input/CLEAN/RLMNV007-N32.wav
input/NOISY/RLMNV007-N33.wav,input/CLEAN/RLMNV007-N33.wav
input/NOISY/RLMNV007-N34.wav,input/CLEAN/RLMNV007-N34.wav
input/NOISY/RLMNV007-N35.wav,input/CLEAN/RLMNV007-N35.wav
input/NOISY/RLMNV007-N36.wav,input/CLEAN/RLMNV007-N36.wav
input/NOISY/RLMNV007-N37.wav,input/CLEAN/RLMNV007-N37.wav
input/NOISY/RLMNV007-N38.wav,input/CLEAN/RLMNV007-N38.wav
input/NOISY/RLMNV007-N39.wav,input/CLEAN/RLMNV007-N39.wav
input/NOISY/RLMNV007-N40.wav,input/CLEAN/RLMNV007-N40.wav
input/NOISY/RLMNV007-N41.wav,input/CLEAN/RLMNV007-N41.wav
input/NOISY/RLMNV007-N42.wav,input/CLEAN/RLMNV007-N42.wav
input/NOISY/RLMNV007-N43.wav,input/CLEAN/RLMNV007-N43.wav
input/NOISY/RLMNV007-N44.wav,input/CLEAN/RLMNV007-N44.wav
input/NOISY/RLMNV007-N45.wav,input/CLEAN/RLMNV007-N45.wav
input/NOISY/RLMNV007-N46.wav,input/CLEAN/RLMNV007-N46.wav
input/NOISY/RLMNV007-N47.wav,input/CLEAN/RLMNV007-N47.wav
input/NOISY/RLMNV008-N01.wav,input/CLEAN/RLMNV008-N01.wav
input/NOISY/RLMNV008-N02.wav,input/CLEAN/RLMNV008-N02.wav
input/NOISY/RLMNV008-N03.wav,input/CLEAN/RLMNV008-N03.wav
input/NOISY/RLMNV008-N04.wav,input/CLEAN/RLMNV008-N04.wav
input/NOISY/RLMNV008-N05.wav,input/CLEAN/RLMNV008-N05.wav
input/NOISY/RLMNV008-N06.wav,input/CLEAN/RLMNV008-N06.wav
input/NOISY/RLMNV008-N07.wav,input/CLEAN/RLMNV008-N07.wav
input/NOISY/RLMNV008-N08.wav,input/CLEAN/RLMNV008-N08.wav
input/NOISY/RLMNV008-N09.wav,input/CLEAN/RLMNV008-N09.wav
input/NOISY/RLMNV008-N10.wav,input/CLEAN/RLMNV008-N10.wav
input/NOISY/RLMNV008-N11.wav,input/CLEAN/RLMNV008-N11.wav
input/NOISY/RLMNV008-N12.wav,input/CLEAN/RLMNV008-N12.wav
input/NOISY/RLMNV008-N13.wav,input/CLEAN/RLMNV008-N13.wav
input/NOISY/RLMNV008-N14.wav,input/CLEAN/RLMNV008-N14.wav
input/NOISY/RLMNV008-N15.wav,input/CLEAN/RLMNV008-N15.wav
input/NOISY/RLMNV008-N16.wav,input/CLEAN/RLMNV008-N16.wav
input/NOISY/RLMNV008-N17.wav,input/CLEAN/RLMNV008-N17.wav
input/NOISY/RLMNV008-N18.wav,input/CLEAN/RLMNV008-N18.wav
input/NOISY/RLMNV008-N19.wav,input/CLEAN/RLMNV008-N19.wav
input/NOISY/RLMNV008-N20.wav,input/CLEAN/RLMNV008-N20.wav
input/NOISY/RLMNV008-N21.wav,input/CLEAN/RLMNV008-N21.wav
input/NOISY/RLMNV008-N22.wav,input/CLEAN/RLMNV008-N22.wav
input/NOISY/RLMNV008-N23.wav,input/CLEAN/RLMNV008-N23.wav
input/NOISY/RLMNV008-N24.wav,input/CLEAN/RLMNV008-N24.wav
input/NOISY/RLMNV008-N25.wav,input/CLEAN/RLMNV008-N25.wav
input/NOISY/RLMNV008-N26.wav,input/CLEAN/RLMNV008-N26.wav
input/NOISY/RLMNV008-N27.wav,input/CLEAN/RLMNV008-N27.wav
input/NOISY/RLMNV008-N28.wav,input/CLEAN/RLMNV008-N28.wav
input/NOISY/RLMNV008-N29.wav,input/CLEAN/RLMNV008-N29.wav
input/NOISY/RLMNV008-N30.wav,input/CLEAN/RLMNV008-N30.wav
input/NOISY/RLMNV008-N31.wav,input/CLEAN/RLMNV008-N31.wav
input/NOISY/RLMNV008-N32.wav,input/CLEAN/RLMNV008-N32.wav
input/NOISY/RLMNV008-N33.wav,input/CLEAN/RLMNV008-N33.wav
input/NOISY/RLMNV008-N34.wav,input/CLEAN/RLMNV008-N34.wav
input/NOISY/RLMNV008-N35.wav,input/CLEAN/RLMNV008-N35.wav
input/NOISY/RLMNV008-N36.wav,input/CLEAN/RLMNV008-N36.wav
input/NOISY/RLMNV008-N37.wav,input/CLEAN/RLMNV008-N37.wav
input/NOISY/RLMNV008-N38.wav,input/CLEAN/RLMNV008-N38.wav
input/NOISY/RLMNV008-N39.wav,input/CLEAN/RLMNV008-N39.wav
input/NOISY/RLMNV008-N40.wav,input/CLEAN/RLMNV008-N40.wav
input/NOISY/RLMNV008-N41.wav,input/CLEAN/RLMNV008-N41.wav
input/NOISY/RLMNV008-N42.wav,input/CLEAN/RLMNV008-N42.wav
input/NOISY/RLMNV008-N43.wav,input/CLEAN/RLMNV008-N43.wav
input/NOISY/RLMNV008-N44.wav,input/CLEAN/RLMNV008-N44.wav
input/NOISY/RLMNV008-N45.wav,input/CLEAN/RLMNV008-N45.wav
input/NOISY/RLMNV008-N46.wav,input/CLEAN/RLMNV008-N46.wav
input/NOISY/RLMNV008-N47.wav,input/CLEAN/RLMNV008-N47.wav
input/NOISY/RLMNV009-N01.wav,input/CLEAN/RLMNV009-N01.wav
input/NOISY/RLMNV009-N02.wav,input/CLEAN/RLMNV009-N02.wav
input/NOISY/RLMNV009-N03.wav,input/CLEAN/RLMNV009-N03.wav
input/NOISY/RLMNV009-N04.wav,input/CLEAN/RLMNV009-N04.wav
input/NOISY/RLMNV009-N05.wav,input/CLEAN/RLMNV009-N05.wav
input/NOISY/RLMNV009-N06.wav,input/CLEAN/RLMNV009-N06.wav
input/NOISY/RLMNV009-N07.wav,input/CLEAN/RLMNV009-N07.wav
input/NOISY/RLMNV009-N08.wav,input/CLEAN/RLMNV009-N08.wav
input/NOISY/RLMNV009-N09.wav,input/CLEAN/RLMNV009-N09.wav
input/NOISY/RLMNV009-N10.wav,input/CLEAN/RLMNV009-N10.wav
input/NOISY/RLMNV009-N11.wav,input/CLEAN/RLMNV009-N11.wav
input/NOISY/RLMNV009-N12.wav,input/CLEAN/RLMNV009-N12.wav
input/NOISY/RLMNV009-N13.wav,input/CLEAN/RLMNV009-N13.wav
input/NOISY/RLMNV009-N14.wav,input/CLEAN/RLMNV009-N14.wav
input/NOISY/RLMNV009-N15.wav,input/CLEAN/RLMNV009-N15.wav
input/NOISY/RLMNV009-N16.wav,input/CLEAN/RLMNV009-N16.wav
input/NOISY/RLMNV009-N17.wav,input/CLEAN/RLMNV009-N17.wav
input/NOISY/RLMNV009-N18.wav,input/CLEAN/RLMNV009-N18.wav
input/NOISY/RLMNV009-N19.wav,input/CLEAN/RLMNV009-N19.wav
input/NOISY/RLMNV009-N20.wav,input/CLEAN/RLMNV009-N20.wav
input/NOISY/RLMNV009-N21.wav,input/CLEAN/RLMNV009-N21.wav
input/NOISY/RLMNV009-N22.wav,input/CLEAN/RLMNV009-N22.wav
input/NOISY/RLMNV009-N23.wav,input/CLEAN/RLMNV009-N23.wav
input/NOISY/RLMNV009-N24.wav,input/CLEAN/RLMNV009-N24.wav
input/NOISY/RLMNV009-N25.wav,input/CLEAN/RLMNV009-N25.wav
input/NOISY/RLMNV009-N26.wav,input/CLEAN/RLMNV009-N26.wav
input/NOISY/RLMNV009-N27.wav,input/CLEAN/RLMNV009-N27.wav
input/NOISY/RLMNV009-N28.wav,input/CLEAN/RLMNV009-N28.wav
input/NOISY/RLMNV009-N29.wav,input/CLEAN/RLMNV009-N29.wav
input/NOISY/RLMNV009-N30.wav,input/CLEAN/RLMNV009-N30.wav
input/NOISY/RLMNV009-N31.wav,input/CLEAN/RLMNV009-N31.wav
input/NOISY/RLMNV009-N32.wav,input/CLEAN/RLMNV009-N32.wav
input/NOISY/RLMNV009-N33.wav,input/CLEAN/RLMNV009-N33.wav
input/NOISY/RLMNV009-N34.wav,input/CLEAN/RLMNV009-N34.wav
input/NOISY/RLMNV009-N35.wav,input/CLEAN/RLMNV009-N35.wav
input/NOISY/RLMNV009-N36.wav,input/CLEAN/RLMNV009-N36.wav
input/NOISY/RLMNV009-N37.wav,input/CLEAN/RLMNV009-N37.wav
input/NOISY/RLMNV009-N38.wav,input/CLEAN/RLMNV009-N38.wav
input/NOISY/RLMNV009-N39.wav,input/CLEAN/RLMNV009-N39.wav
input/NOISY/RLMNV009-N40.wav,input/CLEAN/RLMNV009-N40.wav
input/NOISY/RLMNV009-N41.wav,input/CLEAN/RLMNV009-N41.wav
input/NOISY/RLMNV009-N42.wav,input/CLEAN/RLMNV009-N42.wav
input/NOISY/RLMNV009-N43.wav,input/CLEAN/RLMNV009-N43.wav
input/NOISY/RLMNV009-N44.wav,input/CLEAN/RLMNV009-N44.wav
input/NOISY/RLMNV009-N45.wav,input/CLEAN/RLMNV009-N45.wav
input/NOISY/RLMNV009-N46.wav,input/CLEAN/RLMNV009-N46.wav
input/NOISY/RLMNV009-N47.wav,input/CLEAN/RLMNV009-N47.wav
input/NOISY/RLMNV010-N01.wav,input/CLEAN/RLMNV010-N01.wav
input/NOISY/RLMNV010-N02.wav,input/CLEAN/RLMNV010-N02.wav
input/NOISY/RLMNV010-N03.wav,input/CLEAN/RLMNV010-N03.wav
input/NOISY/RLMNV010-N04.wav,input/CLEAN/RLMNV010-N04.wav
input/NOISY/RLMNV010-N05.wav,input/CLEAN/RLMNV010-N05.wav
input/NOISY/RLMNV010-N06.wav,input/CLEAN/RLMNV010-N06.wav
input/NOISY/RLMNV010-N07.wav,input/CLEAN/RLMNV010-N07.wav
input/NOISY/RLMNV010-N08.wav,input/CLEAN/RLMNV010-N08.wav
input/NOISY/RLMNV010-N09.wav,input/CLEAN/RLMNV010-N09.wav
input/NOISY/RLMNV010-N10.wav,input/CLEAN/RLMNV010-N10.wav
input/NOISY/RLMNV010-N11.wav,input/CLEAN/RLMNV010-N11.wav
input/NOISY/RLMNV010-N12.wav,input/CLEAN/RLMNV010-N12.wav
input/NOISY/RLMNV010-N13.wav,input/CLEAN/RLMNV010-N13.wav
input/NOISY/RLMNV010-N14.wav,input/CLEAN/RLMNV010-N14.wav
input/NOISY/RLMNV010-N15.wav,input/CLEAN/RLMNV010-N15.wav
input/NOISY/RLMNV010-N16.wav,input/CLEAN/RLMNV010-N16.wav
input/NOISY/RLMNV010-N17.wav,input/CLEAN/RLMNV010-N17.wav
input/NOISY/RLMNV010-N18.wav,input/CLEAN/RLMNV010-N18.wav
input/NOISY/RLMNV010-N19.wav,input/CLEAN/RLMNV010-N19.wav
input/NOISY/RLMNV010-N20.wav,input/CLEAN/RLMNV010-N20.wav
input/NOISY/RLMNV010-N21.wav,input/CLEAN/RLMNV010-N21.wav
input/NOISY/RLMNV010-N22.wav,input/CLEAN/RLMNV010-N22.wav
input/NOISY/RLMNV010-N23.wav,input/CLEAN/RLMNV010-N23.wav
input/NOISY/RLMNV010-N24.wav,input/CLEAN/RLMNV010-N24.wav
input/NOISY/RLMNV010-N25.wav,input/CLEAN/RLMNV010-N25.wav
input/NOISY/RLMNV010-N26.wav,input/CLEAN/RLMNV010-N26.wav
input/NOISY/RLMNV010-N27.wav,input/CLEAN/RLMNV010-N27.wav
input/NOISY/RLMNV010-N28.wav,input/CLEAN/RLMNV010-N28.wav
input/NOISY/RLMNV010-N29.wav,input/CLEAN/RLMNV010-N29.wav
input/NOISY/RLMNV010-N30.wav,input/CLEAN/RLMNV010-N30.wav
input/NOISY/RLMNV010-N31.wav,input/CLEAN/RLMNV010-N31.wav
input/NOISY/RLMNV010-N32.wav,input/CLEAN/RLMNV010-N32.wav
input/NOISY/RLMNV010-N33.wav,input/CLEAN/RLMNV010-N33.wav
input/NOISY/RLMNV010-N34.wav,input/CLEAN/RLMNV010-N34.wav
input/NOISY/RLMNV010-N35.wav,input/CLEAN/RLMNV010-N35.wav
input/NOISY/RLMNV010-N36.wav,input/CLEAN/RLMNV010-N36.wav
input/NOISY/RLMNV010-N37.wav,input/CLEAN/RLMNV010-N37.wav
input/NOISY/RLMNV010-N38.wav,input/CLEAN/RLMNV010-N38.wav
input/NOISY/RLMNV010-N39.wav,input/CLEAN/RLMNV010-N39.wav
input/NOISY/RLMNV010-N40.wav,input/CLEAN/RLMNV010-N40.wav
input/NOISY/RLMNV010-N41.wav,input/CLEAN/RLMNV010-N41.wav
input/NOISY/RLMNV010-N42.wav,input/CLEAN/RLMNV010-N42.wav
input/NOISY/RLMNV010-N43.wav,input/CLEAN/RLMNV010-N43.wav
input/NOISY/RLMNV010-N44.wav,input/CLEAN/RLMNV010-N44.wav
input/NOISY/RLMNV010-N45.wav,input/CLEAN/RLMNV010-N45.wav
input/NOISY/RLMNV010-N46.wav,input/CLEAN/RLMNV010-N46.wav
input/NOISY/RLMNV010-N47.wav,input/CLEAN/RLMNV010-N47.wav
input/NOISY/RLMNV011-N01.wav,input/CLEAN/RLMNV011-N01.wav
input/NOISY/RLMNV011-N02.wav,input/CLEAN/RLMNV011-N02.wav
input/NOISY/RLMNV011-N03.wav,input/CLEAN/RLMNV011-N03.wav
input/NOISY/RLMNV011-N04.wav,input/CLEAN/RLMNV011-N04.wav
input/NOISY/RLMNV011-N05.wav,input/CLEAN/RLMNV011-N05.wav
input/NOISY/RLMNV011-N06.wav,input/CLEAN/RLMNV011-N06.wav
input/NOISY/RLMNV011-N07.wav,input/CLEAN/RLMNV011-N07.wav
input/NOISY/RLMNV011-N08.wav,input/CLEAN/RLMNV011-N08.wav
input/NOISY/RLMNV011-N09.wav,input/CLEAN/RLMNV011-N09.wav
input/NOISY/RLMNV011-N10.wav,input/CLEAN/RLMNV011-N10.wav
input/NOISY/RLMNV011-N11.wav,input/CLEAN/RLMNV011-N11.wav
input/NOISY/RLMNV011-N12.wav,input/CLEAN/RLMNV011-N12.wav
input/NOISY/RLMNV011-N13.wav,input/CLEAN/RLMNV011-N13.wav
input/NOISY/RLMNV011-N14.wav,input/CLEAN/RLMNV011-N14.wav
input/NOISY/RLMNV011-N15.wav,input/CLEAN/RLMNV011-N15.wav
input/NOISY/RLMNV011-N16.wav,input/CLEAN/RLMNV011-N16.wav
input/NOISY/RLMNV011-N17.wav,input/CLEAN/RLMNV011-N17.wav
input/NOISY/RLMNV011-N18.wav,input/CLEAN/RLMNV011-N18.wav
input/NOISY/RLMNV011-N19.wav,input/CLEAN/RLMNV011-N19.wav
input/NOISY/RLMNV011-N20.wav,input/CLEAN/RLMNV011-N20.wav
input/NOISY/RLMNV011-N21.wav,input/CLEAN/RLMNV011-N21.wav
input/NOISY/RLMNV011-N22.wav,input/CLEAN/RLMNV011-N22.wav
input/NOISY/RLMNV011-N23.wav,input/CLEAN/RLMNV011-N23.wav
input/NOISY/RLMNV011-N24.wav,input/CLEAN/RLMNV011-N24.wav
input/NOISY/RLMNV011-N25.wav,input/CLEAN/RLMNV011-N25.wav
input/NOISY/RLMNV011-N26.wav,input/CLEAN/RLMNV011-N26.wav
input/NOISY/RLMNV011-N27.wav,input/CLEAN/RLMNV011-N27.wav
input/NOISY/RLMNV011-N28.wav,input/CLEAN/RLMNV011-N28.wav
input/NOISY/RLMNV011-N29.wav,input/CLEAN/RLMNV011-N29.wav
input/NOISY/RLMNV011-N30.wav,input/CLEAN/RLMNV011-N30.wav
input/NOISY/RLMNV011-N31.wav,input/CLEAN/RLMNV011-N31.wav
input/NOISY/RLMNV011-N32.wav,input/CLEAN/RLMNV011-N32.wav
input/NOISY/RLMNV011-N33.wav,input/CLEAN/RLMNV011-N33.wav
input/NOISY/RLMNV011-N34.wav,input/CLEAN/RLMNV011-N34.wav
input/NOISY/RLMNV011-N35.wav,input/CLEAN/RLMNV011-N35.wav
input/NOISY/RLMNV011-N36.wav,input/CLEAN/RLMNV011-N36.wav
input/NOISY/RLMNV011-N37.wav,input/CLEAN/RLMNV011-N37.wav
input/NOISY/RLMNV011-N38.wav,input/CLEAN/RLMNV011-N38.wav
input/NOISY/RLMNV011-N39.wav,input/CLEAN/RLMNV011-N39.wav
input/NOISY/RLMNV011-N40.wav,input/CLEAN/RLMNV011-N40.wav
input/NOISY/RLMNV011-N41.wav,input/CLEAN/RLMNV011-N41.wav
input/NOISY/RLMNV011-N42.wav,input/CLEAN/RLMNV011-N42.wav
input/NOISY/RLMNV011-N43.wav,input/CLEAN/RLMNV011-N43.wav
input/NOISY/RLMNV011-N44.wav,input/CLEAN/RLMNV011-N44.wav
input/NOISY/RLMNV011-N45.wav,input/CLEAN/RLMNV011-N45.wav
input/NOISY/RLMNV011-N46.wav,input/CLEAN/RLMNV011-N46.wav
input/NOISY/RLMNV011-N47.wav,input/CLEAN/RLMNV011-N47.wav
input/NOISY/RLMNV012-N01.wav,input/CLEAN/RLMNV012-N01.wav
input/NOISY/RLMNV012-N02.wav,input/CLEAN/RLMNV012-N02.wav
input/NOISY/RLMNV012-N03.wav,input/CLEAN/RLMNV012-N03.wav
input/NOISY/RLMNV012-N04.wav,input/CLEAN/RLMNV012-N04.wav
input/NOISY/RLMNV012-N05.wav,input/CLEAN/RLMNV012-N05.wav
input/NOISY/RLMNV012-N06.wav,input/CLEAN/RLMNV012-N06.wav
input/NOISY/RLMNV012-N07.wav,input/CLEAN/RLMNV012-N07.wav
input/NOISY/RLMNV012-N08.wav,input/CLEAN/RLMNV012-N08.wav
input/NOISY/RLMNV012-N09.wav,input/CLEAN/RLMNV012-N09.wav
input/NOISY/RLMNV012-N10.wav,input/CLEAN/RLMNV012-N10.wav
input/NOISY/RLMNV012-N11.wav,input/CLEAN/RLMNV012-N11.wav
input/NOISY/RLMNV012-N12.wav,input/CLEAN/RLMNV012-N12.wav
input/NOISY/RLMNV012-N13.wav,input/CLEAN/RLMNV012-N13.wav
input/NOISY/RLMNV012-N14.wav,input/CLEAN/RLMNV012-N14.wav
input/NOISY/RLMNV012-N15.wav,input/CLEAN/RLMNV012-N15.wav
input/NOISY/RLMNV012-N16.wav,input/CLEAN/RLMNV012-N16.wav
input/NOISY/RLMNV012-N17.wav,input/CLEAN/RLMNV012-N17.wav
input/NOISY/RLMNV012-N18.wav,input/CLEAN/RLMNV012-N18.wav
input/NOISY/RLMNV012-N19.wav,input/CLEAN/RLMNV012-N19.wav
input/NOISY/RLMNV012-N20.wav,input/CLEAN/RLMNV012-N20.wav
input/NOISY/RLMNV012-N21.wav,input/CLEAN/RLMNV012-N21.wav
input/NOISY/RLMNV012-N22.wav,input/CLEAN/RLMNV012-N22.wav
input/NOISY/RLMNV012-N23.wav,input/CLEAN/RLMNV012-N23.wav
input/NOISY/RLMNV012-N24.wav,input/CLEAN/RLMNV012-N24.wav
input/NOISY/RLMNV012-N25.wav,input/CLEAN/RLMNV012-N25.wav
input/NOISY/RLMNV012-N26.wav,input/CLEAN/RLMNV012-N26.wav
input/NOISY/RLMNV012-N27.wav,input/CLEAN/RLMNV012-N27.wav
input/NOISY/RLMNV012-N28.wav,input/CLEAN/RLMNV012-N28.wav
input/NOISY/RLMNV012-N29.wav,input/CLEAN/RLMNV012-N29.wav
input/NOISY/RLMNV012-N30.wav,input/CLEAN/RLMNV012-N30.wav
input/NOISY/RLMNV012-N31.wav,input/CLEAN/RLMNV012-N31.wav
input/NOISY/RLMNV012-N32.wav,input/CLEAN/RLMNV012-N32.wav
input/NOISY/RLMNV012-N33.wav,input/CLEAN/RLMNV012-N33.wav
input/NOISY/RLMNV012-N34.wav,input/CLEAN/RLMNV012-N34.wav
input/NOISY/RLMNV012-N35.wav,input/CLEAN/RLMNV012-N35.wav
input/NOISY/RLMNV012-N36.wav,input/CLEAN/RLMNV012-N36.wav
input/NOISY/RLMNV012-N37.wav,input/CLEAN/RLMNV012-N37.wav
input/NOISY/RLMNV012-N38.wav,input/CLEAN/RLMNV012-N38.wav
input/NOISY/RLMNV012-N39.wav,input/CLEAN/RLMNV012-N39.wav
input/NOISY/RLMNV012-N40.wav,input/CLEAN/RLMNV012-N40.wav
input/NOISY/RLMNV012-N41.wav,input/CLEAN/RLMNV012-N41.wav
input/NOISY/RLMNV012-N42.wav,input/CLEAN/RLMNV012-N42.wav
input/NOISY/RLMNV012-N43.wav,input/CLEAN/RLMNV012-N43.wav
input/NOISY/RLMNV012-N44.wav,input/CLEAN/RLMNV012-N44.wav
input/NOISY/RLMNV012-N45.wav,input/CLEAN/RLMNV012-N45.wav
input/NOISY/RLMNV012-N46.wav,input/CLEAN/RLMNV012-N46.wav
input/NOISY/RLMNV012-N47.wav,input/CLEAN/RLMNV012-N47.wav
input/NOISY/RLMNV013-N01.wav,input/CLEAN/RLMNV013-N01.wav
input/NOISY/RLMNV013-N02.wav,input/CLEAN/RLMNV013-N02.wav
input/NOISY/RLMNV013-N03.wav,input/CLEAN/RLMNV013-N03.wav
input/NOISY/RLMNV013-N04.wav,input/CLEAN/RLMNV013-N04.wav
input/NOISY/RLMNV013-N05.wav,input/CLEAN/RLMNV013-N05.wav
input/NOISY/RLMNV013-N06.wav,input/CLEAN/RLMNV013-N06.wav
input/NOISY/RLMNV013-N07.wav,input/CLEAN/RLMNV013-N07.wav
input/NOISY/RLMNV013-N08.wav,input/CLEAN/RLMNV013-N08.wav
input/NOISY/RLMNV013-N09.wav,input/CLEAN/RLMNV013-N09.wav
input/NOISY/RLMNV013-N10.wav,input/CLEAN/RLMNV013-N10.wav
input/NOISY/RLMNV013-N11.wav,input/CLEAN/RLMNV013-N11.wav
input/NOISY/RLMNV013-N12.wav,input/CLEAN/RLMNV013-N12.wav
input/NOISY/RLMNV013-N13.wav,input/CLEAN/RLMNV013-N13.wav
input/NOISY/RLMNV013-N14.wav,input/CLEAN/RLMNV013-N14.wav
input/NOISY/RLMNV013-N15.wav,input/CLEAN/RLMNV013-N15.wav
input/NOISY/RLMNV013-N16.wav,input/CLEAN/RLMNV013-N16.wav
input/NOISY/RLMNV013-N17.wav,input/CLEAN/RLMNV013-N17.wav
input/NOISY/RLMNV013-N18.wav,input/CLEAN/RLMNV013-N18.wav
input/NOISY/RLMNV013-N19.wav,input/CLEAN/RLMNV013-N19.wav
input/NOISY/RLMNV013-N20.wav,input/CLEAN/RLMNV013-N20.wav
input/NOISY/RLMNV013-N21.wav,input/CLEAN/RLMNV013-N21.wav
input/NOISY/RLMNV013-N22.wav,input/CLEAN/RLMNV013-N22.wav
input/NOISY/RLMNV013-N23.wav,input/CLEAN/RLMNV013-N23.wav
input/NOISY/RLMNV013-N24.wav,input/CLEAN/RLMNV013-N24.wav
input/NOISY/RLMNV013-N25.wav,input/CLEAN/RLMNV013-N25.wav
input/NOISY/RLMNV013-N26.wav,input/CLEAN/RLMNV013-N26.wav
input/NOISY/RLMNV013-N27.wav,input/CLEAN/RLMNV013-N27.wav
input/NOISY/RLMNV013-N28.wav,input/CLEAN/RLMNV013-N28.wav
input/NOISY/RLMNV013-N29.wav,input/CLEAN/RLMNV013-N29.wav
input/NOISY/RLMNV013-N30.wav,input/CLEAN/RLMNV013-N30.wav
input/NOISY/RLMNV013-N31.wav,input/CLEAN/RLMNV013-N31.wav
input/NOISY/RLMNV013-N32.wav,input/CLEAN/RLMNV013-N32.wav
input/NOISY/RLMNV013-N33.wav,input/CLEAN/RLMNV013-N33.wav
input/NOISY/RLMNV013-N34.wav,input/CLEAN/RLMNV013-N34.wav
input/NOISY/RLMNV013-N35.wav,input/CLEAN/RLMNV013-N35.wav
input/NOISY/RLMNV013-N36.wav,input/CLEAN/RLMNV013-N36.wav
input/NOISY/RLMNV013-N37.wav,input/CLEAN/RLMNV013-N37.wav
input/NOISY/RLMNV013-N38.wav,input/CLEAN/RLMNV013-N38.wav
input/NOISY/RLMNV013-N39.wav,input/CLEAN/RLMNV013-N39.wav
input/NOISY/RLMNV013-N40.wav,input/CLEAN/RLMNV013-N40.wav
input/NOISY/RLMNV013-N41.wav,input/CLEAN/RLMNV013-N41.wav
input/NOISY/RLMNV013-N42.wav,input/CLEAN/RLMNV013-N42.wav
input/NOISY/RLMNV013-N43.wav,input/CLEAN/RLMNV013-N43.wav
input/NOISY/RLMNV013-N44.wav,input/CLEAN/RLMNV013-N44.wav
input/NOISY/RLMNV013-N45.wav,input/CLEAN/RLMNV013-N45.wav
input/NOISY/RLMNV013-N46.wav,input/CLEAN/RLMNV013-N46.wav
input/NOISY/RLMNV013-N47.wav,input/CLEAN/RLMNV013-N47.wav
input/NOISY/RLMNV014-N01.wav,input/CLEAN/RLMNV014-N01.wav
input/NOISY/RLMNV014-N02.wav,input/CLEAN/RLMNV014-N02.wav
input/NOISY/RLMNV014-N03.wav,input/CLEAN/RLMNV014-N03.wav
input/NOISY/RLMNV014-N04.wav,input/CLEAN/RLMNV014-N04.wav
input/NOISY/RLMNV014-N05.wav,input/CLEAN/RLMNV014-N05.wav
input/NOISY/RLMNV014-N06.wav,input/CLEAN/RLMNV014-N06.wav
input/NOISY/RLMNV014-N07.wav,input/CLEAN/RLMNV014-N07.wav
input/NOISY/RLMNV014-N08.wav,input/CLEAN/RLMNV014-N08.wav
input/NOISY/RLMNV014-N09.wav,input/CLEAN/RLMNV014-N09.wav
input/NOISY/RLMNV014-N10.wav,input/CLEAN/RLMNV014-N10.wav
input/NOISY/RLMNV014-N11.wav,input/CLEAN/RLMNV014-N11.wav
input/NOISY/RLMNV014-N12.wav,input/CLEAN/RLMNV014-N12.wav
input/NOISY/RLMNV014-N13.wav,input/CLEAN/RLMNV014-N13.wav
input/NOISY/RLMNV014-N14.wav,input/CLEAN/RLMNV014-N14.wav
input/NOISY/RLMNV014-N15.wav,input/CLEAN/RLMNV014-N15.wav
input/NOISY/RLMNV014-N16.wav,input/CLEAN/RLMNV014-N16.wav
input/NOISY/RLMNV014-N17.wav,input/CLEAN/RLMNV014-N17.wav
input/NOISY/RLMNV014-N18.wav,input/CLEAN/RLMNV014-N18.wav
input/NOISY/RLMNV014-N19.wav,input/CLEAN/RLMNV014-N19.wav
input/NOISY/RLMNV014-N20.wav,input/CLEAN/RLMNV014-N20.wav
input/NOISY/RLMNV014-N21.wav,input/CLEAN/RLMNV014-N21.wav
input/NOISY/RLMNV014-N22.wav,input/CLEAN/RLMNV014-N22.wav
input/NOISY/RLMNV014-N23.wav,input/CLEAN/RLMNV014-N23.wav
input/NOISY/RLMNV014-N24.wav,input/CLEAN/RLMNV014-N24.wav
input/NOISY/RLMNV014-N25.wav,input/CLEAN/RLMNV014-N25.wav
input/NOISY/RLMNV014-N26.wav,input/CLEAN/RLMNV014-N26.wav
input/NOISY/RLMNV014-N27.wav,input/CLEAN/RLMNV014-N27.wav
input/NOISY/RLMNV014-N28.wav,input/CLEAN/RLMNV014-N28.wav
input/NOISY/RLMNV014-N29.wav,input/CLEAN/RLMNV014-N29.wav
input/NOISY/RLMNV014-N30.wav,input/CLEAN/RLMNV014-N30.wav
input/NOISY/RLMNV014-N31.wav,input/CLEAN/RLMNV014-N31.wav
input/NOISY/RLMNV014-N32.wav,input/CLEAN/RLMNV014-N32.wav
input/NOISY/RLMNV014-N33.wav,input/CLEAN/RLMNV014-N33.wav
input/NOISY/RLMNV014-N34.wav,input/CLEAN/RLMNV014-N34.wav
input/NOISY/RLMNV014-N35.wav,input/CLEAN/RLMNV014-N35.wav
input/NOISY/RLMNV014-N36.wav,input/CLEAN/RLMNV014-N36.wav
input/NOISY/RLMNV014-N37.wav,input/CLEAN/RLMNV014-N37.wav
input/NOISY/RLMNV014-N38.wav,input/CLEAN/RLMNV014-N38.wav
input/NOISY/RLMNV014-N39.wav,input/CLEAN/RLMNV014-N39.wav
input/NOISY/RLMNV014-N40.wav,input/CLEAN/RLMNV014-N40.wav
input/NOISY/RLMNV014-N41.wav,input/CLEAN/RLMNV014-N41.wav
input/NOISY/RLMNV014-N42.wav,input/CLEAN/RLMNV014-N42.wav
input/NOISY/RLMNV014-N43.wav,input/CLEAN/RLMNV014-N43.wav
input/NOISY/RLMNV014-N44.wav,input/CLEAN/RLMNV014-N44.wav
input/NOISY/RLMNV014-N45.wav,input/CLEAN/RLMNV014-N45.wav
input/NOISY/RLMNV014-N46.wav,input/CLEAN/RLMNV014-N46.wav
input/NOISY/RLMNV014-N47.wav,input/CLEAN/RLMNV014-N47.wav
input/NOISY/RLMNV015-N01.wav,input/CLEAN/RLMNV015-N01.wav
input/NOISY/RLMNV015-N02.wav,input/CLEAN/RLMNV015-N02.wav
input/NOISY/RLMNV015-N03.wav,input/CLEAN/RLMNV015-N03.wav
input/NOISY/RLMNV015-N04.wav,input/CLEAN/RLMNV015-N04.wav
input/NOISY/RLMNV015-N05.wav,input/CLEAN/RLMNV015-N05.wav
input/NOISY/RLMNV015-N06.wav,input/CLEAN/RLMNV015-N06.wav
input/NOISY/RLMNV015-N07.wav,input/CLEAN/RLMNV015-N07.wav
input/NOISY/RLMNV015-N08.wav,input/CLEAN/RLMNV015-N08.wav
input/NOISY/RLMNV015-N09.wav,input/CLEAN/RLMNV015-N09.wav
input/NOISY/RLMNV015-N10.wav,input/CLEAN/RLMNV015-N10.wav
input/NOISY/RLMNV015-N11.wav,input/CLEAN/RLMNV015-N11.wav
input/NOISY/RLMNV015-N12.wav,input/CLEAN/RLMNV015-N12.wav
input/NOISY/RLMNV015-N13.wav,input/CLEAN/RLMNV015-N13.wav
input/NOISY/RLMNV015-N14.wav,input/CLEAN/RLMNV015-N14.wav
input/NOISY/RLMNV015-N15.wav,input/CLEAN/RLMNV015-N15.wav
input/NOISY/RLMNV015-N16.wav,input/CLEAN/RLMNV015-N16.wav
input/NOISY/RLMNV015-N17.wav,input/CLEAN/RLMNV015-N17.wav
input/NOISY/RLMNV015-N18.wav,input/CLEAN/RLMNV015-N18.wav
input/NOISY/RLMNV015-N19.wav,input/CLEAN/RLMNV015-N19.wav
input/NOISY/RLMNV015-N20.wav,input/CLEAN/RLMNV015-N20.wav
input/NOISY/RLMNV015-N21.wav,input/CLEAN/RLMNV015-N21.wav
input/NOISY/RLMNV015-N22.wav,input/CLEAN/RLMNV015-N22.wav
input/NOISY/RLMNV015-N23.wav,input/CLEAN/RLMNV015-N23.wav
input/NOISY/RLMNV015-N24.wav,input/CLEAN/RLMNV015-N24.wav
input/NOISY/RLMNV015-N25.wav,input/CLEAN/RLMNV015-N25.wav
input/NOISY/RLMNV015-N26.wav,input/CLEAN/RLMNV015-N26.wav
input/NOISY/RLMNV015-N27.wav,input/CLEAN/RLMNV015-N27.wav
input/NOISY/RLMNV015-N28.wav,input/CLEAN/RLMNV015-N28.wav
input/NOISY/RLMNV015-N29.wav,input/CLEAN/RLMNV015-N29.wav
input/NOISY/RLMNV015-N30.wav,input/CLEAN/RLMNV015-N30.wav
input/NOISY/RLMNV015-N31.wav,input/CLEAN/RLMNV015-N31.wav
input/NOISY/RLMNV015-N32.wav,input/CLEAN/RLMNV015-N32.wav
input/NOISY/RLMNV015-N33.wav,input/CLEAN/RLMNV015-N33.wav
input/NOISY/RLMNV015-N34.wav,input/CLEAN/RLMNV015-N34.wav
input/NOISY/RLMNV015-N35.wav,input/CLEAN/RLMNV015-N35.wav
input/NOISY/RLMNV015-N36.wav,input/CLEAN/RLMNV015-N36.wav
input/NOISY/RLMNV015-N37.wav,input/CLEAN/RLMNV015-N37.wav
input/NOISY/RLMNV015-N38.wav,input/CLEAN/RLMNV015-N38.wav
input/NOISY/RLMNV015-N39.wav,input/CLEAN/RLMNV015-N39.wav
input/NOISY/RLMNV015-N40.wav,input/CLEAN/RLMNV015-N40.wav
input/NOISY/RLMNV015-N41.wav,input/CLEAN/RLMNV015-N41.wav
input/NOISY/RLMNV015-N42.wav,input/CLEAN/RLMNV015-N42.wav
input/NOISY/RLMNV015-N43.wav,input/CLEAN/RLMNV015-N43.wav
input/NOISY/RLMNV015-N44.wav,input/CLEAN/RLMNV015-N44.wav
input/NOISY/RLMNV015-N45.wav,input/CLEAN/RLMNV015-N45.wav
input/NOISY/RLMNV015-N46.wav,input/CLEAN/RLMNV015-N46.wav
input/NOISY/RLMNV015-N47.wav,input/CLEAN/RLMNV015-N47.wav
input/NOISY/RLMNV016-N01.wav,input/CLEAN/RLMNV016-N01.wav
input/NOISY/RLMNV016-N02.wav,input/CLEAN/RLMNV016-N02.wav
input/NOISY/RLMNV016-N03.wav,input/CLEAN/RLMNV016-N03.wav
input/NOISY/RLMNV016-N04.wav,input/CLEAN/RLMNV016-N04.wav
input/NOISY/RLMNV016-N05.wav,input/CLEAN/RLMNV016-N05.wav
input/NOISY/RLMNV016-N06.wav,input/CLEAN/RLMNV016-N06.wav
input/NOISY/RLMNV016-N07.wav,input/CLEAN/RLMNV016-N07.wav
input/NOISY/RLMNV016-N08.wav,input/CLEAN/RLMNV016-N08.wav
input/NOISY/RLMNV016-N09.wav,input/CLEAN/RLMNV016-N09.wav
input/NOISY/RLMNV016-N10.wav,input/CLEAN/RLMNV016-N10.wav
input/NOISY/RLMNV016-N11.wav,input/CLEAN/RLMNV016-N11.wav
input/NOISY/RLMNV016-N12.wav,input/CLEAN/RLMNV016-N12.wav
input/NOISY/RLMNV016-N13.wav,input/CLEAN/RLMNV016-N13.wav
input/NOISY/RLMNV016-N14.wav,input/CLEAN/RLMNV016-N14.wav
input/NOISY/RLMNV016-N15.wav,input/CLEAN/RLMNV016-N15.wav
input/NOISY/RLMNV016-N16.wav,input/CLEAN/RLMNV016-N16.wav
input/NOISY/RLMNV016-N17.wav,input/CLEAN/RLMNV016-N17.wav
input/NOISY/RLMNV016-N18.wav,input/CLEAN/RLMNV016-N18.wav
input/NOISY/RLMNV016-N19.wav,input/CLEAN/RLMNV016-N19.wav
input/NOISY/RLMNV016-N20.wav,input/CLEAN/RLMNV016-N20.wav
input/NOISY/RLMNV016-N21.wav,input/CLEAN/RLMNV016-N21.wav
input/NOISY/RLMNV016-N22.wav,input/CLEAN/RLMNV016-N22.wav
input/NOISY/RLMNV016-N23.wav,input/CLEAN/RLMNV016-N23.wav
input/NOISY/RLMNV016-N24.wav,input/CLEAN/RLMNV016-N24.wav
input/NOISY/RLMNV016-N25.wav,input/CLEAN/RLMNV016-N25.wav
input/NOISY/RLMNV016-N26.wav,input/CLEAN/RLMNV016-N26.wav
input/NOISY/RLMNV016-N27.wav,input/CLEAN/RLMNV016-N27.wav
input/NOISY/RLMNV016-N28.wav,input/CLEAN/RLMNV016-N28.wav
input/NOISY/RLMNV016-N29.wav,input/CLEAN/RLMNV016-N29.wav
input/NOISY/RLMNV016-N30.wav,input/CLEAN/RLMNV016-N30.wav
input/NOISY/RLMNV016-N31.wav,input/CLEAN/RLMNV016-N31.wav
input/NOISY/RLMNV016-N32.wav,input/CLEAN/RLMNV016-N32.wav
input/NOISY/RLMNV016-N33.wav,input/CLEAN/RLMNV016-N33.wav
input/NOISY/RLMNV016-N34.wav,input/CLEAN/RLMNV016-N34.wav
input/NOISY/RLMNV016-N35.wav,input/CLEAN/RLMNV016-N35.wav
input/NOISY/RLMNV016-N36.wav,input/CLEAN/RLMNV016-N36.wav
input/NOISY/RLMNV016-N37.wav,input/CLEAN/RLMNV016-N37.wav
input/NOISY/RLMNV016-N38.wav,input/CLEAN/RLMNV016-N38.wav
input/NOISY/RLMNV016-N39.wav,input/CLEAN/RLMNV016-N39.wav
input/NOISY/RLMNV016-N40.wav,input/CLEAN/RLMNV016-N40.wav
input/NOISY/RLMNV016-N41.wav,input/CLEAN/RLMNV016-N41.wav
input/NOISY/RLMNV016-N42.wav,input/CLEAN/RLMNV016-N42.wav
input/NOISY/RLMNV016-N43.wav,input/CLEAN/RLMNV016-N43.wav
input/NOISY/RLMNV016-N44.wav,input/CLEAN/RLMNV016-N44.wav
input/NOISY/RLMNV016-N45.wav,input/CLEAN/RLMNV016-N45.wav
input/NOISY/RLMNV016-N46.wav,input/CLEAN/RLMNV016-N46.wav
input/NOISY/RLMNV016-N47.wav,input/CLEAN/RLMNV016-N47.wav
input/NOISY/RLMNV017-N01.wav,input/CLEAN/RLMNV017-N01.wav
input/NOISY/RLMNV017-N02.wav,input/CLEAN/RLMNV017-N02.wav
input/NOISY/RLMNV017-N03.wav,input/CLEAN/RLMNV017-N03.wav
input/NOISY/RLMNV017-N04.wav,input/CLEAN/RLMNV017-N04.wav
input/NOISY/RLMNV017-N05.wav,input/CLEAN/RLMNV017-N05.wav
input/NOISY/RLMNV017-N06.wav,input/CLEAN/RLMNV017-N06.wav
input/NOISY/RLMNV017-N07.wav,input/CLEAN/RLMNV017-N07.wav
input/NOISY/RLMNV017-N08.wav,input/CLEAN/RLMNV017-N08.wav
input/NOISY/RLMNV017-N09.wav,input/CLEAN/RLMNV017-N09.wav
input/NOISY/RLMNV017-N10.wav,input/CLEAN/RLMNV017-N10.wav
input/NOISY/RLMNV017-N11.wav,input/CLEAN/RLMNV017-N11.wav
input/NOISY/RLMNV017-N12.wav,input/CLEAN/RLMNV017-N12.wav
input/NOISY/RLMNV017-N13.wav,input/CLEAN/RLMNV017-N13.wav
input/NOISY/RLMNV017-N14.wav,input/CLEAN/RLMNV017-N14.wav
input/NOISY/RLMNV017-N15.wav,input/CLEAN/RLMNV017-N15.wav
input/NOISY/RLMNV017-N16.wav,input/CLEAN/RLMNV017-N16.wav
input/NOISY/RLMNV017-N17.wav,input/CLEAN/RLMNV017-N17.wav
input/NOISY/RLMNV017-N18.wav,input/CLEAN/RLMNV017-N18.wav
input/NOISY/RLMNV017-N19.wav,input/CLEAN/RLMNV017-N19.wav
input/NOISY/RLMNV017-N20.wav,input/CLEAN/RLMNV017-N20.wav
input/NOISY/RLMNV017-N21.wav,input/CLEAN/RLMNV017-N21.wav
input/NOISY/RLMNV017-N22.wav,input/CLEAN/RLMNV017-N22.wav
input/NOISY/RLMNV017-N23.wav,input/CLEAN/RLMNV017-N23.wav
input/NOISY/RLMNV017-N24.wav,input/CLEAN/RLMNV017-N24.wav
input/NOISY/RLMNV017-N25.wav,input/CLEAN/RLMNV017-N25.wav
input/NOISY/RLMNV017-N26.wav,input/CLEAN/RLMNV017-N26.wav
input/NOISY/RLMNV017-N27.wav,input/CLEAN/RLMNV017-N27.wav
input/NOISY/RLMNV017-N28.wav,input/CLEAN/RLMNV017-N28.wav
input/NOISY/RLMNV017-N29.wav,input/CLEAN/RLMNV017-N29.wav
input/NOISY/RLMNV017-N30.wav,input/CLEAN/RLMNV017-N30.wav
input/NOISY/RLMNV017-N31.wav,input/CLEAN/RLMNV017-N31.wav
input/NOISY/RLMNV017-N32.wav,input/CLEAN/RLMNV017-N32.wav
input/NOISY/RLMNV017-N33.wav,input/CLEAN/RLMNV017-N33.wav
input/NOISY/RLMNV017-N34.wav,input/CLEAN/RLMNV017-N34.wav
input/NOISY/RLMNV017-N35.wav,input/CLEAN/RLMNV017-N35.wav
input/NOISY/RLMNV017-N36.wav,input/CLEAN/RLMNV017-N36.wav
input/NOISY/RLMNV017-N37.wav,input/CLEAN/RLMNV017-N37.wav
input/NOISY/RLMNV017-N38.wav,input/CLEAN/RLMNV017-N38.wav
input/NOISY/RLMNV017-N39.wav,input/CLEAN/RLMNV017-N39.wav
input/NOISY/RLMNV017-N40.wav,input/CLEAN/RLMNV017-N40.wav
input/NOISY/RLMNV017-N41.wav,input/CLEAN/RLMNV017-N41.wav
input/NOISY/RLMNV017-N42.wav,input/CLEAN/RLMNV017-N42.wav
input/NOISY/RLMNV017-N43.wav,input/CLEAN/RLMNV017-N43.wav
input/NOISY/RLMNV017-N44.wav,input/CLEAN/RLMNV017-N44.wav
input/NOISY/RLMNV017-N45.wav,input/CLEAN/RLMNV017-N45.wav
input/NOISY/RLMNV017-N46.wav,input/CLEAN/RLMNV017-N46.wav
input/NOISY/RLMNV017-N47.wav,input/CLEAN/RLMNV017-N47.wav
input/NOISY/RLMNV018-N01.wav,input/CLEAN/RLMNV018-N01.wav
input/NOISY/RLMNV018-N02.wav,input/CLEAN/RLMNV018-N02.wav
input/NOISY/RLMNV018-N03.wav,input/CLEAN/RLMNV018-N03.wav
input/NOISY/RLMNV018-N04.wav,input/CLEAN/RLMNV018-N04.wav
input/NOISY/RLMNV018-N05.wav,input/CLEAN/RLMNV018-N05.wav
input/NOISY/RLMNV018-N06.wav,input/CLEAN/RLMNV018-N06.wav
input/NOISY/RLMNV018-N07.wav,input/CLEAN/RLMNV018-N07.wav
input/NOISY/RLMNV018-N08.wav,input/CLEAN/RLMNV018-N08.wav
input/NOISY/RLMNV018-N09.wav,input/CLEAN/RLMNV018-N09.wav
input/NOISY/RLMNV018-N10.wav,input/CLEAN/RLMNV018-N10.wav
input/NOISY/RLMNV018-N11.wav,input/CLEAN/RLMNV018-N11.wav
input/NOISY/RLMNV018-N12.wav,input/CLEAN/RLMNV018-N12.wav
input/NOISY/RLMNV018-N13.wav,input/CLEAN/RLMNV018-N13.wav
input/NOISY/RLMNV018-N14.wav,input/CLEAN/RLMNV018-N14.wav
input/NOISY/RLMNV018-N15.wav,input/CLEAN/RLMNV018-N15.wav
input/NOISY/RLMNV018-N16.wav,input/CLEAN/RLMNV018-N16.wav
input/NOISY/RLMNV018-N17.wav,input/CLEAN/RLMNV018-N17.wav
input/NOISY/RLMNV018-N18.wav,input/CLEAN/RLMNV018-N18.wav
input/NOISY/RLMNV018-N19.wav,input/CLEAN/RLMNV018-N19.wav
input/NOISY/RLMNV018-N20.wav,input/CLEAN/RLMNV018-N20.wav
input/NOISY/RLMNV018-N21.wav,input/CLEAN/RLMNV018-N21.wav
input/NOISY/RLMNV018-N22.wav,input/CLEAN/RLMNV018-N22.wav
input/NOISY/RLMNV018-N23.wav,input/CLEAN/RLMNV018-N23.wav
input/NOISY/RLMNV018-N24.wav,input/CLEAN/RLMNV018-N24.wav
input/NOISY/RLMNV018-N25.wav,input/CLEAN/RLMNV018-N25.wav
input/NOISY/RLMNV018-N26.wav,input/CLEAN/RLMNV018-N26.wav
input/NOISY/RLMNV018-N27.wav,input/CLEAN/RLMNV018-N27.wav
input/NOISY/RLMNV018-N28.wav,input/CLEAN/RLMNV018-N28.wav
input/NOISY/RLMNV018-N29.wav,input/CLEAN/RLMNV018-N29.wav
input/NOISY/RLMNV018-N30.wav,input/CLEAN/RLMNV018-N30.wav
input/NOISY/RLMNV018-N31.wav,input/CLEAN/RLMNV018-N31.wav
input/NOISY/RLMNV018-N32.wav,input/CLEAN/RLMNV018-N32.wav
input/NOISY/RLMNV018-N33.wav,input/CLEAN/RLMNV018-N33.wav
input/NOISY/RLMNV018-N34.wav,input/CLEAN/RLMNV018-N34.wav
input/NOISY/RLMNV018-N35.wav,input/CLEAN/RLMNV018-N35.wav
input/NOISY/RLMNV018-N36.wav,input/CLEAN/RLMNV018-N36.wav
input/NOISY/RLMNV018-N37.wav,input/CLEAN/RLMNV018-N37.wav
input/NOISY/RLMNV018-N38.wav,input/CLEAN/RLMNV018-N38.wav
input/NOISY/RLMNV018-N39.wav,input/CLEAN/RLMNV018-N39.wav
input/NOISY/RLMNV018-N40.wav,input/CLEAN/RLMNV018-N40.wav
input/NOISY/RLMNV018-N41.wav,input/CLEAN/RLMNV018-N41.wav
input/NOISY/RLMNV018-N42.wav,input/CLEAN/RLMNV018-N42.wav
input/NOISY/RLMNV018-N43.wav,input/CLEAN/RLMNV018-N43.wav
input/NOISY/RLMNV018-N44.wav,input/CLEAN/RLMNV018-N44.wav
input/NOISY/RLMNV018-N45.wav,input/CLEAN/RLMNV018-N45.wav
input/NOISY/RLMNV018-N46.wav,input/CLEAN/RLMNV018-N46.wav
input/NOISY/RLMNV018-N47.wav,input/CLEAN/RLMNV018-N47.wav
input/NOISY/RLMNV019-N01.wav,input/CLEAN/RLMNV019-N01.wav
input/NOISY/RLMNV019-N02.wav,input/CLEAN/RLMNV019-N02.wav
input/NOISY/RLMNV019-N03.wav,input/CLEAN/RLMNV019-N03.wav
input/NOISY/RLMNV019-N04.wav,input/CLEAN/RLMNV019-N04.wav
input/NOISY/RLMNV019-N05.wav,input/CLEAN/RLMNV019-N05.wav
input/NOISY/RLMNV019-N06.wav,input/CLEAN/RLMNV019-N06.wav
input/NOISY/RLMNV019-N07.wav,input/CLEAN/RLMNV019-N07.wav
input/NOISY/RLMNV019-N08.wav,input/CLEAN/RLMNV019-N08.wav
input/NOISY/RLMNV019-N09.wav,input/CLEAN/RLMNV019-N09.wav
input/NOISY/RLMNV019-N10.wav,input/CLEAN/RLMNV019-N10.wav
input/NOISY/RLMNV019-N11.wav,input/CLEAN/RLMNV019-N11.wav
input/NOISY/RLMNV019-N12.wav,input/CLEAN/RLMNV019-N12.wav
input/NOISY/RLMNV019-N13.wav,input/CLEAN/RLMNV019-N13.wav
input/NOISY/RLMNV019-N14.wav,input/CLEAN/RLMNV019-N14.wav
input/NOISY/RLMNV019-N15.wav,input/CLEAN/RLMNV019-N15.wav
input/NOISY/RLMNV019-N16.wav,input/CLEAN/RLMNV019-N16.wav
input/NOISY/RLMNV019-N17.wav,input/CLEAN/RLMNV019-N17.wav
input/NOISY/RLMNV019-N18.wav,input/CLEAN/RLMNV019-N18.wav
input/NOISY/RLMNV019-N19.wav,input/CLEAN/RLMNV019-N19.wav
input/NOISY/RLMNV019-N20.wav,input/CLEAN/RLMNV019-N20.wav
input/NOISY/RLMNV019-N21.wav,input/CLEAN/RLMNV019-N21.wav
input/NOISY/RLMNV019-N22.wav,input/CLEAN/RLMNV019-N22.wav
input/NOISY/RLMNV019-N23.wav,input/CLEAN/RLMNV019-N23.wav
input/NOISY/RLMNV019-N24.wav,input/CLEAN/RLMNV019-N24.wav
input/NOISY/RLMNV019-N25.wav,input/CLEAN/RLMNV019-N25.wav
input/NOISY/RLMNV019-N26.wav,input/CLEAN/RLMNV019-N26.wav
input/NOISY/RLMNV019-N27.wav,input/CLEAN/RLMNV019-N27.wav
input/NOISY/RLMNV019-N28.wav,input/CLEAN/RLMNV019-N28.wav
input/NOISY/RLMNV019-N29.wav,input/CLEAN/RLMNV019-N29.wav
input/NOISY/RLMNV019-N30.wav,input/CLEAN/RLMNV019-N30.wav
input/NOISY/RLMNV019-N31.wav,input/CLEAN/RLMNV019-N31.wav
input/NOISY/RLMNV019-N32.wav,input/CLEAN/RLMNV019-N32.wav
input/NOISY/RLMNV019-N33.wav,input/CLEAN/RLMNV019-N33.wav
input/NOISY/RLMNV019-N34.wav,input/CLEAN/RLMNV019-N34.wav
input/NOISY/RLMNV019-N35.wav,input/CLEAN/RLMNV019-N35.wav
input/NOISY/RLMNV019-N36.wav,input/CLEAN/RLMNV019-N36.wav
input/NOISY/RLMNV019-N37.wav,input/CLEAN/RLMNV019-N37.wav
input/NOISY/RLMNV019-N38.wav,input/CLEAN/RLMNV019-N38.wav
input/NOISY/RLMNV019-N39.wav,input/CLEAN/RLMNV019-N39.wav
input/NOISY/RLMNV019-N40.wav,input/CLEAN/RLMNV019-N40.wav
input/NOISY/RLMNV019-N41.wav,input/CLEAN/RLMNV019-N41.wav
input/NOISY/RLMNV019-N42.wav,input/CLEAN/RLMNV019-N42.wav
input/NOISY/RLMNV019-N43.wav,input/CLEAN/RLMNV019-N43.wav
input/NOISY/RLMNV019-N44.wav,input/CLEAN/RLMNV019-N44.wav
input/NOISY/RLMNV019-N45.wav,input/CLEAN/RLMNV019-N45.wav
input/NOISY/RLMNV019-N46.wav,input/CLEAN/RLMNV019-N46.wav
input/NOISY/RLMNV019-N47.wav,input/CLEAN/RLMNV019-N47.wav
input/NOISY/RLMNV020-N01.wav,input/CLEAN/RLMNV020-N01.wav
input/NOISY/RLMNV020-N02.wav,input/CLEAN/RLMNV020-N02.wav
input/NOISY/RLMNV020-N03.wav,input/CLEAN/RLMNV020-N03.wav
input/NOISY/RLMNV020-N04.wav,input/CLEAN/RLMNV020-N04.wav
input/NOISY/RLMNV020-N05.wav,input/CLEAN/RLMNV020-N05.wav
input/NOISY/RLMNV020-N06.wav,input/CLEAN/RLMNV020-N06.wav
input/NOISY/RLMNV020-N07.wav,input/CLEAN/RLMNV020-N07.wav
input/NOISY/RLMNV020-N08.wav,input/CLEAN/RLMNV020-N08.wav
input/NOISY/RLMNV020-N09.wav,input/CLEAN/RLMNV020-N09.wav
input/NOISY/RLMNV020-N10.wav,input/CLEAN/RLMNV020-N10.wav
input/NOISY/RLMNV020-N11.wav,input/CLEAN/RLMNV020-N11.wav
input/NOISY/RLMNV020-N12.wav,input/CLEAN/RLMNV020-N12.wav
input/NOISY/RLMNV020-N13.wav,input/CLEAN/RLMNV020-N13.wav
input/NOISY/RLMNV020-N14.wav,input/CLEAN/RLMNV020-N14.wav
input/NOISY/RLMNV020-N15.wav,input/CLEAN/RLMNV020-N15.wav
input/NOISY/RLMNV020-N16.wav,input/CLEAN/RLMNV020-N16.wav
input/NOISY/RLMNV020-N17.wav,input/CLEAN/RLMNV020-N17.wav
input/NOISY/RLMNV020-N18.wav,input/CLEAN/RLMNV020-N18.wav
input/NOISY/RLMNV020-N19.wav,input/CLEAN/RLMNV020-N19.wav
input/NOISY/RLMNV020-N20.wav,input/CLEAN/RLMNV020-N20.wav
input/NOISY/RLMNV020-N21.wav,input/CLEAN/RLMNV020-N21.wav
input/NOISY/RLMNV020-N22.wav,input/CLEAN/RLMNV020-N22.wav
input/NOISY/RLMNV020-N23.wav,input/CLEAN/RLMNV020-N23.wav
input/NOISY/RLMNV020-N24.wav,input/CLEAN/RLMNV020-N24.wav
input/NOISY/RLMNV020-N25.wav,input/CLEAN/RLMNV020-N25.wav
input/NOISY/RLMNV020-N26.wav,input/CLEAN/RLMNV020-N26.wav
input/NOISY/RLMNV020-N27.wav,input/CLEAN/RLMNV020-N27.wav
input/NOISY/RLMNV020-N28.wav,input/CLEAN/RLMNV020-N28.wav
input/NOISY/RLMNV020-N29.wav,input/CLEAN/RLMNV020-N29.wav
input/NOISY/RLMNV020-N30.wav,input/CLEAN/RLMNV020-N30.wav
input/NOISY/RLMNV020-N31.wav,input/CLEAN/RLMNV020-N31.wav
input/NOISY/RLMNV020-N32.wav,input/CLEAN/RLMNV020-N32.wav
input/NOISY/RLMNV020-N33.wav,input/CLEAN/RLMNV020-N33.wav
input/NOISY/RLMNV020-N34.wav,input/CLEAN/RLMNV020-N34.wav
input/NOISY/RLMNV020-N35.wav,input/CLEAN/RLMNV020-N35.wav
input/NOISY/RLMNV020-N36.wav,input/CLEAN/RLMNV020-N36.wav
input/NOISY/RLMNV020-N37.wav,input/CLEAN/RLMNV020-N37.wav
input/NOISY/RLMNV020-N38.wav,input/CLEAN/RLMNV020-N38.wav
input/NOISY/RLMNV020-N39.wav,input/CLEAN/RLMNV020-N39.wav
input/NOISY/RLMNV020-N40.wav,input/CLEAN/RLMNV020-N40.wav
input/NOISY/RLMNV020-N41.wav,input/CLEAN/RLMNV020-N41.wav
input/NOISY/RLMNV020-N42.wav,input/CLEAN/RLMNV020-N42.wav
input/NOISY/RLMNV020-N43.wav,input/CLEAN/RLMNV020-N43.wav
input/NOISY/RLMNV020-N44.wav,input/CLEAN/RLMNV020-N44.wav
input/NOISY/RLMNV020-N45.wav,input/CLEAN/RLMNV020-N45.wav
input/NOISY/RLMNV020-N46.wav,input/CLEAN/RLMNV020-N46.wav
input/NOISY/RLMNV020-N47.wav,input/CLEAN/RLMNV020-N47.wav
input/NOISY/RLQNV003-N01.wav,input/CLEAN/RLQNV003-N01.wav
input/NOISY/RLQNV003-N02.wav,input/CLEAN/RLQNV003-N02.wav
input/NOISY/RLQNV003-N03.wav,input/CLEAN/RLQNV003-N03.wav
input/NOISY/RLQNV003-N04.wav,input/CLEAN/RLQNV003-N04.wav
input/NOISY/RLQNV003-N05.wav,input/CLEAN/RLQNV003-N05.wav
input/NOISY/RLQNV003-N06.wav,input/CLEAN/RLQNV003-N06.wav
input/NOISY/RLQNV003-N07.wav,input/CLEAN/RLQNV003-N07.wav
input/NOISY/RLQNV003-N08.wav,input/CLEAN/RLQNV003-N08.wav
input/NOISY/RLQNV003-N09.wav,input/CLEAN/RLQNV003-N09.wav
input/NOISY/RLQNV003-N10.wav,input/CLEAN/RLQNV003-N10.wav
input/NOISY/RLQNV003-N11.wav,input/CLEAN/RLQNV003-N11.wav
input/NOISY/RLQNV003-N12.wav,input/CLEAN/RLQNV003-N12.wav
input/NOISY/RLQNV003-N13.wav,input/CLEAN/RLQNV003-N13.wav
input/NOISY/RLQNV003-N14.wav,input/CLEAN/RLQNV003-N14.wav
input/NOISY/RLQNV003-N15.wav,input/CLEAN/RLQNV003-N15.wav
input/NOISY/RLQNV003-N16.wav,input/CLEAN/RLQNV003-N16.wav
input/NOISY/RLQNV003-N17.wav,input/CLEAN/RLQNV003-N17.wav
input/NOISY/RLQNV003-N18.wav,input/CLEAN/RLQNV003-N18.wav
input/NOISY/RLQNV003-N19.wav,input/CLEAN/RLQNV003-N19.wav
input/NOISY/RLQNV003-N20.wav,input/CLEAN/RLQNV003-N20.wav
input/NOISY/RLQNV003-N21.wav,input/CLEAN/RLQNV003-N21.wav
input/NOISY/RLQNV003-N22.wav,input/CLEAN/RLQNV003-N22.wav
input/NOISY/RLQNV003-N23.wav,input/CLEAN/RLQNV003-N23.wav
input/NOISY/RLQNV003-N24.wav,input/CLEAN/RLQNV003-N24.wav
input/NOISY/RLQNV003-N25.wav,input/CLEAN/RLQNV003-N25.wav
input/NOISY/RLQNV003-N26.wav,input/CLEAN/RLQNV003-N26.wav
input/NOISY/RLQNV003-N27.wav,input/CLEAN/RLQNV003-N27.wav
input/NOISY/RLQNV003-N28.wav,input/CLEAN/RLQNV003-N28.wav
input/NOISY/RLQNV003-N29.wav,input/CLEAN/RLQNV003-N29.wav
input/NOISY/RLQNV003-N30.wav,input/CLEAN/RLQNV003-N30.wav
input/NOISY/RLQNV003-N31.wav,input/CLEAN/RLQNV003-N31.wav
input/NOISY/RLQNV003-N32.wav,input/CLEAN/RLQNV003-N32.wav
input/NOISY/RLQNV003-N33.wav,input/CLEAN/RLQNV003-N33.wav
input/NOISY/RLQNV003-N34.wav,input/CLEAN/RLQNV003-N34.wav
input/NOISY/RLQNV003-N35.wav,input/CLEAN/RLQNV003-N35.wav
input/NOISY/RLQNV003-N36.wav,input/CLEAN/RLQNV003-N36.wav
input/NOISY/RLQNV003-N37.wav,input/CLEAN/RLQNV003-N37.wav
input/NOISY/RLQNV003-N38.wav,input/CLEAN/RLQNV003-N38.wav
input/NOISY/RLQNV003-N39.wav,input/CLEAN/RLQNV003-N39.wav
input/NOISY/RLQNV003-N40.wav,input/CLEAN/RLQNV003-N40.wav
input/NOISY/RLQNV003-N41.wav,input/CLEAN/RLQNV003-N41.wav
input/NOISY/RLQNV003-N42.wav,input/CLEAN/RLQNV003-N42.wav
input/NOISY/RLQNV003-N43.wav,input/CLEAN/RLQNV003-N43.wav
input/NOISY/RLQNV003-N44.wav,input/CLEAN/RLQNV003-N44.wav
input/NOISY/RLQNV003-N45.wav,input/CLEAN/RLQNV003-N45.wav
input/NOISY/RLQNV003-N46.wav,input/CLEAN/RLQNV003-N46.wav
input/NOISY/RLQNV003-N47.wav,input/CLEAN/RLQNV003-N47.wav
input/NOISY/RLQNV004-N01.wav,input/CLEAN/RLQNV004-N01.wav
input/NOISY/RLQNV004-N02.wav,input/CLEAN/RLQNV004-N02.wav
input/NOISY/RLQNV004-N03.wav,input/CLEAN/RLQNV004-N03.wav
input/NOISY/RLQNV004-N04.wav,input/CLEAN/RLQNV004-N04.wav
input/NOISY/RLQNV004-N05.wav,input/CLEAN/RLQNV004-N05.wav
input/NOISY/RLQNV004-N06.wav,input/CLEAN/RLQNV004-N06.wav
input/NOISY/RLQNV004-N07.wav,input/CLEAN/RLQNV004-N07.wav
input/NOISY/RLQNV004-N08.wav,input/CLEAN/RLQNV004-N08.wav
input/NOISY/RLQNV004-N09.wav,input/CLEAN/RLQNV004-N09.wav
input/NOISY/RLQNV004-N10.wav,input/CLEAN/RLQNV004-N10.wav
input/NOISY/RLQNV004-N11.wav,input/CLEAN/RLQNV004-N11.wav
input/NOISY/RLQNV004-N12.wav,input/CLEAN/RLQNV004-N12.wav
input/NOISY/RLQNV004-N13.wav,input/CLEAN/RLQNV004-N13.wav
input/NOISY/RLQNV004-N14.wav,input/CLEAN/RLQNV004-N14.wav
input/NOISY/RLQNV004-N15.wav,input/CLEAN/RLQNV004-N15.wav
input/NOISY/RLQNV004-N16.wav,input/CLEAN/RLQNV004-N16.wav
input/NOISY/RLQNV004-N17.wav,input/CLEAN/RLQNV004-N17.wav
input/NOISY/RLQNV004-N18.wav,input/CLEAN/RLQNV004-N18.wav
input/NOISY/RLQNV004-N19.wav,input/CLEAN/RLQNV004-N19.wav
input/NOISY/RLQNV004-N20.wav,input/CLEAN/RLQNV004-N20.wav
input/NOISY/RLQNV004-N21.wav,input/CLEAN/RLQNV004-N21.wav
input/NOISY/RLQNV004-N22.wav,input/CLEAN/RLQNV004-N22.wav
input/NOISY/RLQNV004-N23.wav,input/CLEAN/RLQNV004-N23.wav
input/NOISY/RLQNV004-N24.wav,input/CLEAN/RLQNV004-N24.wav
input/NOISY/RLQNV004-N25.wav,input/CLEAN/RLQNV004-N25.wav
input/NOISY/RLQNV004-N26.wav,input/CLEAN/RLQNV004-N26.wav
input/NOISY/RLQNV004-N27.wav,input/CLEAN/RLQNV004-N27.wav
input/NOISY/RLQNV004-N28.wav,input/CLEAN/RLQNV004-N28.wav
input/NOISY/RLQNV004-N29.wav,input/CLEAN/RLQNV004-N29.wav
input/NOISY/RLQNV004-N30.wav,input/CLEAN/RLQNV004-N30.wav
input/NOISY/RLQNV004-N31.wav,input/CLEAN/RLQNV004-N31.wav
input/NOISY/RLQNV004-N32.wav,input/CLEAN/RLQNV004-N32.wav
input/NOISY/RLQNV004-N33.wav,input/CLEAN/RLQNV004-N33.wav
input/NOISY/RLQNV004-N34.wav,input/CLEAN/RLQNV004-N34.wav
input/NOISY/RLQNV004-N35.wav,input/CLEAN/RLQNV004-N35.wav
input/NOISY/RLQNV004-N36.wav,input/CLEAN/RLQNV004-N36.wav
input/NOISY/RLQNV004-N37.wav,input/CLEAN/RLQNV004-N37.wav
input/NOISY/RLQNV004-N38.wav,input/CLEAN/RLQNV004-N38.wav
input/NOISY/RLQNV004-N39.wav,input/CLEAN/RLQNV004-N39.wav
input/NOISY/RLQNV004-N40.wav,input/CLEAN/RLQNV004-N40.wav
input/NOISY/RLQNV004-N41.wav,input/CLEAN/RLQNV004-N41.wav
input/NOISY/RLQNV004-N42.wav,input/CLEAN/RLQNV004-N42.wav
input/NOISY/RLQNV004-N43.wav,input/CLEAN/RLQNV004-N43.wav
input/NOISY/RLQNV004-N44.wav,input/CLEAN/RLQNV004-N44.wav
input/NOISY/RLQNV004-N45.wav,input/CLEAN/RLQNV004-N45.wav
input/NOISY/RLQNV004-N46.wav,input/CLEAN/RLQNV004-N46.wav
input/NOISY/RLQNV004-N47.wav,input/CLEAN/RLQNV004-N47.wav
input/NOISY/RLQNV005-N01.wav,input/CLEAN/RLQNV005-N01.wav
input/NOISY/RLQNV005-N02.wav,input/CLEAN/RLQNV005-N02.wav
input/NOISY/RLQNV005-N03.wav,input/CLEAN/RLQNV005-N03.wav
input/NOISY/RLQNV005-N04.wav,input/CLEAN/RLQNV005-N04.wav
input/NOISY/RLQNV005-N05.wav,input/CLEAN/RLQNV005-N05.wav
input/NOISY/RLQNV005-N06.wav,input/CLEAN/RLQNV005-N06.wav
input/NOISY/RLQNV005-N07.wav,input/CLEAN/RLQNV005-N07.wav
input/NOISY/RLQNV005-N08.wav,input/CLEAN/RLQNV005-N08.wav
input/NOISY/RLQNV005-N09.wav,input/CLEAN/RLQNV005-N09.wav
input/NOISY/RLQNV005-N10.wav,input/CLEAN/RLQNV005-N10.wav
input/NOISY/RLQNV005-N11.wav,input/CLEAN/RLQNV005-N11.wav
input/NOISY/RLQNV005-N12.wav,input/CLEAN/RLQNV005-N12.wav
input/NOISY/RLQNV005-N13.wav,input/CLEAN/RLQNV005-N13.wav
input/NOISY/RLQNV005-N14.wav,input/CLEAN/RLQNV005-N14.wav
input/NOISY/RLQNV005-N15.wav,input/CLEAN/RLQNV005-N15.wav
input/NOISY/RLQNV005-N16.wav,input/CLEAN/RLQNV005-N16.wav
input/NOISY/RLQNV005-N17.wav,input/CLEAN/RLQNV005-N17.wav
input/NOISY/RLQNV005-N18.wav,input/CLEAN/RLQNV005-N18.wav
input/NOISY/RLQNV005-N19.wav,input/CLEAN/RLQNV005-N19.wav
input/NOISY/RLQNV005-N20.wav,input/CLEAN/RLQNV005-N20.wav
input/NOISY/RLQNV005-N21.wav,input/CLEAN/RLQNV005-N21.wav
input/NOISY/RLQNV005-N22.wav,input/CLEAN/RLQNV005-N22.wav
input/NOISY/RLQNV005-N23.wav,input/CLEAN/RLQNV005-N23.wav
input/NOISY/RLQNV005-N24.wav,input/CLEAN/RLQNV005-N24.wav
input/NOISY/RLQNV005-N25.wav,input/CLEAN/RLQNV005-N25.wav
input/NOISY/RLQNV005-N26.wav,input/CLEAN/RLQNV005-N26.wav
input/NOISY/RLQNV005-N27.wav,input/CLEAN/RLQNV005-N27.wav
input/NOISY/RLQNV005-N28.wav,input/CLEAN/RLQNV005-N28.wav
input/NOISY/RLQNV005-N29.wav,input/CLEAN/RLQNV005-N29.wav
input/NOISY/RLQNV005-N30.wav,input/CLEAN/RLQNV005-N30.wav
input/NOISY/RLQNV005-N31.wav,input/CLEAN/RLQNV005-N31.wav
input/NOISY/RLQNV005-N32.wav,input/CLEAN/RLQNV005-N32.wav
input/NOISY/RLQNV005-N33.wav,input/CLEAN/RLQNV005-N33.wav
input/NOISY/RLQNV005-N34.wav,input/CLEAN/RLQNV005-N34.wav
input/NOISY/RLQNV005-N35.wav,input/CLEAN/RLQNV005-N35.wav
input/NOISY/RLQNV005-N36.wav,input/CLEAN/RLQNV005-N36.wav
input/NOISY/RLQNV005-N37.wav,input/CLEAN/RLQNV005-N37.wav
input/NOISY/RLQNV005-N38.wav,input/CLEAN/RLQNV005-N38.wav
input/NOISY/RLQNV005-N39.wav,input/CLEAN/RLQNV005-N39.wav
input/NOISY/RLQNV005-N40.wav,input/CLEAN/RLQNV005-N40.wav
input/NOISY/RLQNV005-N41.wav,input/CLEAN/RLQNV005-N41.wav
input/NOISY/RLQNV005-N42.wav,input/CLEAN/RLQNV005-N42.wav
input/NOISY/RLQNV005-N43.wav,input/CLEAN/RLQNV005-N43.wav
input/NOISY/RLQNV005-N44.wav,input/CLEAN/RLQNV005-N44.wav
input/NOISY/RLQNV005-N45.wav,input/CLEAN/RLQNV005-N45.wav
input/NOISY/RLQNV005-N46.wav,input/CLEAN/RLQNV005-N46.wav
input/NOISY/RLQNV005-N47.wav,input/CLEAN/RLQNV005-N47.wav
input/NOISY/RLQNV006-N01.wav,input/CLEAN/RLQNV006-N01.wav
input/NOISY/RLQNV006-N02.wav,input/CLEAN/RLQNV006-N02.wav
input/NOISY/RLQNV006-N03.wav,input/CLEAN/RLQNV006-N03.wav
input/NOISY/RLQNV006-N04.wav,input/CLEAN/RLQNV006-N04.wav
input/NOISY/RLQNV006-N05.wav,input/CLEAN/RLQNV006-N05.wav
input/NOISY/RLQNV006-N06.wav,input/CLEAN/RLQNV006-N06.wav
input/NOISY/RLQNV006-N07.wav,input/CLEAN/RLQNV006-N07.wav
input/NOISY/RLQNV006-N08.wav,input/CLEAN/RLQNV006-N08.wav
input/NOISY/RLQNV006-N09.wav,input/CLEAN/RLQNV006-N09.wav
input/NOISY/RLQNV006-N10.wav,input/CLEAN/RLQNV006-N10.wav
input/NOISY/RLQNV006-N11.wav,input/CLEAN/RLQNV006-N11.wav
input/NOISY/RLQNV006-N12.wav,input/CLEAN/RLQNV006-N12.wav
input/NOISY/RLQNV006-N13.wav,input/CLEAN/RLQNV006-N13.wav
input/NOISY/RLQNV006-N14.wav,input/CLEAN/RLQNV006-N14.wav
input/NOISY/RLQNV006-N15.wav,input/CLEAN/RLQNV006-N15.wav
input/NOISY/RLQNV006-N16.wav,input/CLEAN/RLQNV006-N16.wav
input/NOISY/RLQNV006-N17.wav,input/CLEAN/RLQNV006-N17.wav
input/NOISY/RLQNV006-N18.wav,input/CLEAN/RLQNV006-N18.wav
input/NOISY/RLQNV006-N19.wav,input/CLEAN/RLQNV006-N19.wav
input/NOISY/RLQNV006-N20.wav,input/CLEAN/RLQNV006-N20.wav
input/NOISY/RLQNV006-N21.wav,input/CLEAN/RLQNV006-N21.wav
input/NOISY/RLQNV006-N22.wav,input/CLEAN/RLQNV006-N22.wav
input/NOISY/RLQNV006-N23.wav,input/CLEAN/RLQNV006-N23.wav
input/NOISY/RLQNV006-N24.wav,input/CLEAN/RLQNV006-N24.wav
input/NOISY/RLQNV006-N25.wav,input/CLEAN/RLQNV006-N25.wav
input/NOISY/RLQNV006-N26.wav,input/CLEAN/RLQNV006-N26.wav
input/NOISY/RLQNV006-N27.wav,input/CLEAN/RLQNV006-N27.wav
input/NOISY/RLQNV006-N28.wav,input/CLEAN/RLQNV006-N28.wav
input/NOISY/RLQNV006-N29.wav,input/CLEAN/RLQNV006-N29.wav
input/NOISY/RLQNV006-N30.wav,input/CLEAN/RLQNV006-N30.wav
input/NOISY/RLQNV006-N31.wav,input/CLEAN/RLQNV006-N31.wav
input/NOISY/RLQNV006-N32.wav,input/CLEAN/RLQNV006-N32.wav
input/NOISY/RLQNV006-N33.wav,input/CLEAN/RLQNV006-N33.wav
input/NOISY/RLQNV006-N34.wav,input/CLEAN/RLQNV006-N34.wav
input/NOISY/RLQNV006-N35.wav,input/CLEAN/RLQNV006-N35.wav
input/NOISY/RLQNV006-N36.wav,input/CLEAN/RLQNV006-N36.wav
input/NOISY/RLQNV006-N37.wav,input/CLEAN/RLQNV006-N37.wav
input/NOISY/RLQNV006-N38.wav,input/CLEAN/RLQNV006-N38.wav
input/NOISY/RLQNV006-N39.wav,input/CLEAN/RLQNV006-N39.wav
input/NOISY/RLQNV006-N40.wav,input/CLEAN/RLQNV006-N40.wav
input/NOISY/RLQNV006-N41.wav,input/CLEAN/RLQNV006-N41.wav
input/NOISY/RLQNV006-N42.wav,input/CLEAN/RLQNV006-N42.wav
input/NOISY/RLQNV006-N43.wav,input/CLEAN/RLQNV006-N43.wav
input/NOISY/RLQNV006-N44.wav,input/CLEAN/RLQNV006-N44.wav
input/NOISY/RLQNV006-N45.wav,input/CLEAN/RLQNV006-N45.wav
input/NOISY/RLQNV006-N46.wav,input/CLEAN/RLQNV006-N46.wav
input/NOISY/RLQNV006-N47.wav,input/CLEAN/RLQNV006-N47.wav
input/NOISY/RLQNV007-N01.wav,input/CLEAN/RLQNV007-N01.wav
input/NOISY/RLQNV007-N02.wav,input/CLEAN/RLQNV007-N02.wav
input/NOISY/RLQNV007-N03.wav,input/CLEAN/RLQNV007-N03.wav
input/NOISY/RLQNV007-N04.wav,input/CLEAN/RLQNV007-N04.wav
input/NOISY/RLQNV007-N05.wav,input/CLEAN/RLQNV007-N05.wav
input/NOISY/RLQNV007-N06.wav,input/CLEAN/RLQNV007-N06.wav
input/NOISY/RLQNV007-N07.wav,input/CLEAN/RLQNV007-N07.wav
input/NOISY/RLQNV007-N08.wav,input/CLEAN/RLQNV007-N08.wav
input/NOISY/RLQNV007-N09.wav,input/CLEAN/RLQNV007-N09.wav
input/NOISY/RLQNV007-N10.wav,input/CLEAN/RLQNV007-N10.wav
input/NOISY/RLQNV007-N11.wav,input/CLEAN/RLQNV007-N11.wav
input/NOISY/RLQNV007-N12.wav,input/CLEAN/RLQNV007-N12.wav
input/NOISY/RLQNV007-N13.wav,input/CLEAN/RLQNV007-N13.wav
input/NOISY/RLQNV007-N14.wav,input/CLEAN/RLQNV007-N14.wav
input/NOISY/RLQNV007-N15.wav,input/CLEAN/RLQNV007-N15.wav
input/NOISY/RLQNV007-N16.wav,input/CLEAN/RLQNV007-N16.wav
input/NOISY/RLQNV007-N17.wav,input/CLEAN/RLQNV007-N17.wav
input/NOISY/RLQNV007-N18.wav,input/CLEAN/RLQNV007-N18.wav
input/NOISY/RLQNV007-N19.wav,input/CLEAN/RLQNV007-N19.wav
input/NOISY/RLQNV007-N20.wav,input/CLEAN/RLQNV007-N20.wav
input/NOISY/RLQNV007-N21.wav,input/CLEAN/RLQNV007-N21.wav
input/NOISY/RLQNV007-N22.wav,input/CLEAN/RLQNV007-N22.wav
input/NOISY/RLQNV007-N23.wav,input/CLEAN/RLQNV007-N23.wav
input/NOISY/RLQNV007-N24.wav,input/CLEAN/RLQNV007-N24.wav
input/NOISY/RLQNV007-N25.wav,input/CLEAN/RLQNV007-N25.wav
input/NOISY/RLQNV007-N26.wav,input/CLEAN/RLQNV007-N26.wav
input/NOISY/RLQNV007-N27.wav,input/CLEAN/RLQNV007-N27.wav
input/NOISY/RLQNV007-N28.wav,input/CLEAN/RLQNV007-N28.wav
input/NOISY/RLQNV007-N29.wav,input/CLEAN/RLQNV007-N29.wav
input/NOISY/RLQNV007-N30.wav,input/CLEAN/RLQNV007-N30.wav
input/NOISY/RLQNV007-N31.wav,input/CLEAN/RLQNV007-N31.wav
input/NOISY/RLQNV007-N32.wav,input/CLEAN/RLQNV007-N32.wav
input/NOISY/RLQNV007-N33.wav,input/CLEAN/RLQNV007-N33.wav
input/NOISY/RLQNV007-N34.wav,input/CLEAN/RLQNV007-N34.wav
input/NOISY/RLQNV007-N35.wav,input/CLEAN/RLQNV007-N35.wav
input/NOISY/RLQNV007-N36.wav,input/CLEAN/RLQNV007-N36.wav
input/NOISY/RLQNV007-N37.wav,input/CLEAN/RLQNV007-N37.wav
input/NOISY/RLQNV007-N38.wav,input/CLEAN/RLQNV007-N38.wav
input/NOISY/RLQNV007-N39.wav,input/CLEAN/RLQNV007-N39.wav
input/NOISY/RLQNV007-N40.wav,input/CLEAN/RLQNV007-N40.wav
input/NOISY/RLQNV007-N41.wav,input/CLEAN/RLQNV007-N41.wav
input/NOISY/RLQNV007-N42.wav,input/CLEAN/RLQNV007-N42.wav
input/NOISY/RLQNV007-N43.wav,input/CLEAN/RLQNV007-N43.wav
input/NOISY/RLQNV007-N44.wav,input/CLEAN/RLQNV007-N44.wav
input/NOISY/RLQNV007-N45.wav,input/CLEAN/RLQNV007-N45.wav
input/NOISY/RLQNV007-N46.wav,input/CLEAN/RLQNV007-N46.wav
input/NOISY/RLQNV007-N47.wav,input/CLEAN/RLQNV007-N47.wav
input/NOISY/RLQNV008-N01.wav,input/CLEAN/RLQNV008-N01.wav
input/NOISY/RLQNV008-N02.wav,input/CLEAN/RLQNV008-N02.wav
input/NOISY/RLQNV008-N03.wav,input/CLEAN/RLQNV008-N03.wav
input/NOISY/RLQNV008-N04.wav,input/CLEAN/RLQNV008-N04.wav
input/NOISY/RLQNV008-N05.wav,input/CLEAN/RLQNV008-N05.wav
input/NOISY/RLQNV008-N06.wav,input/CLEAN/RLQNV008-N06.wav
input/NOISY/RLQNV008-N07.wav,input/CLEAN/RLQNV008-N07.wav
input/NOISY/RLQNV008-N08.wav,input/CLEAN/RLQNV008-N08.wav
input/NOISY/RLQNV008-N09.wav,input/CLEAN/RLQNV008-N09.wav
input/NOISY/RLQNV008-N10.wav,input/CLEAN/RLQNV008-N10.wav
input/NOISY/RLQNV008-N11.wav,input/CLEAN/RLQNV008-N11.wav
input/NOISY/RLQNV008-N12.wav,input/CLEAN/RLQNV008-N12.wav
input/NOISY/RLQNV008-N13.wav,input/CLEAN/RLQNV008-N13.wav
input/NOISY/RLQNV008-N14.wav,input/CLEAN/RLQNV008-N14.wav
input/NOISY/RLQNV008-N15.wav,input/CLEAN/RLQNV008-N15.wav
input/NOISY/RLQNV008-N16.wav,input/CLEAN/RLQNV008-N16.wav
input/NOISY/RLQNV008-N17.wav,input/CLEAN/RLQNV008-N17.wav
input/NOISY/RLQNV008-N18.wav,input/CLEAN/RLQNV008-N18.wav
input/NOISY/RLQNV008-N19.wav,input/CLEAN/RLQNV008-N19.wav
input/NOISY/RLQNV008-N20.wav,input/CLEAN/RLQNV008-N20.wav
input/NOISY/RLQNV008-N21.wav,input/CLEAN/RLQNV008-N21.wav
input/NOISY/RLQNV008-N22.wav,input/CLEAN/RLQNV008-N22.wav
input/NOISY/RLQNV008-N23.wav,input/CLEAN/RLQNV008-N23.wav
input/NOISY/RLQNV008-N24.wav,input/CLEAN/RLQNV008-N24.wav
input/NOISY/RLQNV008-N25.wav,input/CLEAN/RLQNV008-N25.wav
input/NOISY/RLQNV008-N26.wav,input/CLEAN/RLQNV008-N26.wav
input/NOISY/RLQNV008-N27.wav,input/CLEAN/RLQNV008-N27.wav
input/NOISY/RLQNV008-N28.wav,input/CLEAN/RLQNV008-N28.wav
input/NOISY/RLQNV008-N29.wav,input/CLEAN/RLQNV008-N29.wav
input/NOISY/RLQNV008-N30.wav,input/CLEAN/RLQNV008-N30.wav
input/NOISY/RLQNV008-N31.wav,input/CLEAN/RLQNV008-N31.wav
input/NOISY/RLQNV008-N32.wav,input/CLEAN/RLQNV008-N32.wav
input/NOISY/RLQNV008-N33.wav,input/CLEAN/RLQNV008-N33.wav
input/NOISY/RLQNV008-N34.wav,input/CLEAN/RLQNV008-N34.wav
input/NOISY/RLQNV008-N35.wav,input/CLEAN/RLQNV008-N35.wav
input/NOISY/RLQNV008-N36.wav,input/CLEAN/RLQNV008-N36.wav
input/NOISY/RLQNV008-N37.wav,input/CLEAN/RLQNV008-N37.wav
input/NOISY/RLQNV008-N38.wav,input/CLEAN/RLQNV008-N38.wav
input/NOISY/RLQNV008-N39.wav,input/CLEAN/RLQNV008-N39.wav
input/NOISY/RLQNV008-N40.wav,input/CLEAN/RLQNV008-N40.wav
input/NOISY/RLQNV008-N41.wav,input/CLEAN/RLQNV008-N41.wav
input/NOISY/RLQNV008-N42.wav,input/CLEAN/RLQNV008-N42.wav
input/NOISY/RLQNV008-N43.wav,input/CLEAN/RLQNV008-N43.wav
input/NOISY/RLQNV008-N44.wav,input/CLEAN/RLQNV008-N44.wav
input/NOISY/RLQNV008-N45.wav,input/CLEAN/RLQNV008-N45.wav
input/NOISY/RLQNV008-N46.wav,input/CLEAN/RLQNV008-N46.wav
input/NOISY/RLQNV008-N47.wav,input/CLEAN/RLQNV008-N47.wav
input/NOISY/RLQNV009-N01.wav,input/CLEAN/RLQNV009-N01.wav
input/NOISY/RLQNV009-N02.wav,input/CLEAN/RLQNV009-N02.wav
input/NOISY/RLQNV009-N03.wav,input/CLEAN/RLQNV009-N03.wav
input/NOISY/RLQNV009-N04.wav,input/CLEAN/RLQNV009-N04.wav
input/NOISY/RLQNV009-N05.wav,input/CLEAN/RLQNV009-N05.wav
input/NOISY/RLQNV009-N06.wav,input/CLEAN/RLQNV009-N06.wav
input/NOISY/RLQNV009-N07.wav,input/CLEAN/RLQNV009-N07.wav
input/NOISY/RLQNV009-N08.wav,input/CLEAN/RLQNV009-N08.wav
input/NOISY/RLQNV009-N09.wav,input/CLEAN/RLQNV009-N09.wav
input/NOISY/RLQNV009-N10.wav,input/CLEAN/RLQNV009-N10.wav
input/NOISY/RLQNV009-N11.wav,input/CLEAN/RLQNV009-N11.wav
input/NOISY/RLQNV009-N12.wav,input/CLEAN/RLQNV009-N12.wav
input/NOISY/RLQNV009-N13.wav,input/CLEAN/RLQNV009-N13.wav
input/NOISY/RLQNV009-N14.wav,input/CLEAN/RLQNV009-N14.wav
input/NOISY/RLQNV009-N15.wav,input/CLEAN/RLQNV009-N15.wav
input/NOISY/RLQNV009-N16.wav,input/CLEAN/RLQNV009-N16.wav
input/NOISY/RLQNV009-N17.wav,input/CLEAN/RLQNV009-N17.wav
input/NOISY/RLQNV009-N18.wav,input/CLEAN/RLQNV009-N18.wav
input/NOISY/RLQNV009-N19.wav,input/CLEAN/RLQNV009-N19.wav
input/NOISY/RLQNV009-N20.wav,input/CLEAN/RLQNV009-N20.wav
input/NOISY/RLQNV009-N21.wav,input/CLEAN/RLQNV009-N21.wav
input/NOISY/RLQNV009-N22.wav,input/CLEAN/RLQNV009-N22.wav
input/NOISY/RLQNV009-N23.wav,input/CLEAN/RLQNV009-N23.wav
input/NOISY/RLQNV009-N24.wav,input/CLEAN/RLQNV009-N24.wav
input/NOISY/RLQNV009-N25.wav,input/CLEAN/RLQNV009-N25.wav
input/NOISY/RLQNV009-N26.wav,input/CLEAN/RLQNV009-N26.wav
input/NOISY/RLQNV009-N27.wav,input/CLEAN/RLQNV009-N27.wav
input/NOISY/RLQNV009-N28.wav,input/CLEAN/RLQNV009-N28.wav
input/NOISY/RLQNV009-N29.wav,input/CLEAN/RLQNV009-N29.wav
input/NOISY/RLQNV009-N30.wav,input/CLEAN/RLQNV009-N30.wav
input/NOISY/RLQNV009-N31.wav,input/CLEAN/RLQNV009-N31.wav
input/NOISY/RLQNV009-N32.wav,input/CLEAN/RLQNV009-N32.wav
input/NOISY/RLQNV009-N33.wav,input/CLEAN/RLQNV009-N33.wav
input/NOISY/RLQNV009-N34.wav,input/CLEAN/RLQNV009-N34.wav
input/NOISY/RLQNV009-N35.wav,input/CLEAN/RLQNV009-N35.wav
input/NOISY/RLQNV009-N36.wav,input/CLEAN/RLQNV009-N36.wav
input/NOISY/RLQNV009-N37.wav,input/CLEAN/RLQNV009-N37.wav
input/NOISY/RLQNV009-N38.wav,input/CLEAN/RLQNV009-N38.wav
input/NOISY/RLQNV009-N39.wav,input/CLEAN/RLQNV009-N39.wav
input/NOISY/RLQNV009-N40.wav,input/CLEAN/RLQNV009-N40.wav
input/NOISY/RLQNV009-N41.wav,input/CLEAN/RLQNV009-N41.wav
input/NOISY/RLQNV009-N42.wav,input/CLEAN/RLQNV009-N42.wav
input/NOISY/RLQNV009-N43.wav,input/CLEAN/RLQNV009-N43.wav
input/NOISY/RLQNV009-N44.wav,input/CLEAN/RLQNV009-N44.wav
input/NOISY/RLQNV009-N45.wav,input/CLEAN/RLQNV009-N45.wav
input/NOISY/RLQNV009-N46.wav,input/CLEAN/RLQNV009-N46.wav
input/NOISY/RLQNV009-N47.wav,input/CLEAN/RLQNV009-N47.wav
input/NOISY/RLQNV010-N01.wav,input/CLEAN/RLQNV010-N01.wav
input/NOISY/RLQNV010-N02.wav,input/CLEAN/RLQNV010-N02.wav
input/NOISY/RLQNV010-N03.wav,input/CLEAN/RLQNV010-N03.wav
input/NOISY/RLQNV010-N04.wav,input/CLEAN/RLQNV010-N04.wav
input/NOISY/RLQNV010-N05.wav,input/CLEAN/RLQNV010-N05.wav
input/NOISY/RLQNV010-N06.wav,input/CLEAN/RLQNV010-N06.wav
input/NOISY/RLQNV010-N07.wav,input/CLEAN/RLQNV010-N07.wav
input/NOISY/RLQNV010-N08.wav,input/CLEAN/RLQNV010-N08.wav
input/NOISY/RLQNV010-N09.wav,input/CLEAN/RLQNV010-N09.wav
input/NOISY/RLQNV010-N10.wav,input/CLEAN/RLQNV010-N10.wav
input/NOISY/RLQNV010-N11.wav,input/CLEAN/RLQNV010-N11.wav
input/NOISY/RLQNV010-N12.wav,input/CLEAN/RLQNV010-N12.wav
input/NOISY/RLQNV010-N13.wav,input/CLEAN/RLQNV010-N13.wav
input/NOISY/RLQNV010-N14.wav,input/CLEAN/RLQNV010-N14.wav
input/NOISY/RLQNV010-N15.wav,input/CLEAN/RLQNV010-N15.wav
input/NOISY/RLQNV010-N16.wav,input/CLEAN/RLQNV010-N16.wav
input/NOISY/RLQNV010-N17.wav,input/CLEAN/RLQNV010-N17.wav
input/NOISY/RLQNV010-N18.wav,input/CLEAN/RLQNV010-N18.wav
input/NOISY/RLQNV010-N19.wav,input/CLEAN/RLQNV010-N19.wav
input/NOISY/RLQNV010-N20.wav,input/CLEAN/RLQNV010-N20.wav
input/NOISY/RLQNV010-N21.wav,input/CLEAN/RLQNV010-N21.wav
input/NOISY/RLQNV010-N22.wav,input/CLEAN/RLQNV010-N22.wav
input/NOISY/RLQNV010-N23.wav,input/CLEAN/RLQNV010-N23.wav
input/NOISY/RLQNV010-N24.wav,input/CLEAN/RLQNV010-N24.wav
input/NOISY/RLQNV010-N25.wav,input/CLEAN/RLQNV010-N25.wav
input/NOISY/RLQNV010-N26.wav,input/CLEAN/RLQNV010-N26.wav
input/NOISY/RLQNV010-N27.wav,input/CLEAN/RLQNV010-N27.wav
input/NOISY/RLQNV010-N28.wav,input/CLEAN/RLQNV010-N28.wav
input/NOISY/RLQNV010-N29.wav,input/CLEAN/RLQNV010-N29.wav
input/NOISY/RLQNV010-N30.wav,input/CLEAN/RLQNV010-N30.wav
input/NOISY/RLQNV010-N31.wav,input/CLEAN/RLQNV010-N31.wav
input/NOISY/RLQNV010-N32.wav,input/CLEAN/RLQNV010-N32.wav
input/NOISY/RLQNV010-N33.wav,input/CLEAN/RLQNV010-N33.wav
input/NOISY/RLQNV010-N34.wav,input/CLEAN/RLQNV010-N34.wav
input/NOISY/RLQNV010-N35.wav,input/CLEAN/RLQNV010-N35.wav
input/NOISY/RLQNV010-N36.wav,input/CLEAN/RLQNV010-N36.wav
input/NOISY/RLQNV010-N37.wav,input/CLEAN/RLQNV010-N37.wav
input/NOISY/RLQNV010-N38.wav,input/CLEAN/RLQNV010-N38.wav
input/NOISY/RLQNV010-N39.wav,input/CLEAN/RLQNV010-N39.wav
input/NOISY/RLQNV010-N40.wav,input/CLEAN/RLQNV010-N40.wav
input/NOISY/RLQNV010-N41.wav,input/CLEAN/RLQNV010-N41.wav
input/NOISY/RLQNV010-N42.wav,input/CLEAN/RLQNV010-N42.wav
input/NOISY/RLQNV010-N43.wav,input/CLEAN/RLQNV010-N43.wav
input/NOISY/RLQNV010-N44.wav,input/CLEAN/RLQNV010-N44.wav
input/NOISY/RLQNV010-N45.wav,input/CLEAN/RLQNV010-N45.wav
input/NOISY/RLQNV010-N46.wav,input/CLEAN/RLQNV010-N46.wav
input/NOISY/RLQNV010-N47.wav,input/CLEAN/RLQNV010-N47.wav
input/NOISY/RLQNV011-N01.wav,input/CLEAN/RLQNV011-N01.wav
input/NOISY/RLQNV011-N02.wav,input/CLEAN/RLQNV011-N02.wav
input/NOISY/RLQNV011-N03.wav,input/CLEAN/RLQNV011-N03.wav
input/NOISY/RLQNV011-N04.wav,input/CLEAN/RLQNV011-N04.wav
input/NOISY/RLQNV011-N05.wav,input/CLEAN/RLQNV011-N05.wav
input/NOISY/RLQNV011-N06.wav,input/CLEAN/RLQNV011-N06.wav
input/NOISY/RLQNV011-N07.wav,input/CLEAN/RLQNV011-N07.wav
input/NOISY/RLQNV011-N08.wav,input/CLEAN/RLQNV011-N08.wav
input/NOISY/RLQNV011-N09.wav,input/CLEAN/RLQNV011-N09.wav
input/NOISY/RLQNV011-N10.wav,input/CLEAN/RLQNV011-N10.wav
input/NOISY/RLQNV011-N11.wav,input/CLEAN/RLQNV011-N11.wav
input/NOISY/RLQNV011-N12.wav,input/CLEAN/RLQNV011-N12.wav
input/NOISY/RLQNV011-N13.wav,input/CLEAN/RLQNV011-N13.wav
input/NOISY/RLQNV011-N14.wav,input/CLEAN/RLQNV011-N14.wav
input/NOISY/RLQNV011-N15.wav,input/CLEAN/RLQNV011-N15.wav
input/NOISY/RLQNV011-N16.wav,input/CLEAN/RLQNV011-N16.wav
input/NOISY/RLQNV011-N17.wav,input/CLEAN/RLQNV011-N17.wav
input/NOISY/RLQNV011-N18.wav,input/CLEAN/RLQNV011-N18.wav
input/NOISY/RLQNV011-N19.wav,input/CLEAN/RLQNV011-N19.wav
input/NOISY/RLQNV011-N20.wav,input/CLEAN/RLQNV011-N20.wav
input/NOISY/RLQNV011-N21.wav,input/CLEAN/RLQNV011-N21.wav
input/NOISY/RLQNV011-N22.wav,input/CLEAN/RLQNV011-N22.wav
input/NOISY/RLQNV011-N23.wav,input/CLEAN/RLQNV011-N23.wav
input/NOISY/RLQNV011-N24.wav,input/CLEAN/RLQNV011-N24.wav
input/NOISY/RLQNV011-N25.wav,input/CLEAN/RLQNV011-N25.wav
input/NOISY/RLQNV011-N26.wav,input/CLEAN/RLQNV011-N26.wav
input/NOISY/RLQNV011-N27.wav,input/CLEAN/RLQNV011-N27.wav
input/NOISY/RLQNV011-N28.wav,input/CLEAN/RLQNV011-N28.wav
input/NOISY/RLQNV011-N29.wav,input/CLEAN/RLQNV011-N29.wav
input/NOISY/RLQNV011-N30.wav,input/CLEAN/RLQNV011-N30.wav
input/NOISY/RLQNV011-N31.wav,input/CLEAN/RLQNV011-N31.wav
input/NOISY/RLQNV011-N32.wav,input/CLEAN/RLQNV011-N32.wav
input/NOISY/RLQNV011-N33.wav,input/CLEAN/RLQNV011-N33.wav
input/NOISY/RLQNV011-N34.wav,input/CLEAN/RLQNV011-N34.wav
input/NOISY/RLQNV011-N35.wav,input/CLEAN/RLQNV011-N35.wav
input/NOISY/RLQNV011-N36.wav,input/CLEAN/RLQNV011-N36.wav
input/NOISY/RLQNV011-N37.wav,input/CLEAN/RLQNV011-N37.wav
input/NOISY/RLQNV011-N38.wav,input/CLEAN/RLQNV011-N38.wav
input/NOISY/RLQNV011-N39.wav,input/CLEAN/RLQNV011-N39.wav
input/NOISY/RLQNV011-N40.wav,input/CLEAN/RLQNV011-N40.wav
input/NOISY/RLQNV011-N41.wav,input/CLEAN/RLQNV011-N41.wav
input/NOISY/RLQNV011-N42.wav,input/CLEAN/RLQNV011-N42.wav
input/NOISY/RLQNV011-N43.wav,input/CLEAN/RLQNV011-N43.wav
input/NOISY/RLQNV011-N44.wav,input/CLEAN/RLQNV011-N44.wav
input/NOISY/RLQNV011-N45.wav,input/CLEAN/RLQNV011-N45.wav
input/NOISY/RLQNV011-N46.wav,input/CLEAN/RLQNV011-N46.wav
input/NOISY/RLQNV011-N47.wav,input/CLEAN/RLQNV011-N47.wav
input/NOISY/RLQNV012-N01.wav,input/CLEAN/RLQNV012-N01.wav
input/NOISY/RLQNV012-N02.wav,input/CLEAN/RLQNV012-N02.wav
input/NOISY/RLQNV012-N03.wav,input/CLEAN/RLQNV012-N03.wav
input/NOISY/RLQNV012-N04.wav,input/CLEAN/RLQNV012-N04.wav
input/NOISY/RLQNV012-N05.wav,input/CLEAN/RLQNV012-N05.wav
input/NOISY/RLQNV012-N06.wav,input/CLEAN/RLQNV012-N06.wav
input/NOISY/RLQNV012-N07.wav,input/CLEAN/RLQNV012-N07.wav
input/NOISY/RLQNV012-N08.wav,input/CLEAN/RLQNV012-N08.wav
input/NOISY/RLQNV012-N09.wav,input/CLEAN/RLQNV012-N09.wav
input/NOISY/RLQNV012-N10.wav,input/CLEAN/RLQNV012-N10.wav
input/NOISY/RLQNV012-N11.wav,input/CLEAN/RLQNV012-N11.wav
input/NOISY/RLQNV012-N12.wav,input/CLEAN/RLQNV012-N12.wav
input/NOISY/RLQNV012-N13.wav,input/CLEAN/RLQNV012-N13.wav
input/NOISY/RLQNV012-N14.wav,input/CLEAN/RLQNV012-N14.wav
input/NOISY/RLQNV012-N15.wav,input/CLEAN/RLQNV012-N15.wav
input/NOISY/RLQNV012-N16.wav,input/CLEAN/RLQNV012-N16.wav
input/NOISY/RLQNV012-N17.wav,input/CLEAN/RLQNV012-N17.wav
input/NOISY/RLQNV012-N18.wav,input/CLEAN/RLQNV012-N18.wav
input/NOISY/RLQNV012-N19.wav,input/CLEAN/RLQNV012-N19.wav
input/NOISY/RLQNV012-N20.wav,input/CLEAN/RLQNV012-N20.wav
input/NOISY/RLQNV012-N21.wav,input/CLEAN/RLQNV012-N21.wav
input/NOISY/RLQNV012-N22.wav,input/CLEAN/RLQNV012-N22.wav
input/NOISY/RLQNV012-N23.wav,input/CLEAN/RLQNV012-N23.wav
input/NOISY/RLQNV012-N24.wav,input/CLEAN/RLQNV012-N24.wav
input/NOISY/RLQNV012-N25.wav,input/CLEAN/RLQNV012-N25.wav
input/NOISY/RLQNV012-N26.wav,input/CLEAN/RLQNV012-N26.wav
input/NOISY/RLQNV012-N27.wav,input/CLEAN/RLQNV012-N27.wav
input/NOISY/RLQNV012-N28.wav,input/CLEAN/RLQNV012-N28.wav
input/NOISY/RLQNV012-N29.wav,input/CLEAN/RLQNV012-N29.wav
input/NOISY/RLQNV012-N30.wav,input/CLEAN/RLQNV012-N30.wav
input/NOISY/RLQNV012-N31.wav,input/CLEAN/RLQNV012-N31.wav
input/NOISY/RLQNV012-N32.wav,input/CLEAN/RLQNV012-N32.wav
input/NOISY/RLQNV012-N33.wav,input/CLEAN/RLQNV012-N33.wav
input/NOISY/RLQNV012-N34.wav,input/CLEAN/RLQNV012-N34.wav
input/NOISY/RLQNV012-N35.wav,input/CLEAN/RLQNV012-N35.wav
input/NOISY/RLQNV012-N36.wav,input/CLEAN/RLQNV012-N36.wav
input/NOISY/RLQNV012-N37.wav,input/CLEAN/RLQNV012-N37.wav
input/NOISY/RLQNV012-N38.wav,input/CLEAN/RLQNV012-N38.wav
input/NOISY/RLQNV012-N39.wav,input/CLEAN/RLQNV012-N39.wav
input/NOISY/RLQNV012-N40.wav,input/CLEAN/RLQNV012-N40.wav
input/NOISY/RLQNV012-N41.wav,input/CLEAN/RLQNV012-N41.wav
input/NOISY/RLQNV012-N42.wav,input/CLEAN/RLQNV012-N42.wav
input/NOISY/RLQNV012-N43.wav,input/CLEAN/RLQNV012-N43.wav
input/NOISY/RLQNV012-N44.wav,input/CLEAN/RLQNV012-N44.wav
input/NOISY/RLQNV012-N45.wav,input/CLEAN/RLQNV012-N45.wav
input/NOISY/RLQNV012-N46.wav,input/CLEAN/RLQNV012-N46.wav
input/NOISY/RLQNV012-N47.wav,input/CLEAN/RLQNV012-N47.wav
input/NOISY/RLQNV013-N01.wav,input/CLEAN/RLQNV013-N01.wav
input/NOISY/RLQNV013-N02.wav,input/CLEAN/RLQNV013-N02.wav
input/NOISY/RLQNV013-N03.wav,input/CLEAN/RLQNV013-N03.wav
input/NOISY/RLQNV013-N04.wav,input/CLEAN/RLQNV013-N04.wav
input/NOISY/RLQNV013-N05.wav,input/CLEAN/RLQNV013-N05.wav
input/NOISY/RLQNV013-N06.wav,input/CLEAN/RLQNV013-N06.wav
input/NOISY/RLQNV013-N07.wav,input/CLEAN/RLQNV013-N07.wav
input/NOISY/RLQNV013-N08.wav,input/CLEAN/RLQNV013-N08.wav
input/NOISY/RLQNV013-N09.wav,input/CLEAN/RLQNV013-N09.wav
input/NOISY/RLQNV013-N10.wav,input/CLEAN/RLQNV013-N10.wav
input/NOISY/RLQNV013-N11.wav,input/CLEAN/RLQNV013-N11.wav
input/NOISY/RLQNV013-N12.wav,input/CLEAN/RLQNV013-N12.wav
input/NOISY/RLQNV013-N13.wav,input/CLEAN/RLQNV013-N13.wav
input/NOISY/RLQNV013-N14.wav,input/CLEAN/RLQNV013-N14.wav
input/NOISY/RLQNV013-N15.wav,input/CLEAN/RLQNV013-N15.wav
input/NOISY/RLQNV013-N16.wav,input/CLEAN/RLQNV013-N16.wav
input/NOISY/RLQNV013-N17.wav,input/CLEAN/RLQNV013-N17.wav
input/NOISY/RLQNV013-N18.wav,input/CLEAN/RLQNV013-N18.wav
input/NOISY/RLQNV013-N19.wav,input/CLEAN/RLQNV013-N19.wav
input/NOISY/RLQNV013-N20.wav,input/CLEAN/RLQNV013-N20.wav
input/NOISY/RLQNV013-N21.wav,input/CLEAN/RLQNV013-N21.wav
input/NOISY/RLQNV013-N22.wav,input/CLEAN/RLQNV013-N22.wav
input/NOISY/RLQNV013-N23.wav,input/CLEAN/RLQNV013-N23.wav
input/NOISY/RLQNV013-N24.wav,input/CLEAN/RLQNV013-N24.wav
input/NOISY/RLQNV013-N25.wav,input/CLEAN/RLQNV013-N25.wav
input/NOISY/RLQNV013-N26.wav,input/CLEAN/RLQNV013-N26.wav
input/NOISY/RLQNV013-N27.wav,input/CLEAN/RLQNV013-N27.wav
input/NOISY/RLQNV013-N28.wav,input/CLEAN/RLQNV013-N28.wav
input/NOISY/RLQNV013-N29.wav,input/CLEAN/RLQNV013-N29.wav
input/NOISY/RLQNV013-N30.wav,input/CLEAN/RLQNV013-N30.wav
input/NOISY/RLQNV013-N31.wav,input/CLEAN/RLQNV013-N31.wav
input/NOISY/RLQNV013-N32.wav,input/CLEAN/RLQNV013-N32.wav
input/NOISY/RLQNV013-N33.wav,input/CLEAN/RLQNV013-N33.wav
input/NOISY/RLQNV013-N34.wav,input/CLEAN/RLQNV013-N34.wav
input/NOISY/RLQNV013-N35.wav,input/CLEAN/RLQNV013-N35.wav
input/NOISY/RLQNV013-N36.wav,input/CLEAN/RLQNV013-N36.wav
input/NOISY/RLQNV013-N37.wav,input/CLEAN/RLQNV013-N37.wav
input/NOISY/RLQNV013-N38.wav,input/CLEAN/RLQNV013-N38.wav
input/NOISY/RLQNV013-N39.wav,input/CLEAN/RLQNV013-N39.wav
input/NOISY/RLQNV013-N40.wav,input/CLEAN/RLQNV013-N40.wav
input/NOISY/RLQNV013-N41.wav,input/CLEAN/RLQNV013-N41.wav
input/NOISY/RLQNV013-N42.wav,input/CLEAN/RLQNV013-N42.wav
input/NOISY/RLQNV013-N43.wav,input/CLEAN/RLQNV013-N43.wav
input/NOISY/RLQNV013-N44.wav,input/CLEAN/RLQNV013-N44.wav
input/NOISY/RLQNV013-N45.wav,input/CLEAN/RLQNV013-N45.wav
input/NOISY/RLQNV013-N46.wav,input/CLEAN/RLQNV013-N46.wav
input/NOISY/RLQNV013-N47.wav,input/CLEAN/RLQNV013-N47.wav
input/NOISY/RLQNV014-N01.wav,input/CLEAN/RLQNV014-N01.wav
input/NOISY/RLQNV014-N02.wav,input/CLEAN/RLQNV014-N02.wav
input/NOISY/RLQNV014-N03.wav,input/CLEAN/RLQNV014-N03.wav
input/NOISY/RLQNV014-N04.wav,input/CLEAN/RLQNV014-N04.wav
input/NOISY/RLQNV014-N05.wav,input/CLEAN/RLQNV014-N05.wav
input/NOISY/RLQNV014-N06.wav,input/CLEAN/RLQNV014-N06.wav
input/NOISY/RLQNV014-N07.wav,input/CLEAN/RLQNV014-N07.wav
input/NOISY/RLQNV014-N08.wav,input/CLEAN/RLQNV014-N08.wav
input/NOISY/RLQNV014-N09.wav,input/CLEAN/RLQNV014-N09.wav
input/NOISY/RLQNV014-N10.wav,input/CLEAN/RLQNV014-N10.wav
input/NOISY/RLQNV014-N11.wav,input/CLEAN/RLQNV014-N11.wav
input/NOISY/RLQNV014-N12.wav,input/CLEAN/RLQNV014-N12.wav
input/NOISY/RLQNV014-N13.wav,input/CLEAN/RLQNV014-N13.wav
input/NOISY/RLQNV014-N14.wav,input/CLEAN/RLQNV014-N14.wav
input/NOISY/RLQNV014-N15.wav,input/CLEAN/RLQNV014-N15.wav
input/NOISY/RLQNV014-N16.wav,input/CLEAN/RLQNV014-N16.wav
input/NOISY/RLQNV014-N17.wav,input/CLEAN/RLQNV014-N17.wav
input/NOISY/RLQNV014-N18.wav,input/CLEAN/RLQNV014-N18.wav
input/NOISY/RLQNV014-N19.wav,input/CLEAN/RLQNV014-N19.wav
input/NOISY/RLQNV014-N20.wav,input/CLEAN/RLQNV014-N20.wav
input/NOISY/RLQNV014-N21.wav,input/CLEAN/RLQNV014-N21.wav
input/NOISY/RLQNV014-N22.wav,input/CLEAN/RLQNV014-N22.wav
input/NOISY/RLQNV014-N23.wav,input/CLEAN/RLQNV014-N23.wav
input/NOISY/RLQNV014-N24.wav,input/CLEAN/RLQNV014-N24.wav
input/NOISY/RLQNV014-N25.wav,input/CLEAN/RLQNV014-N25.wav
input/NOISY/RLQNV014-N26.wav,input/CLEAN/RLQNV014-N26.wav
input/NOISY/RLQNV014-N27.wav,input/CLEAN/RLQNV014-N27.wav
input/NOISY/RLQNV014-N28.wav,input/CLEAN/RLQNV014-N28.wav
input/NOISY/RLQNV014-N29.wav,input/CLEAN/RLQNV014-N29.wav
input/NOISY/RLQNV014-N30.wav,input/CLEAN/RLQNV014-N30.wav
input/NOISY/RLQNV014-N31.wav,input/CLEAN/RLQNV014-N31.wav
input/NOISY/RLQNV014-N32.wav,input/CLEAN/RLQNV014-N32.wav
input/NOISY/RLQNV014-N33.wav,input/CLEAN/RLQNV014-N33.wav
input/NOISY/RLQNV014-N34.wav,input/CLEAN/RLQNV014-N34.wav
input/NOISY/RLQNV014-N35.wav,input/CLEAN/RLQNV014-N35.wav
input/NOISY/RLQNV014-N36.wav,input/CLEAN/RLQNV014-N36.wav
input/NOISY/RLQNV014-N37.wav,input/CLEAN/RLQNV014-N37.wav
input/NOISY/RLQNV014-N38.wav,input/CLEAN/RLQNV014-N38.wav
input/NOISY/RLQNV014-N39.wav,input/CLEAN/RLQNV014-N39.wav
input/NOISY/RLQNV014-N40.wav,input/CLEAN/RLQNV014-N40.wav
input/NOISY/RLQNV014-N41.wav,input/CLEAN/RLQNV014-N41.wav
input/NOISY/RLQNV014-N42.wav,input/CLEAN/RLQNV014-N42.wav
input/NOISY/RLQNV014-N43.wav,input/CLEAN/RLQNV014-N43.wav
input/NOISY/RLQNV014-N44.wav,input/CLEAN/RLQNV014-N44.wav
input/NOISY/RLQNV014-N45.wav,input/CLEAN/RLQNV014-N45.wav
input/NOISY/RLQNV014-N46.wav,input/CLEAN/RLQNV014-N46.wav
input/NOISY/RLQNV014-N47.wav,input/CLEAN/RLQNV014-N47.wav
input/NOISY/RLQNV015-N01.wav,input/CLEAN/RLQNV015-N01.wav
input/NOISY/RLQNV015-N02.wav,input/CLEAN/RLQNV015-N02.wav
input/NOISY/RLQNV015-N03.wav,input/CLEAN/RLQNV015-N03.wav
input/NOISY/RLQNV015-N04.wav,input/CLEAN/RLQNV015-N04.wav
input/NOISY/RLQNV015-N05.wav,input/CLEAN/RLQNV015-N05.wav
input/NOISY/RLQNV015-N06.wav,input/CLEAN/RLQNV015-N06.wav
input/NOISY/RLQNV015-N07.wav,input/CLEAN/RLQNV015-N07.wav
input/NOISY/RLQNV015-N08.wav,input/CLEAN/RLQNV015-N08.wav
input/NOISY/RLQNV015-N09.wav,input/CLEAN/RLQNV015-N09.wav
input/NOISY/RLQNV015-N10.wav,input/CLEAN/RLQNV015-N10.wav
input/NOISY/RLQNV015-N11.wav,input/CLEAN/RLQNV015-N11.wav
input/NOISY/RLQNV015-N12.wav,input/CLEAN/RLQNV015-N12.wav
input/NOISY/RLQNV015-N13.wav,input/CLEAN/RLQNV015-N13.wav
input/NOISY/RLQNV015-N14.wav,input/CLEAN/RLQNV015-N14.wav
input/NOISY/RLQNV015-N15.wav,input/CLEAN/RLQNV015-N15.wav
input/NOISY/RLQNV015-N16.wav,input/CLEAN/RLQNV015-N16.wav
input/NOISY/RLQNV015-N17.wav,input/CLEAN/RLQNV015-N17.wav
input/NOISY/RLQNV015-N18.wav,input/CLEAN/RLQNV015-N18.wav
input/NOISY/RLQNV015-N19.wav,input/CLEAN/RLQNV015-N19.wav
input/NOISY/RLQNV015-N20.wav,input/CLEAN/RLQNV015-N20.wav
input/NOISY/RLQNV015-N21.wav,input/CLEAN/RLQNV015-N21.wav
input/NOISY/RLQNV015-N22.wav,input/CLEAN/RLQNV015-N22.wav
input/NOISY/RLQNV015-N23.wav,input/CLEAN/RLQNV015-N23.wav
input/NOISY/RLQNV015-N24.wav,input/CLEAN/RLQNV015-N24.wav
input/NOISY/RLQNV015-N25.wav,input/CLEAN/RLQNV015-N25.wav
input/NOISY/RLQNV015-N26.wav,input/CLEAN/RLQNV015-N26.wav
input/NOISY/RLQNV015-N27.wav,input/CLEAN/RLQNV015-N27.wav
input/NOISY/RLQNV015-N28.wav,input/CLEAN/RLQNV015-N28.wav
input/NOISY/RLQNV015-N29.wav,input/CLEAN/RLQNV015-N29.wav
input/NOISY/RLQNV015-N30.wav,input/CLEAN/RLQNV015-N30.wav
input/NOISY/RLQNV015-N31.wav,input/CLEAN/RLQNV015-N31.wav
input/NOISY/RLQNV015-N32.wav,input/CLEAN/RLQNV015-N32.wav
input/NOISY/RLQNV015-N33.wav,input/CLEAN/RLQNV015-N33.wav
input/NOISY/RLQNV015-N34.wav,input/CLEAN/RLQNV015-N34.wav
input/NOISY/RLQNV015-N35.wav,input/CLEAN/RLQNV015-N35.wav
input/NOISY/RLQNV015-N36.wav,input/CLEAN/RLQNV015-N36.wav
input/NOISY/RLQNV015-N37.wav,input/CLEAN/RLQNV015-N37.wav
input/NOISY/RLQNV015-N38.wav,input/CLEAN/RLQNV015-N38.wav
input/NOISY/RLQNV015-N39.wav,input/CLEAN/RLQNV015-N39.wav
input/NOISY/RLQNV015-N40.wav,input/CLEAN/RLQNV015-N40.wav
input/NOISY/RLQNV015-N41.wav,input/CLEAN/RLQNV015-N41.wav
input/NOISY/RLQNV015-N42.wav,input/CLEAN/RLQNV015-N42.wav
input/NOISY/RLQNV015-N43.wav,input/CLEAN/RLQNV015-N43.wav
input/NOISY/RLQNV015-N44.wav,input/CLEAN/RLQNV015-N44.wav
input/NOISY/RLQNV015-N45.wav,input/CLEAN/RLQNV015-N45.wav
input/NOISY/RLQNV015-N46.wav,input/CLEAN/RLQNV015-N46.wav
input/NOISY/RLQNV015-N47.wav,input/CLEAN/RLQNV015-N47.wav
input/NOISY/RLQNV016-N01.wav,input/CLEAN/RLQNV016-N01.wav
input/NOISY/RLQNV016-N02.wav,input/CLEAN/RLQNV016-N02.wav
input/NOISY/RLQNV016-N03.wav,input/CLEAN/RLQNV016-N03.wav
input/NOISY/RLQNV016-N04.wav,input/CLEAN/RLQNV016-N04.wav
input/NOISY/RLQNV016-N05.wav,input/CLEAN/RLQNV016-N05.wav
input/NOISY/RLQNV016-N06.wav,input/CLEAN/RLQNV016-N06.wav
input/NOISY/RLQNV016-N07.wav,input/CLEAN/RLQNV016-N07.wav
input/NOISY/RLQNV016-N08.wav,input/CLEAN/RLQNV016-N08.wav
input/NOISY/RLQNV016-N09.wav,input/CLEAN/RLQNV016-N09.wav
input/NOISY/RLQNV016-N10.wav,input/CLEAN/RLQNV016-N10.wav
input/NOISY/RLQNV016-N11.wav,input/CLEAN/RLQNV016-N11.wav
input/NOISY/RLQNV016-N12.wav,input/CLEAN/RLQNV016-N12.wav
input/NOISY/RLQNV016-N13.wav,input/CLEAN/RLQNV016-N13.wav
input/NOISY/RLQNV016-N14.wav,input/CLEAN/RLQNV016-N14.wav
input/NOISY/RLQNV016-N15.wav,input/CLEAN/RLQNV016-N15.wav
input/NOISY/RLQNV016-N16.wav,input/CLEAN/RLQNV016-N16.wav
input/NOISY/RLQNV016-N17.wav,input/CLEAN/RLQNV016-N17.wav
input/NOISY/RLQNV016-N18.wav,input/CLEAN/RLQNV016-N18.wav
input/NOISY/RLQNV016-N19.wav,input/CLEAN/RLQNV016-N19.wav
input/NOISY/RLQNV016-N20.wav,input/CLEAN/RLQNV016-N20.wav
input/NOISY/RLQNV016-N21.wav,input/CLEAN/RLQNV016-N21.wav
input/NOISY/RLQNV016-N22.wav,input/CLEAN/RLQNV016-N22.wav
input/NOISY/RLQNV016-N23.wav,input/CLEAN/RLQNV016-N23.wav
input/NOISY/RLQNV016-N24.wav,input/CLEAN/RLQNV016-N24.wav
input/NOISY/RLQNV016-N25.wav,input/CLEAN/RLQNV016-N25.wav
input/NOISY/RLQNV016-N26.wav,input/CLEAN/RLQNV016-N26.wav
input/NOISY/RLQNV016-N27.wav,input/CLEAN/RLQNV016-N27.wav
input/NOISY/RLQNV016-N28.wav,input/CLEAN/RLQNV016-N28.wav
input/NOISY/RLQNV016-N29.wav,input/CLEAN/RLQNV016-N29.wav
input/NOISY/RLQNV016-N30.wav,input/CLEAN/RLQNV016-N30.wav
input/NOISY/RLQNV016-N31.wav,input/CLEAN/RLQNV016-N31.wav
input/NOISY/RLQNV016-N32.wav,input/CLEAN/RLQNV016-N32.wav
input/NOISY/RLQNV016-N33.wav,input/CLEAN/RLQNV016-N33.wav
input/NOISY/RLQNV016-N34.wav,input/CLEAN/RLQNV016-N34.wav
input/NOISY/RLQNV016-N35.wav,input/CLEAN/RLQNV016-N35.wav
input/NOISY/RLQNV016-N36.wav,input/CLEAN/RLQNV016-N36.wav
input/NOISY/RLQNV016-N37.wav,input/CLEAN/RLQNV016-N37.wav
input/NOISY/RLQNV016-N38.wav,input/CLEAN/RLQNV016-N38.wav
input/NOISY/RLQNV016-N39.wav,input/CLEAN/RLQNV016-N39.wav
input/NOISY/RLQNV016-N40.wav,input/CLEAN/RLQNV016-N40.wav
input/NOISY/RLQNV016-N41.wav,input/CLEAN/RLQNV016-N41.wav
input/NOISY/RLQNV016-N42.wav,input/CLEAN/RLQNV016-N42.wav
input/NOISY/RLQNV016-N43.wav,input/CLEAN/RLQNV016-N43.wav
input/NOISY/RLQNV016-N44.wav,input/CLEAN/RLQNV016-N44.wav
input/NOISY/RLQNV016-N45.wav,input/CLEAN/RLQNV016-N45.wav
input/NOISY/RLQNV016-N46.wav,input/CLEAN/RLQNV016-N46.wav
input/NOISY/RLQNV016-N47.wav,input/CLEAN/RLQNV016-N47.wav
input/NOISY/RLQNV017-N01.wav,input/CLEAN/RLQNV017-N01.wav
input/NOISY/RLQNV017-N02.wav,input/CLEAN/RLQNV017-N02.wav
input/NOISY/RLQNV017-N03.wav,input/CLEAN/RLQNV017-N03.wav
input/NOISY/RLQNV017-N04.wav,input/CLEAN/RLQNV017-N04.wav
input/NOISY/RLQNV017-N05.wav,input/CLEAN/RLQNV017-N05.wav
input/NOISY/RLQNV017-N06.wav,input/CLEAN/RLQNV017-N06.wav
input/NOISY/RLQNV017-N07.wav,input/CLEAN/RLQNV017-N07.wav
input/NOISY/RLQNV017-N08.wav,input/CLEAN/RLQNV017-N08.wav
input/NOISY/RLQNV017-N09.wav,input/CLEAN/RLQNV017-N09.wav
input/NOISY/RLQNV017-N10.wav,input/CLEAN/RLQNV017-N10.wav
input/NOISY/RLQNV017-N11.wav,input/CLEAN/RLQNV017-N11.wav
input/NOISY/RLQNV017-N12.wav,input/CLEAN/RLQNV017-N12.wav
input/NOISY/RLQNV017-N13.wav,input/CLEAN/RLQNV017-N13.wav
input/NOISY/RLQNV017-N14.wav,input/CLEAN/RLQNV017-N14.wav
input/NOISY/RLQNV017-N15.wav,input/CLEAN/RLQNV017-N15.wav
input/NOISY/RLQNV017-N16.wav,input/CLEAN/RLQNV017-N16.wav
input/NOISY/RLQNV017-N17.wav,input/CLEAN/RLQNV017-N17.wav
input/NOISY/RLQNV017-N18.wav,input/CLEAN/RLQNV017-N18.wav
input/NOISY/RLQNV017-N19.wav,input/CLEAN/RLQNV017-N19.wav
input/NOISY/RLQNV017-N20.wav,input/CLEAN/RLQNV017-N20.wav
input/NOISY/RLQNV017-N21.wav,input/CLEAN/RLQNV017-N21.wav
input/NOISY/RLQNV017-N22.wav,input/CLEAN/RLQNV017-N22.wav
input/NOISY/RLQNV017-N23.wav,input/CLEAN/RLQNV017-N23.wav
input/NOISY/RLQNV017-N24.wav,input/CLEAN/RLQNV017-N24.wav
input/NOISY/RLQNV017-N25.wav,input/CLEAN/RLQNV017-N25.wav
input/NOISY/RLQNV017-N26.wav,input/CLEAN/RLQNV017-N26.wav
input/NOISY/RLQNV017-N27.wav,input/CLEAN/RLQNV017-N27.wav
input/NOISY/RLQNV017-N28.wav,input/CLEAN/RLQNV017-N28.wav
input/NOISY/RLQNV017-N29.wav,input/CLEAN/RLQNV017-N29.wav
input/NOISY/RLQNV017-N30.wav,input/CLEAN/RLQNV017-N30.wav
input/NOISY/RLQNV017-N31.wav,input/CLEAN/RLQNV017-N31.wav
input/NOISY/RLQNV017-N32.wav,input/CLEAN/RLQNV017-N32.wav
input/NOISY/RLQNV017-N33.wav,input/CLEAN/RLQNV017-N33.wav
input/NOISY/RLQNV017-N34.wav,input/CLEAN/RLQNV017-N34.wav
input/NOISY/RLQNV017-N35.wav,input/CLEAN/RLQNV017-N35.wav
input/NOISY/RLQNV017-N36.wav,input/CLEAN/RLQNV017-N36.wav
input/NOISY/RLQNV017-N37.wav,input/CLEAN/RLQNV017-N37.wav
input/NOISY/RLQNV017-N38.wav,input/CLEAN/RLQNV017-N38.wav
input/NOISY/RLQNV017-N39.wav,input/CLEAN/RLQNV017-N39.wav
input/NOISY/RLQNV017-N40.wav,input/CLEAN/RLQNV017-N40.wav
input/NOISY/RLQNV017-N41.wav,input/CLEAN/RLQNV017-N41.wav
input/NOISY/RLQNV017-N42.wav,input/CLEAN/RLQNV017-N42.wav
input/NOISY/RLQNV017-N43.wav,input/CLEAN/RLQNV017-N43.wav
input/NOISY/RLQNV017-N44.wav,input/CLEAN/RLQNV017-N44.wav
input/NOISY/RLQNV017-N45.wav,input/CLEAN/RLQNV017-N45.wav
input/NOISY/RLQNV017-N46.wav,input/CLEAN/RLQNV017-N46.wav
input/NOISY/RLQNV017-N47.wav,input/CLEAN/RLQNV017-N47.wav
input/NOISY/RLQNV018-N01.wav,input/CLEAN/RLQNV018-N01.wav
input/NOISY/RLQNV018-N02.wav,input/CLEAN/RLQNV018-N02.wav
input/NOISY/RLQNV018-N03.wav,input/CLEAN/RLQNV018-N03.wav
input/NOISY/RLQNV018-N04.wav,input/CLEAN/RLQNV018-N04.wav
input/NOISY/RLQNV018-N05.wav,input/CLEAN/RLQNV018-N05.wav
input/NOISY/RLQNV018-N06.wav,input/CLEAN/RLQNV018-N06.wav
input/NOISY/RLQNV018-N07.wav,input/CLEAN/RLQNV018-N07.wav
input/NOISY/RLQNV018-N08.wav,input/CLEAN/RLQNV018-N08.wav
input/NOISY/RLQNV018-N09.wav,input/CLEAN/RLQNV018-N09.wav
input/NOISY/RLQNV018-N10.wav,input/CLEAN/RLQNV018-N10.wav
input/NOISY/RLQNV018-N11.wav,input/CLEAN/RLQNV018-N11.wav
input/NOISY/RLQNV018-N12.wav,input/CLEAN/RLQNV018-N12.wav
input/NOISY/RLQNV018-N13.wav,input/CLEAN/RLQNV018-N13.wav
input/NOISY/RLQNV018-N14.wav,input/CLEAN/RLQNV018-N14.wav
input/NOISY/RLQNV018-N15.wav,input/CLEAN/RLQNV018-N15.wav
input/NOISY/RLQNV018-N16.wav,input/CLEAN/RLQNV018-N16.wav
input/NOISY/RLQNV018-N17.wav,input/CLEAN/RLQNV018-N17.wav
input/NOISY/RLQNV018-N18.wav,input/CLEAN/RLQNV018-N18.wav
input/NOISY/RLQNV018-N19.wav,input/CLEAN/RLQNV018-N19.wav
input/NOISY/RLQNV018-N20.wav,input/CLEAN/RLQNV018-N20.wav
input/NOISY/RLQNV018-N21.wav,input/CLEAN/RLQNV018-N21.wav
input/NOISY/RLQNV018-N22.wav,input/CLEAN/RLQNV018-N22.wav
input/NOISY/RLQNV018-N23.wav,input/CLEAN/RLQNV018-N23.wav
input/NOISY/RLQNV018-N24.wav,input/CLEAN/RLQNV018-N24.wav
input/NOISY/RLQNV018-N25.wav,input/CLEAN/RLQNV018-N25.wav
input/NOISY/RLQNV018-N26.wav,input/CLEAN/RLQNV018-N26.wav
input/NOISY/RLQNV018-N27.wav,input/CLEAN/RLQNV018-N27.wav
input/NOISY/RLQNV018-N28.wav,input/CLEAN/RLQNV018-N28.wav
input/NOISY/RLQNV018-N29.wav,input/CLEAN/RLQNV018-N29.wav
input/NOISY/RLQNV018-N30.wav,input/CLEAN/RLQNV018-N30.wav
input/NOISY/RLQNV018-N31.wav,input/CLEAN/RLQNV018-N31.wav
input/NOISY/RLQNV018-N32.wav,input/CLEAN/RLQNV018-N32.wav
input/NOISY/RLQNV018-N33.wav,input/CLEAN/RLQNV018-N33.wav
input/NOISY/RLQNV018-N34.wav,input/CLEAN/RLQNV018-N34.wav
input/NOISY/RLQNV018-N35.wav,input/CLEAN/RLQNV018-N35.wav
input/NOISY/RLQNV018-N36.wav,input/CLEAN/RLQNV018-N36.wav
input/NOISY/RLQNV018-N37.wav,input/CLEAN/RLQNV018-N37.wav
input/NOISY/RLQNV018-N38.wav,input/CLEAN/RLQNV018-N38.wav
input/NOISY/RLQNV018-N39.wav,input/CLEAN/RLQNV018-N39.wav
input/NOISY/RLQNV018-N40.wav,input/CLEAN/RLQNV018-N40.wav
input/NOISY/RLQNV018-N41.wav,input/CLEAN/RLQNV018-N41.wav
input/NOISY/RLQNV018-N42.wav,input/CLEAN/RLQNV018-N42.wav
input/NOISY/RLQNV018-N43.wav,input/CLEAN/RLQNV018-N43.wav
input/NOISY/RLQNV018-N44.wav,input/CLEAN/RLQNV018-N44.wav
input/NOISY/RLQNV018-N45.wav,input/CLEAN/RLQNV018-N45.wav
input/NOISY/RLQNV018-N46.wav,input/CLEAN/RLQNV018-N46.wav
input/NOISY/RLQNV018-N47.wav,input/CLEAN/RLQNV018-N47.wav
input/NOISY/RLQNV019-N01.wav,input/CLEAN/RLQNV019-N01.wav
input/NOISY/RLQNV019-N02.wav,input/CLEAN/RLQNV019-N02.wav
input/NOISY/RLQNV019-N03.wav,input/CLEAN/RLQNV019-N03.wav
input/NOISY/RLQNV019-N04.wav,input/CLEAN/RLQNV019-N04.wav
input/NOISY/RLQNV019-N05.wav,input/CLEAN/RLQNV019-N05.wav
input/NOISY/RLQNV019-N06.wav,input/CLEAN/RLQNV019-N06.wav
input/NOISY/RLQNV019-N07.wav,input/CLEAN/RLQNV019-N07.wav
input/NOISY/RLQNV019-N08.wav,input/CLEAN/RLQNV019-N08.wav
input/NOISY/RLQNV019-N09.wav,input/CLEAN/RLQNV019-N09.wav
input/NOISY/RLQNV019-N10.wav,input/CLEAN/RLQNV019-N10.wav
input/NOISY/RLQNV019-N11.wav,input/CLEAN/RLQNV019-N11.wav
input/NOISY/RLQNV019-N12.wav,input/CLEAN/RLQNV019-N12.wav
input/NOISY/RLQNV019-N13.wav,input/CLEAN/RLQNV019-N13.wav
input/NOISY/RLQNV019-N14.wav,input/CLEAN/RLQNV019-N14.wav
input/NOISY/RLQNV019-N15.wav,input/CLEAN/RLQNV019-N15.wav
input/NOISY/RLQNV019-N16.wav,input/CLEAN/RLQNV019-N16.wav
input/NOISY/RLQNV019-N17.wav,input/CLEAN/RLQNV019-N17.wav
input/NOISY/RLQNV019-N18.wav,input/CLEAN/RLQNV019-N18.wav
input/NOISY/RLQNV019-N19.wav,input/CLEAN/RLQNV019-N19.wav
input/NOISY/RLQNV019-N20.wav,input/CLEAN/RLQNV019-N20.wav
input/NOISY/RLQNV019-N21.wav,input/CLEAN/RLQNV019-N21.wav
input/NOISY/RLQNV019-N22.wav,input/CLEAN/RLQNV019-N22.wav
input/NOISY/RLQNV019-N23.wav,input/CLEAN/RLQNV019-N23.wav
input/NOISY/RLQNV019-N24.wav,input/CLEAN/RLQNV019-N24.wav
input/NOISY/RLQNV019-N25.wav,input/CLEAN/RLQNV019-N25.wav
input/NOISY/RLQNV019-N26.wav,input/CLEAN/RLQNV019-N26.wav
input/NOISY/RLQNV019-N27.wav,input/CLEAN/RLQNV019-N27.wav
input/NOISY/RLQNV019-N28.wav,input/CLEAN/RLQNV019-N28.wav
input/NOISY/RLQNV019-N29.wav,input/CLEAN/RLQNV019-N29.wav
input/NOISY/RLQNV019-N30.wav,input/CLEAN/RLQNV019-N30.wav
input/NOISY/RLQNV019-N31.wav,input/CLEAN/RLQNV019-N31.wav
input/NOISY/RLQNV019-N32.wav,input/CLEAN/RLQNV019-N32.wav
input/NOISY/RLQNV019-N33.wav,input/CLEAN/RLQNV019-N33.wav
input/NOISY/RLQNV019-N34.wav,input/CLEAN/RLQNV019-N34.wav
input/NOISY/RLQNV019-N35.wav,input/CLEAN/RLQNV019-N35.wav
input/NOISY/RLQNV019-N36.wav,input/CLEAN/RLQNV019-N36.wav
input/NOISY/RLQNV019-N37.wav,input/CLEAN/RLQNV019-N37.wav
input/NOISY/RLQNV019-N38.wav,input/CLEAN/RLQNV019-N38.wav
input/NOISY/RLQNV019-N39.wav,input/CLEAN/RLQNV019-N39.wav
input/NOISY/RLQNV019-N40.wav,input/CLEAN/RLQNV019-N40.wav
input/NOISY/RLQNV019-N41.wav,input/CLEAN/RLQNV019-N41.wav
input/NOISY/RLQNV019-N42.wav,input/CLEAN/RLQNV019-N42.wav
input/NOISY/RLQNV019-N43.wav,input/CLEAN/RLQNV019-N43.wav
input/NOISY/RLQNV019-N44.wav,input/CLEAN/RLQNV019-N44.wav
input/NOISY/RLQNV019-N45.wav,input/CLEAN/RLQNV019-N45.wav
input/NOISY/RLQNV019-N46.wav,input/CLEAN/RLQNV019-N46.wav
input/NOISY/RLQNV019-N47.wav,input/CLEAN/RLQNV019-N47.wav
input/NOISY/RLQNV020-N01.wav,input/CLEAN/RLQNV020-N01.wav
input/NOISY/RLQNV020-N02.wav,input/CLEAN/RLQNV020-N02.wav
input/NOISY/RLQNV020-N03.wav,input/CLEAN/RLQNV020-N03.wav
input/NOISY/RLQNV020-N04.wav,input/CLEAN/RLQNV020-N04.wav
input/NOISY/RLQNV020-N05.wav,input/CLEAN/RLQNV020-N05.wav
input/NOISY/RLQNV020-N06.wav,input/CLEAN/RLQNV020-N06.wav
input/NOISY/RLQNV020-N07.wav,input/CLEAN/RLQNV020-N07.wav
input/NOISY/RLQNV020-N08.wav,input/CLEAN/RLQNV020-N08.wav
input/NOISY/RLQNV020-N09.wav,input/CLEAN/RLQNV020-N09.wav
input/NOISY/RLQNV020-N10.wav,input/CLEAN/RLQNV020-N10.wav
input/NOISY/RLQNV020-N11.wav,input/CLEAN/RLQNV020-N11.wav
input/NOISY/RLQNV020-N12.wav,input/CLEAN/RLQNV020-N12.wav
input/NOISY/RLQNV020-N13.wav,input/CLEAN/RLQNV020-N13.wav
input/NOISY/RLQNV020-N14.wav,input/CLEAN/RLQNV020-N14.wav
input/NOISY/RLQNV020-N15.wav,input/CLEAN/RLQNV020-N15.wav
input/NOISY/RLQNV020-N16.wav,input/CLEAN/RLQNV020-N16.wav
input/NOISY/RLQNV020-N17.wav,input/CLEAN/RLQNV020-N17.wav
input/NOISY/RLQNV020-N18.wav,input/CLEAN/RLQNV020-N18.wav
input/NOISY/RLQNV020-N19.wav,input/CLEAN/RLQNV020-N19.wav
input/NOISY/RLQNV020-N20.wav,input/CLEAN/RLQNV020-N20.wav
input/NOISY/RLQNV020-N21.wav,input/CLEAN/RLQNV020-N21.wav
input/NOISY/RLQNV020-N22.wav,input/CLEAN/RLQNV020-N22.wav
input/NOISY/RLQNV020-N23.wav,input/CLEAN/RLQNV020-N23.wav
input/NOISY/RLQNV020-N24.wav,input/CLEAN/RLQNV020-N24.wav
input/NOISY/RLQNV020-N25.wav,input/CLEAN/RLQNV020-N25.wav
input/NOISY/RLQNV020-N26.wav,input/CLEAN/RLQNV020-N26.wav
input/NOISY/RLQNV020-N27.wav,input/CLEAN/RLQNV020-N27.wav
input/NOISY/RLQNV020-N28.wav,input/CLEAN/RLQNV020-N28.wav
input/NOISY/RLQNV020-N29.wav,input/CLEAN/RLQNV020-N29.wav
input/NOISY/RLQNV020-N30.wav,input/CLEAN/RLQNV020-N30.wav
input/NOISY/RLQNV020-N31.wav,input/CLEAN/RLQNV020-N31.wav
input/NOISY/RLQNV020-N32.wav,input/CLEAN/RLQNV020-N32.wav
input/NOISY/RLQNV020-N33.wav,input/CLEAN/RLQNV020-N33.wav
input/NOISY/RLQNV020-N34.wav,input/CLEAN/RLQNV020-N34.wav
input/NOISY/RLQNV020-N35.wav,input/CLEAN/RLQNV020-N35.wav
input/NOISY/RLQNV020-N36.wav,input/CLEAN/RLQNV020-N36.wav
input/NOISY/RLQNV020-N37.wav,input/CLEAN/RLQNV020-N37.wav
input/NOISY/RLQNV020-N38.wav,input/CLEAN/RLQNV020-N38.wav
input/NOISY/RLQNV020-N39.wav,input/CLEAN/RLQNV020-N39.wav
input/NOISY/RLQNV020-N40.wav,input/CLEAN/RLQNV020-N40.wav
input/NOISY/RLQNV020-N41.wav,input/CLEAN/RLQNV020-N41.wav
input/NOISY/RLQNV020-N42.wav,input/CLEAN/RLQNV020-N42.wav
input/NOISY/RLQNV020-N43.wav,input/CLEAN/RLQNV020-N43.wav
input/NOISY/RLQNV020-N44.wav,input/CLEAN/RLQNV020-N44.wav
input/NOISY/RLQNV020-N45.wav,input/CLEAN/RLQNV020-N45.wav
input/NOISY/RLQNV020-N46.wav,input/CLEAN/RLQNV020-N46.wav
input/NOISY/RLQNV020-N47.wav,input/CLEAN/RLQNV020-N47.wav
